interaction_id,customer_token,channel,topic,duration_minutes,resolution_status,satisfaction_score,agent_id_hash,interaction_date
f099778730beb6f8,023bed971c9205c8,chat,technical,12.6,resolved,8.3,cfa1407a0ddbe71e,2024-06-04
d40eb61f6fbaca41,1bcfd5947f39426e,email,upgrade,0.4,resolved,7.6,f390a7f3d461cad8,2024-06-03
cd051a8605a684dc,f0bdf50af02c3036,email,general,3.1,resolved,9.7,b4b0a9df62e6341e,2024-08-13
600577ec8b3c91fc,189d6ab44a602ce6,phone,cancellation,4.8,resolved,7.3,c423299841bcd116,2024-11-20
36f52d8c8130273e,2709c6d24922d50e,email,technical,2.4,resolved,4.0,ee08771c9d0f0715,2024-12-17
03d46ca25099cf08,f3ab14cdd1f7c406,app,technical,0.4,unresolved,2.4,3370822d9a67b2b4,2024-09-26
3bba033ff09f0fce,6c14a166a64d8b13,branch,upgrade,8.3,resolved,6.2,0823317874a6b052,2024-07-20
5473490eb490f340,bfb5e25d1defb1ce,phone,billing,22.7,escalated,2.2,1fa6b70d2a59204a,2024-08-26
a860d5781ebf6836,6a5e8d62a433a4a5,branch,complaint,5.7,resolved,4.8,cfa1407a0ddbe71e,2024-01-30
86384a3ea796eb8c,1a13581cb12c0831,branch,cancellation,0.2,unresolved,4.0,b42c3b95cba63112,2024-05-27
5887e6d08c2ec06f,cca7ef7141361fdf,email,cancellation,0.5,unresolved,5.5,7c89d0af87939122,2024-09-03
ff170fd7cdeaf95b,dc04c42ebfeda16c,chat,complaint,1.5,resolved,5.8,56de770f703fbd3c,2024-02-08
f4a5781b397e9fab,6c14a166a64d8b13,branch,upgrade,8.2,resolved,8.9,fb850b9cfc684926,2024-03-24
048c48a6f64b883a,e11c4b4d9ebc35d0,email,complaint,6.9,unresolved,3.8,b7dff30912eb0039,2024-06-13
6a3e0f03f501afbb,0d440c2adf3f05cc,email,general,4.0,resolved,7.8,1a74383a109cb319,2024-04-15
34f730bbd85b725e,ada3958d08916f0f,branch,cancellation,4.3,unresolved,3.0,0823317874a6b052,2024-10-09
78202ab6147d6866,e56433ed5346f95f,chat,complaint,3.8,resolved,2.0,dad25bdc2eb28efc,2024-05-09
9fba257c7b1b991d,09ab9c9076ff0dc4,branch,cancellation,2.8,unresolved,6.5,b42c3b95cba63112,2024-03-10
3308766617588140,2db647ad564ecb7a,app,general,8.5,resolved,8.2,d120a5423d6b9809,2024-09-22
eab383f103bff932,016ff9d51a4486dc,branch,technical,2.0,unresolved,5.0,5b7627488b739561,2024-02-07
d0525f562b67bccb,f3949495d1d258f1,phone,cancellation,6.8,resolved,4.8,c423299841bcd116,2024-08-04
945e91780e7163c5,7f66816c12c166d6,chat,billing,1.2,resolved,1.1,f058f69146fde5a4,2024-11-11
c5fe198a1b347c08,8d86e1749618f528,app,cancellation,13.7,resolved,9.6,4cc9a85ce7df38b6,2024-03-10
0dd03477195077cb,36d6a41bcef939ab,email,cancellation,5.5,resolved,6.3,56de770f703fbd3c,2024-09-12
14300356655ab85c,3ca015a11b3dab8b,phone,billing,4.9,resolved,8.7,3370822d9a67b2b4,2024-04-13
2320bfadf28fbc39,c8c37fc4912b4fd6,chat,upgrade,7.0,unresolved,6.6,d62a03403b96385d,2024-01-16
5be08dcfef554918,875c96b52ad634b5,email,cancellation,3.4,resolved,7.2,3c4fd57ee2769348,2024-10-20
f314f8ace8aa39d1,ca53275e55749087,branch,upgrade,5.4,resolved,3.3,5b7627488b739561,2024-05-19
c49b247cc315f33f,356a8c1e286f5d7a,app,cancellation,28.5,resolved,1.7,dfec25d33cc2bf76,2024-11-10
e570e21a2edf050a,9422e52706549680,branch,upgrade,8.5,resolved,5.6,fedc2b2956802007,2024-03-13
8d936edbbea0de39,4852c491722ca246,branch,cancellation,8.6,resolved,9.0,0823317874a6b052,2024-03-10
ee4281a714179b79,64080c50db039307,chat,technical,0.7,resolved,6.3,4cc9a85ce7df38b6,2024-04-07
776c4456d0332c52,876b001890d3aca4,phone,cancellation,7.7,resolved,5.6,774ec0b9da094a62,2024-06-21
6382b8b5aa9a649c,a6acf3ec3917ed9a,chat,technical,5.4,resolved,4.6,ee08771c9d0f0715,2024-08-27
3678b43cc373ff49,297073f7a7ee6b4f,email,complaint,4.2,resolved,6.5,5e638881d60146cc,2024-11-25
9929d865e3afba64,cfc633a0e42f4c7d,chat,upgrade,6.2,resolved,1.9,05793679970dfe83,2024-06-30
87269f3d9df4a04d,044bd9f45244b936,email,upgrade,0.3,unresolved,4.7,b42c3b95cba63112,2024-10-13
67049ce77d95b944,5a4f09026b5bd8b5,branch,technical,8.1,resolved,2.3,3c4fd57ee2769348,2024-08-01
c2fe8487a8eb35db,a54cf8e4bd9cd4d7,chat,billing,8.5,unresolved,6.8,1a74383a109cb319,2024-07-19
2f2dd5141fc20e32,1b60ba3aec06c5b3,email,billing,7.4,resolved,2.3,56de770f703fbd3c,2024-03-23
4c8b099ac626e3d5,a93aa7dace01d135,phone,general,0.9,unresolved,5.9,b42c3b95cba63112,2024-07-29
bf1d3f84ef66d150,d4178519491ed4e0,phone,billing,6.6,resolved,5.9,32bd638578fd7f8f,2024-07-10
7343c6f27be10a1b,7f66816c12c166d6,email,billing,2.9,unresolved,3.3,64b696c958ad6331,2024-02-07
b091ca31300d9ec7,6796a86bf89380a4,branch,complaint,0.8,resolved,2.9,64b696c958ad6331,2024-02-16
f60e9747fca07ed0,bc5b3d83c4f94cac,branch,upgrade,1.2,unresolved,7.8,cfa1407a0ddbe71e,2024-12-13
d94808387c4ade48,d96ba76dbed500bb,chat,general,3.3,resolved,6.8,2305400ca286a6be,2024-04-06
fb9192b9d863e3ff,e91b18a6870ac128,app,general,4.1,resolved,2.2,5e638881d60146cc,2024-09-13
91b5ad5ae77bf02f,dc04c42ebfeda16c,phone,cancellation,0.1,resolved,8.5,bac5f7879d67307f,2024-06-18
b9dcd901d64da0aa,216e516e33710669,phone,general,13.3,resolved,2.9,d62a03403b96385d,2024-06-01
e853dc75ea60eba7,886a3db278c0c1a3,phone,cancellation,4.7,resolved,5.9,06ca84ca3e4fe39c,2024-08-26
65a444b9fd6539dd,f87bb15bd53e109e,chat,general,1.6,resolved,6.7,609f4a1d006cc5d0,2024-04-02
f248393dc039d450,1a7e0a3bed5c2d81,email,cancellation,2.4,resolved,7.1,1c39c989cc2a171c,2024-03-14
9bcd2b94bfad46e5,6208e28482f81294,app,billing,5.1,resolved,8.5,dfec25d33cc2bf76,2024-10-07
10286b08fddd4a21,e56433ed5346f95f,chat,complaint,0.6,resolved,2.9,2305400ca286a6be,2024-10-18
b2dc4b488e0686b6,a20543486f3cdd47,branch,upgrade,2.2,resolved,6.5,1c39c989cc2a171c,2024-04-18
c5b35236d9835195,ce52540e7c6e8d1c,branch,complaint,1.3,resolved,8.7,0addca0233b2a77d,2024-05-20
6d34a007d44c0812,c2417da8ecc86cd2,phone,general,3.9,resolved,8.8,fedc2b2956802007,2024-04-17
11c6f30ab2cb41d2,ffeee34bbe241244,chat,technical,5.9,resolved,7.3,fedc2b2956802007,2024-11-09
b99666824fd93a2b,cf6a24668294f154,branch,general,2.5,resolved,3.8,64b696c958ad6331,2024-05-07
9b299b12be9395fa,04591516c0cb3ee1,chat,cancellation,2.4,resolved,5.6,b42c3b95cba63112,2024-03-26
958f0e16331fd79b,4d2ab5de3d01f17e,app,technical,1.0,resolved,4.6,3370822d9a67b2b4,2024-11-19
9777a94f46e2dc34,8f1e6776beeabb48,branch,upgrade,3.0,resolved,5.8,c5c4ea45c9fa7128,2024-04-02
a3295d799655f715,299b90f63d80b474,app,cancellation,11.9,resolved,4.9,5b7627488b739561,2024-03-12
891f058d2bf6806a,2858814fb98eb39b,branch,complaint,0.5,resolved,7.0,d62a03403b96385d,2024-04-28
143596376c0b7a36,97353626cda41f54,chat,technical,6.8,resolved,9.4,c5c4ea45c9fa7128,2024-07-11
a671239ee0d19db3,2709c6d24922d50e,chat,billing,1.5,resolved,8.7,b4b0a9df62e6341e,2024-03-30
21cc47b7918ac507,73a33dcdb368fef2,chat,complaint,30.4,resolved,7.1,ddf170a476086c6f,2024-02-23
617854df6440822b,0ef584decd975f31,app,cancellation,6.5,unresolved,6.9,2305400ca286a6be,2024-10-20
1e840c481619eb5e,11bccca6fdc498bb,chat,general,2.7,unresolved,3.9,fedc2b2956802007,2024-03-01
b53261b83aa631cc,9c7ccf173ddb81cf,email,general,14.1,resolved,8.6,05793679970dfe83,2024-04-02
21e205f140001062,379706e13cf85e7f,chat,billing,2.0,unresolved,2.5,8f76ee50d48b6eb3,2024-12-25
fce3ed24678335df,a186648bf6fd0472,app,billing,4.2,resolved,2.4,6454d581c167ce15,2024-03-20
c62e9ca6684dc39c,3cd287a648484145,phone,complaint,6.4,unresolved,7.7,f390a7f3d461cad8,2024-10-31
baab53d4f7a3ac9d,f130ec10be50dac5,chat,billing,7.4,resolved,4.7,fb850b9cfc684926,2024-03-15
f37daaacf8d884dc,7d3b0e86e95f0ad8,chat,complaint,0.2,resolved,4.0,c5c4ea45c9fa7128,2024-07-04
911bd5d4bebca40d,713ed89f0f6f4e04,chat,technical,5.7,unresolved,3.6,05793679970dfe83,2024-07-03
55957e347ff6a100,06f74147682dd6f5,branch,billing,2.6,resolved,1.9,f390a7f3d461cad8,2024-05-13
82f4aec54bd17e87,a6e44b308296a3d0,phone,complaint,3.7,unresolved,7.2,fedc2b2956802007,2024-08-18
97b6ed202bd8397f,54134e1b407907c1,branch,technical,5.0,resolved,2.2,f058f69146fde5a4,2024-10-23
049afeba55ad17fc,33027c5d86ee9f67,chat,general,5.6,unresolved,4.7,fedc2b2956802007,2024-10-03
44b3d73e3d785c91,3f4efb84eb535b03,email,upgrade,0.4,resolved,2.3,c5c4ea45c9fa7128,2024-05-04
949715ffe97ab96e,3ca7c76a3216d1e2,branch,upgrade,6.5,resolved,7.3,2cd0bba07e3f4cdf,2024-11-30
cfb6cca4d5040d91,87923f6cb4a43c53,phone,billing,0.5,resolved,9.4,c5c4ea45c9fa7128,2024-08-25
525ac8d233476d1c,58ed68e151539877,branch,upgrade,4.4,unresolved,4.3,5e638881d60146cc,2024-10-19
e5e99ecd77bd90d8,4a64fe624ae06538,phone,upgrade,16.2,resolved,9.1,1fa6b70d2a59204a,2024-10-08
4f91d5abf38e6c3c,c883193555c4b7ec,branch,upgrade,2.2,resolved,1.3,3370822d9a67b2b4,2024-06-26
9140d19eed8f7b6c,fcfa4a64ddbcd24d,chat,technical,5.8,unresolved,2.1,1fa6b70d2a59204a,2024-04-06
d98e9d0a08687238,2940524866b1c70b,app,complaint,8.7,unresolved,8.6,5b7627488b739561,2024-05-02
fe9711eed5751ac5,204388e1feff3a9b,phone,billing,11.6,unresolved,3.9,64b696c958ad6331,2024-04-05
4c2c0232dfdc8dfb,1a2082882718940b,phone,complaint,2.6,resolved,9.5,bac5f7879d67307f,2024-08-20
8f2aa2085d2cdef5,4762862489547fd2,phone,upgrade,5.9,resolved,4.0,f058f69146fde5a4,2024-03-23
0e0760f5fa340b0f,cfd3427cb3b54ffa,phone,upgrade,3.5,resolved,5.4,c5c4ea45c9fa7128,2024-09-13
35cbfbf8fb48899d,25ea9e9c9f1d2ee0,app,complaint,19.5,resolved,6.6,b6e6bbe380a4ecfa,2024-04-13
faff9a9e745fdb92,2f32543265ea675a,branch,complaint,15.5,resolved,8.8,d62a03403b96385d,2024-05-03
f58543c1337f80e1,a80add72462cd85f,chat,upgrade,0.4,unresolved,1.9,1c39c989cc2a171c,2024-06-11
38acca2e8f4b3bb2,de77ec1f76a7aec8,app,general,2.9,resolved,5.2,06ca84ca3e4fe39c,2024-09-09
b5601c61e5d82e60,25a2fefaa45a6219,app,billing,5.4,resolved,9.1,3370822d9a67b2b4,2024-02-28
062e674cfa9c9743,3efc9e32d7f15ec4,email,upgrade,2.4,unresolved,7.1,399b6a1f1b2a5ad4,2024-01-19
3e95f06b27bc2f08,52ad3664a4d05665,branch,upgrade,0.3,unresolved,3.6,ee08771c9d0f0715,2024-10-12
e12d25fa05765050,1383c0e777d7e42a,branch,general,3.3,unresolved,4.7,b42c3b95cba63112,2024-05-22
3c814dd34145a0b8,bdce091f2454ef15,app,billing,1.5,resolved,3.3,8f76ee50d48b6eb3,2024-12-10
c23feb6b404693c3,93e0c9c1ec54aeae,app,billing,0.8,unresolved,3.0,ddf170a476086c6f,2024-03-15
bb38595e13632a17,d79c204a6da3f355,app,billing,11.4,unresolved,6.5,b7dff30912eb0039,2024-09-18
49a6c16af1cadfed,e97b3e0b20a99c99,phone,technical,7.2,resolved,7.7,dfec25d33cc2bf76,2024-10-16
c00dc8ca82ffb99c,238a336ea811dc5f,branch,technical,3.9,escalated,4.5,5e638881d60146cc,2024-02-04
23e91c2edc57d651,744d8a1d6cb48194,branch,cancellation,1.2,unresolved,9.9,cac0551db5e3f05d,2024-05-04
a190daf0722b04d5,1df807fa2247cd59,app,general,12.7,resolved,6.6,b7dff30912eb0039,2024-02-13
8d6ca68e76f0661a,99e081371b7c90ab,chat,complaint,1.4,escalated,7.1,05793679970dfe83,2024-06-24
bd98d5bcd0a05004,1dd675c43554d179,chat,billing,4.0,resolved,2.9,c76eb8bd11bd6115,2024-01-19
03d493ce2fa8775f,4d2ab5de3d01f17e,phone,cancellation,2.8,unresolved,5.4,c7c7ef357b5ecde0,2024-06-28
af2fdac319204d0e,e5b1e41da4f5a0ef,phone,general,3.9,resolved,6.0,544a618267704438,2024-04-04
94c904d95f5f82e9,cd57fcebe948e59f,branch,billing,1.4,unresolved,2.5,bac5f7879d67307f,2024-09-15
7ed1761ea8845280,cc637b3172221795,phone,technical,2.4,resolved,2.8,774ec0b9da094a62,2024-06-25
d466314fbd595d77,d1bcbf944b97b4cc,branch,general,2.5,unresolved,9.3,1c39c989cc2a171c,2024-10-18
01aa9831ff79be6c,c13e306f211ed1f4,email,billing,3.8,resolved,2.2,0addca0233b2a77d,2024-09-16
c508170b1c9c93a3,1533a1259c2fc740,email,general,3.7,resolved,5.0,dad25bdc2eb28efc,2024-06-04
c45ff99e87ba2ead,6a7e697c2a185547,branch,complaint,1.0,resolved,7.0,1fa6b70d2a59204a,2024-02-12
b1cf4d577a6be949,33a9983d68605042,app,technical,1.5,resolved,4.2,f390a7f3d461cad8,2024-09-04
ed19c8ca6942eb78,85607fb2f086c1c1,app,general,2.4,resolved,2.1,ec398133ae662ffd,2024-02-06
bcfcfadeeb5e09d0,697dbb1da7fa8b85,chat,cancellation,0.6,resolved,9.9,af4f3115ae880ef1,2024-02-26
831286e90b44fe2b,c9b87801e32ab2ac,email,billing,3.8,escalated,5.2,609f4a1d006cc5d0,2024-12-14
439db74e19490ee8,2e6964ef01637f02,branch,billing,1.2,resolved,2.4,fedc2b2956802007,2024-08-07
4429e134fe7fc467,8f1e6776beeabb48,email,cancellation,1.4,unresolved,5.9,f390a7f3d461cad8,2024-06-24
4589a794c9b2b841,99e081371b7c90ab,chat,general,5.0,resolved,2.2,774ec0b9da094a62,2024-11-23
8f738560d15ef40a,289fad8aadc0b5a7,branch,cancellation,7.1,unresolved,8.5,06ca84ca3e4fe39c,2024-08-17
c371ca5441930d7a,123d24d4a082ef24,app,general,6.8,unresolved,1.8,64b696c958ad6331,2024-03-16
28b2527aab8f931a,333346881cc05374,app,technical,1.1,resolved,9.9,32bd638578fd7f8f,2024-07-06
d4a2adf1c0cedc41,5800cc8d6a5c3e91,app,general,10.4,resolved,5.8,8f76ee50d48b6eb3,2024-06-13
00f47c9d160f9626,294eec57b188ae20,branch,upgrade,0.1,unresolved,1.8,5e638881d60146cc,2024-06-21
bed7468b3b9dd0f6,7e4da7f164626253,branch,cancellation,0.5,resolved,9.2,1c39c989cc2a171c,2024-06-14
ad29ec86ce0723f7,783822a5b1d89d21,email,complaint,0.5,unresolved,7.1,3370822d9a67b2b4,2024-12-16
8c58a26ebd1c0280,f78adc53ffb3b0e6,phone,upgrade,2.6,resolved,4.8,3370822d9a67b2b4,2024-09-04
a010412ce19f0db6,48373bfa03a95bc5,chat,general,0.6,escalated,1.2,56de770f703fbd3c,2024-05-19
ff31d1665a4ed235,1c977db147f46222,chat,complaint,0.2,resolved,7.6,1c39c989cc2a171c,2024-11-07
3b8a9c08d1d65da9,35d53b5d84d3da8d,chat,upgrade,3.8,unresolved,8.7,d62a03403b96385d,2024-10-26
257830542676fd66,e89361e718e38b84,phone,billing,4.6,resolved,9.0,8f76ee50d48b6eb3,2024-09-26
41f06b1d71a7d438,ee2417daade824ea,chat,billing,4.3,unresolved,2.8,05793679970dfe83,2024-12-18
d4fbcfebcdafb7b4,e9eb878f95923e75,app,billing,2.8,resolved,5.9,cac0551db5e3f05d,2024-05-18
794bf8eeac46a19c,9f0102c1e761f255,branch,technical,0.5,resolved,5.2,8f76ee50d48b6eb3,2024-01-17
e3d697a652bde696,5bd4c9e5956de746,app,technical,2.0,resolved,1.7,1fa6b70d2a59204a,2024-04-05
2237ffc0326826f4,aefe81416a2fabaf,phone,general,6.5,escalated,9.5,0823317874a6b052,2024-01-08
d50ee70ebf206648,a54cf8e4bd9cd4d7,phone,general,3.9,escalated,6.2,1fa6b70d2a59204a,2024-11-30
53505f335888d67f,e6068bab5d5b8d95,chat,complaint,4.7,resolved,3.0,5e638881d60146cc,2024-06-26
3cfc1dcf805bfef3,0ef584decd975f31,email,technical,5.2,resolved,2.5,8168c84b4d453f19,2024-04-17
b4a0de489c31d74d,4d6951c1297e4c67,phone,technical,5.7,resolved,1.1,0addca0233b2a77d,2024-09-20
d90c99c4624c7d43,75d65b878316d8b6,chat,technical,5.9,resolved,6.7,1c39c989cc2a171c,2024-03-10
ea9eb419339fc547,1513d2d5ae9abd60,branch,upgrade,6.6,resolved,3.3,c423299841bcd116,2024-12-10
70d30994d7506637,e719af81c6c44bc2,branch,general,1.5,resolved,6.9,1a74383a109cb319,2024-01-07
e61942f65a328d64,ead1177c5fa66d4c,app,billing,0.6,resolved,7.7,5b7627488b739561,2024-10-11
e4a9648f441bdce4,7a95d43b030bcb1f,app,upgrade,2.7,resolved,5.7,0addca0233b2a77d,2024-04-15
1f9295f346681fd8,a80add72462cd85f,chat,cancellation,5.1,resolved,3.2,3370822d9a67b2b4,2024-08-23
2143a1fcf5ae8d00,9b07df76ca908edb,email,technical,3.0,unresolved,7.1,399b6a1f1b2a5ad4,2024-12-15
9ae13bf21d49ba3d,250219c2401f56a4,chat,technical,6.8,resolved,1.8,b6e6bbe380a4ecfa,2024-04-18
a18f13afc5cef620,c8bd83145603e477,email,billing,2.7,resolved,3.0,bac5f7879d67307f,2024-07-10
a79231f18f83f1fa,5ce4a8318d8f92e9,phone,upgrade,1.3,escalated,6.9,fb850b9cfc684926,2024-10-11
bfe149970bca7539,7650e7960a7a4e2a,email,cancellation,5.7,resolved,9.6,d120a5423d6b9809,2024-03-27
6f7c04efa5f8832b,5c03a23a3401daf8,chat,billing,1.4,unresolved,2.1,d62a03403b96385d,2024-01-02
79dd3172eb846ffc,cc57238a136e920c,branch,technical,1.0,resolved,9.0,b7dff30912eb0039,2024-03-07
26cf343e4f1ebf85,0bb1d61fa1b0f993,branch,technical,5.1,resolved,2.2,b7dff30912eb0039,2024-06-03
7fb3602c39dece0e,21d14a120ca4e518,phone,billing,4.4,resolved,1.7,ee08771c9d0f0715,2024-01-02
d18737ae7a29a7ad,51567c4b4d22a582,chat,complaint,1.4,resolved,7.3,05793679970dfe83,2024-10-21
c1eeea44ad6a4f1d,51567c4b4d22a582,app,upgrade,2.2,resolved,8.6,3c4fd57ee2769348,2024-07-02
f475375e44ef722c,744590daea52110c,branch,cancellation,11.4,resolved,9.8,64b696c958ad6331,2024-12-03
bb80375c53ed8308,ac0d58c6f453e585,branch,billing,1.2,unresolved,3.0,dad25bdc2eb28efc,2024-03-15
db2b8878ea28bd50,0312fa2a05021b8f,app,cancellation,1.8,unresolved,2.0,56de770f703fbd3c,2024-05-29
806e981a3e94eb10,48729bba3c509acb,chat,technical,0.7,unresolved,8.9,1a74383a109cb319,2024-01-20
7950544e1435adb3,aa3b32f4bbac4e77,phone,general,0.3,unresolved,2.5,0addca0233b2a77d,2024-07-11
cf8b5332fea502b9,285ea4ca8c35e49e,chat,billing,7.0,resolved,7.1,dad25bdc2eb28efc,2024-06-22
d4778218a76729f9,9009b7941abcc0b2,app,upgrade,5.1,resolved,1.2,2cd0bba07e3f4cdf,2024-07-01
952b68a93e4eec13,06a4d89404253d9e,phone,billing,9.1,resolved,4.2,b7dff30912eb0039,2024-04-18
062cc88b9e6739f3,174082e445371ba1,app,upgrade,0.0,unresolved,3.0,5b7627488b739561,2024-02-29
079c20a3cf257262,20f1826aa7875d0d,chat,complaint,3.3,resolved,5.4,1c39c989cc2a171c,2024-01-04
408c9a36bd6275ca,5a412311b1b38c82,chat,cancellation,4.8,resolved,5.4,1c39c989cc2a171c,2024-01-08
8cd53b7438607ad3,2160957767334b7b,app,upgrade,2.4,resolved,8.0,32bd638578fd7f8f,2024-06-15
ac8625ad93c1d3a0,7edd7493d09fd63a,branch,general,1.4,resolved,4.5,8168c84b4d453f19,2024-05-12
52de170ca6cc873a,9d25b2247e76feda,app,billing,1.3,resolved,3.5,05793679970dfe83,2024-04-28
2b9d14b5803e357a,788179f07895627a,branch,cancellation,7.5,resolved,3.8,c5c4ea45c9fa7128,2024-05-07
bdfdab49facc1f7b,25ea9e9c9f1d2ee0,email,billing,0.5,resolved,6.0,ec398133ae662ffd,2024-10-14
ebb49a49e01adbd4,d215733731d66368,chat,complaint,2.3,unresolved,2.8,af4f3115ae880ef1,2024-02-22
60952b858fd2c627,63b8194152c1fb98,app,cancellation,10.9,unresolved,5.8,cfa1407a0ddbe71e,2024-01-07
44c97288a84fdf6a,031a84fdde5154dc,app,general,4.9,unresolved,8.7,399b6a1f1b2a5ad4,2024-07-06
2d5bfc202cda853f,76de6665e38fef60,chat,complaint,0.0,unresolved,8.0,f058f69146fde5a4,2024-02-05
481594f18434aa63,60ec1ac35556f58d,phone,billing,8.7,resolved,4.6,06ca84ca3e4fe39c,2024-12-24
8c75b4911077db1c,24876d5b2e6b42f2,phone,cancellation,2.2,unresolved,3.4,fb850b9cfc684926,2024-01-17
345467cbe7fb3800,5d596698634b376f,chat,billing,3.6,resolved,6.5,bac5f7879d67307f,2024-01-21
7c0fb2ea6def9a4a,4ef34e24367ad7d4,app,complaint,4.0,resolved,8.1,8f76ee50d48b6eb3,2024-07-04
8e6f84818026b7ba,aa1ec59bd2903131,email,billing,0.7,unresolved,4.7,56de770f703fbd3c,2024-12-21
17ec47d38becd59a,250219c2401f56a4,branch,complaint,0.4,resolved,4.5,3370822d9a67b2b4,2024-12-30
c53e8b27d8db509b,2940524866b1c70b,branch,technical,0.8,unresolved,4.9,32bd638578fd7f8f,2024-08-07
ee2765ce84da80cb,165af6b8bc77c4ce,email,upgrade,0.6,unresolved,6.9,adeaddf287e0ac93,2024-04-27
2daad25db907cc31,f87bb15bd53e109e,email,billing,18.6,resolved,3.5,ec398133ae662ffd,2024-10-08
fa55a9712740e84e,371ff7cf2e7b362f,branch,complaint,5.7,resolved,9.0,dad25bdc2eb28efc,2024-11-02
64211052fb4ae6f9,8183e42e6ef09235,email,upgrade,0.5,resolved,3.0,1fa6b70d2a59204a,2024-08-02
7b3e2679ed166f5a,1afdd1a2c9be1455,app,cancellation,14.4,resolved,7.1,d62a03403b96385d,2024-12-22
b7a6c833e02c1719,c4f7fe339ce44579,email,billing,4.7,resolved,2.4,cac0551db5e3f05d,2024-03-19
9cfc9dc6455bef0b,cb70054de19693ac,app,upgrade,12.4,resolved,7.5,2cd0bba07e3f4cdf,2024-02-03
c5a6e2a853b9d68a,310b642934f57b26,phone,upgrade,14.3,resolved,9.0,f058f69146fde5a4,2024-04-09
0fbc22f93848232b,ef33a9a3135f3db9,email,general,7.0,resolved,6.6,5b7627488b739561,2024-09-18
ebab8804691a873c,601c7b8334f16768,phone,billing,7.4,resolved,8.6,fedc2b2956802007,2024-05-25
45d693b01e2455c9,3f8912e52a75358c,email,complaint,5.0,resolved,7.2,0addca0233b2a77d,2024-05-14
6f862fee16e57f8c,eeccf8e98cb3268d,phone,technical,1.6,unresolved,9.7,b7dff30912eb0039,2024-07-29
ac6b48b739652ced,e63445ba373e1c9e,phone,upgrade,7.3,resolved,8.1,32bd638578fd7f8f,2024-03-02
6ed17c2dfadd86c0,f130ec10be50dac5,chat,general,7.4,resolved,2.3,ee08771c9d0f0715,2024-10-12
af49d8c2abc98538,76de6665e38fef60,branch,upgrade,3.6,resolved,8.2,8f76ee50d48b6eb3,2024-10-24
70c0b66591b8555d,1095343f2be478c8,branch,cancellation,2.8,resolved,7.4,dad25bdc2eb28efc,2024-05-28
5838575677771498,2c955c05a25028f6,app,upgrade,1.3,resolved,8.4,8f76ee50d48b6eb3,2024-09-28
1e812e165b1f5ed8,8ed82341e506bba1,email,complaint,6.4,escalated,9.0,b4b0a9df62e6341e,2024-09-24
7ae5710add3096e4,430d5e560fc5effe,branch,general,0.7,unresolved,9.1,64b696c958ad6331,2024-08-15
039fea7f475faa94,ad007edf2917d996,branch,technical,1.2,resolved,8.5,2305400ca286a6be,2024-08-15
417e8b203faed1d5,06a4d89404253d9e,branch,upgrade,6.4,resolved,4.5,64b696c958ad6331,2024-02-26
6803136de1b6fb69,f431ecb7711615b0,branch,billing,2.1,unresolved,6.5,b6e6bbe380a4ecfa,2024-06-06
b805ec3bc6174e24,f7af4dc3737fd9e4,branch,general,2.5,resolved,9.8,32bd638578fd7f8f,2024-12-10
f02e8dc2c5f2d823,2ef53364280f236e,chat,general,0.1,resolved,10.0,f390a7f3d461cad8,2024-12-29
17295f59ade2f769,5f315e5c16f4d768,branch,technical,6.8,resolved,6.8,8168c84b4d453f19,2024-03-14
0033cc2af5d2ef07,d6b0aeb2a47ebd4f,email,complaint,12.7,resolved,2.2,3370822d9a67b2b4,2024-02-07
d167df582a530047,38918cd5b3bd7fba,phone,cancellation,0.9,unresolved,5.7,0addca0233b2a77d,2024-05-10
74aedb75002cd25d,81124da40b852087,email,general,7.5,unresolved,3.3,c5c4ea45c9fa7128,2024-04-21
e74ba6d7fd51c1a2,28c2b9d5a3056adf,chat,cancellation,0.3,resolved,7.5,3370822d9a67b2b4,2024-11-05
65bb1d4658279d9e,a5f460d647889564,app,technical,19.1,resolved,1.5,2305400ca286a6be,2024-12-20
05291c9906b37e04,d63e94a07a59a8cf,phone,cancellation,4.5,unresolved,6.6,8f76ee50d48b6eb3,2024-03-11
67650142b24552fd,455d12da511ab656,app,technical,1.7,resolved,5.7,5e638881d60146cc,2024-03-10
aa095850bf0fae09,a93aa7dace01d135,phone,upgrade,0.1,resolved,7.5,ee08771c9d0f0715,2024-05-20
40e7e4497be7fef5,26a276ce458d11ed,branch,upgrade,1.7,resolved,10.0,fedc2b2956802007,2024-09-09
464648bc90000eeb,aa3b32f4bbac4e77,phone,technical,7.6,resolved,2.6,1a74383a109cb319,2024-05-24
8ad103c15bab69fa,25ea9e9c9f1d2ee0,branch,general,3.1,escalated,9.8,f058f69146fde5a4,2024-12-19
2297d6f6a7d1e56a,890b4fd5337e8ae0,phone,general,0.6,resolved,4.3,cfa1407a0ddbe71e,2024-06-09
35efa6781f6824e5,c13e306f211ed1f4,app,upgrade,0.1,resolved,2.4,fb850b9cfc684926,2024-03-02
18e7dd5e0d9fe137,c8bd83145603e477,chat,billing,4.1,resolved,9.2,7c89d0af87939122,2024-08-15
4fec32f0443bd245,d28853d261e28c50,phone,general,11.5,resolved,9.9,5e638881d60146cc,2024-03-28
be9e1854ca5d50a0,b1f6aff0c1a0b989,phone,complaint,8.5,resolved,5.4,fb850b9cfc684926,2024-09-24
09f73a7b36734768,a6acf3ec3917ed9a,branch,general,1.0,unresolved,9.7,ec398133ae662ffd,2024-02-16
16b51a79ddc1499e,37e788b6d70dee97,branch,technical,2.7,resolved,4.6,8f76ee50d48b6eb3,2024-07-16
ab70afaf087ac26c,342bc2899163338d,email,general,0.1,unresolved,4.4,c76eb8bd11bd6115,2024-01-03
8e42cb175e4bff29,05773f537a4c7ed1,branch,technical,3.6,resolved,9.9,b42c3b95cba63112,2024-11-19
bb96c1f02ccdc6f2,7bae829bc27e6ff4,branch,cancellation,4.6,resolved,8.2,64b696c958ad6331,2024-08-28
705fcaac3d808cc3,33a9983d68605042,phone,billing,8.4,resolved,7.4,1a74383a109cb319,2024-06-28
214a2f8b1906c169,76d068488532d560,email,technical,17.8,resolved,9.5,b4b0a9df62e6341e,2024-12-21
5cce1cc5e840bb12,d08a5d4a9330860a,branch,general,0.3,unresolved,3.6,c5c4ea45c9fa7128,2024-09-02
302e60ea8109bf91,ff5d652884662995,app,technical,11.4,resolved,6.9,cac0551db5e3f05d,2024-05-22
8ba24da789e1a04b,2c3888e2386d6cb4,app,upgrade,4.7,resolved,3.2,bac5f7879d67307f,2024-04-17
e0b3e81c29d69a7c,06f74147682dd6f5,branch,complaint,4.7,resolved,9.8,0addca0233b2a77d,2024-01-01
e98da3dedcac64fa,af7c0a451d8bd57f,app,upgrade,2.5,resolved,4.9,cfa1407a0ddbe71e,2024-01-04
c5b1d1451f527215,233d3520fc2f3a34,chat,billing,6.1,resolved,5.0,544a618267704438,2024-11-28
8fd54144cd5af3be,74aea4f110f27179,email,billing,2.4,unresolved,4.5,dfec25d33cc2bf76,2024-06-25
acd7dde71ecb89fb,8d86e1749618f528,chat,complaint,2.7,resolved,5.4,dfec25d33cc2bf76,2024-10-12
00d928c5efecd00b,ffeee34bbe241244,email,billing,2.9,resolved,3.6,ee08771c9d0f0715,2024-05-04
797b4ccf40749161,4b5612a18aca755d,app,complaint,9.1,resolved,6.8,bac5f7879d67307f,2024-05-05
1b1693d78db387d3,d63e94a07a59a8cf,email,cancellation,0.8,resolved,2.9,56de770f703fbd3c,2024-01-31
6ad63453fe169a34,2c3888e2386d6cb4,branch,billing,3.4,resolved,5.6,dfec25d33cc2bf76,2024-05-24
37f9a7e8b9fc6b19,097fd8b6f9a08ae3,chat,complaint,5.9,escalated,1.1,609f4a1d006cc5d0,2024-02-25
87a69b86012c315e,92d22d40618e5f53,email,complaint,5.0,unresolved,4.2,af4f3115ae880ef1,2024-07-25
4d23f04e86fb162f,32dd4f34e06d50d9,email,billing,5.6,resolved,5.6,c7c7ef357b5ecde0,2024-12-03
c376d5be038f14f3,238a336ea811dc5f,app,billing,3.3,unresolved,9.9,1a74383a109cb319,2024-10-11
54ea00b741499105,61fd0f5864ecb010,phone,billing,4.6,resolved,6.6,c7c7ef357b5ecde0,2024-05-22
a5bd2be7c5c0bef0,35d53b5d84d3da8d,app,complaint,0.7,unresolved,6.0,cac0551db5e3f05d,2024-10-20
4e295f33f605bdfd,2449bfe37a9e012a,app,complaint,1.6,resolved,6.5,c423299841bcd116,2024-04-22
49547891ab0f385c,fa7732efe4772143,branch,cancellation,11.7,resolved,6.7,d120a5423d6b9809,2024-11-20
efc0e3e9a22bbc70,61b8edd0c82a20ae,phone,complaint,2.8,resolved,3.1,bac5f7879d67307f,2024-03-20
1819c54603394569,93bf1e687d737a40,chat,general,9.4,resolved,7.4,32bd638578fd7f8f,2024-05-02
e56ea62e930b32b3,a2fd300705d48a59,chat,upgrade,1.9,unresolved,9.8,af4f3115ae880ef1,2024-12-20
76bde39d805cdfa5,42c4eabba3c0309b,email,complaint,0.7,resolved,1.3,ee08771c9d0f0715,2024-10-05
ac3b387dcd30b09b,87a48f2a1473fa26,app,upgrade,0.8,resolved,4.6,8168c84b4d453f19,2024-08-13
627578a457213ccc,6a168ae298a97d31,branch,upgrade,14.3,unresolved,5.2,399b6a1f1b2a5ad4,2024-08-29
d5431c906447c46d,2a2d3abde32ffed3,chat,billing,3.6,resolved,9.6,609f4a1d006cc5d0,2024-11-04
161a19bf9fe77289,6a168ae298a97d31,chat,billing,12.4,resolved,4.8,adeaddf287e0ac93,2024-11-12
cfb1ac1d55a6fb6f,40795a3e29c51480,branch,complaint,4.1,escalated,4.2,c5c4ea45c9fa7128,2024-09-13
5a06ba1c1a2135bf,aa33b16ff8a055f4,app,technical,2.6,unresolved,6.8,d62a03403b96385d,2024-02-03
daf55f6c9d636d43,d9ce79fc0372e327,branch,cancellation,0.0,resolved,1.7,bac5f7879d67307f,2024-06-01
9595ab483256fceb,2f99b0d07788b0a1,phone,cancellation,1.1,resolved,1.0,5e638881d60146cc,2024-04-14
13e650c38cd453c1,25ea9e9c9f1d2ee0,email,billing,0.1,resolved,5.8,0823317874a6b052,2024-12-09
da17790951fa75d8,f3949495d1d258f1,email,general,3.9,unresolved,6.0,32bd638578fd7f8f,2024-06-18
47fefb759c100497,356a8c1e286f5d7a,branch,billing,1.6,escalated,1.6,82fe407f64b38d82,2024-08-14
11b5f8e6f7625f8d,8e51ba45c280251a,app,cancellation,1.2,escalated,8.2,c76eb8bd11bd6115,2024-01-15
88fd4876f37a0ba1,cfd4f236ea9babb7,app,general,18.6,resolved,4.2,3370822d9a67b2b4,2024-10-19
08c794ee570cba5b,97e43872adefea91,phone,general,2.4,resolved,7.0,1a74383a109cb319,2024-11-26
169f9bb54f85779b,f5c1f4185201b43e,email,technical,1.5,unresolved,7.8,dad25bdc2eb28efc,2024-04-07
cacf50c7d6b4420f,262d379b1a935bf1,branch,billing,1.5,unresolved,4.0,dad25bdc2eb28efc,2024-01-11
cadfba610f36141f,3fc342302a9bcaff,phone,billing,4.8,resolved,6.2,f390a7f3d461cad8,2024-10-13
f7a92ce2b2fd66b7,f9d1e3c71170b16f,app,billing,6.1,resolved,3.6,544a618267704438,2024-04-05
8d145aeb147bb264,d6b0aeb2a47ebd4f,email,cancellation,3.4,resolved,3.1,c423299841bcd116,2024-04-03
3f79b899e86e3327,4762862489547fd2,app,cancellation,5.0,resolved,2.4,b6e6bbe380a4ecfa,2024-10-25
3fe9db97e70399f7,165af6b8bc77c4ce,chat,complaint,7.2,resolved,7.6,5b7627488b739561,2024-09-13
8e559e14959a5e15,af7c0a451d8bd57f,phone,billing,2.9,resolved,6.0,5e638881d60146cc,2024-03-10
f9ca1948544fc074,cfd4f236ea9babb7,phone,billing,6.1,resolved,6.4,ee08771c9d0f0715,2024-04-13
8e1882f3b95c0a14,1ef74de24738db7d,email,upgrade,0.1,unresolved,3.6,b4b0a9df62e6341e,2024-05-12
6aa6c65ee2e37a1a,67206c8525e04df6,chat,technical,1.6,resolved,9.8,32bd638578fd7f8f,2024-06-22
9da68ce029234d28,789cca4466567bf5,email,complaint,3.7,resolved,9.2,f390a7f3d461cad8,2024-08-15
a99a4643583c06e4,5d57564f1c1f0033,app,technical,4.7,resolved,6.8,b6e6bbe380a4ecfa,2024-01-04
b8421d534bf3cd43,0754188ebb01a7e4,email,cancellation,0.2,escalated,4.5,b42c3b95cba63112,2024-07-10
8cdd442ca9a457ac,031a84fdde5154dc,app,complaint,0.6,unresolved,9.6,1c39c989cc2a171c,2024-06-11
b7a62bc6b91e5b1a,23edc044f01da22f,app,cancellation,14.7,unresolved,4.7,c7c7ef357b5ecde0,2024-08-26
ebe49f12a2ee5fc7,2f018d859cd898b5,phone,upgrade,0.3,resolved,5.4,06ca84ca3e4fe39c,2024-09-14
594171063f5a70c2,26a276ce458d11ed,chat,upgrade,1.1,resolved,8.4,fedc2b2956802007,2024-06-25
78c09645c93c294c,6bf2a2cffbf5c19d,chat,upgrade,12.5,escalated,5.2,544a618267704438,2024-10-04
668976a06b7a9e4b,031a84fdde5154dc,phone,billing,3.8,resolved,5.5,dad25bdc2eb28efc,2024-01-09
7682eb3e778ea00a,2084cdf8c9db19c7,chat,complaint,0.5,unresolved,3.6,3c4fd57ee2769348,2024-01-12
a2f48240dbc893b9,407b37d85e83dd32,chat,cancellation,8.2,escalated,5.1,f058f69146fde5a4,2024-06-14
3b54e032eed9e3e3,788e7f53c9a7b524,branch,technical,18.7,escalated,1.2,7c89d0af87939122,2024-01-16
1000b3ec940a8ed4,cca7ef7141361fdf,chat,upgrade,7.1,resolved,6.7,c5c4ea45c9fa7128,2024-01-22
2fbe0b4b37bc98e7,1b60ba3aec06c5b3,email,general,1.3,unresolved,3.3,05793679970dfe83,2024-02-19
1c7f293f7bca81d2,87665a30c225f102,email,general,3.1,unresolved,7.0,544a618267704438,2024-08-01
c7af01aa411803d7,533bbbafa1feecc9,phone,complaint,11.2,resolved,5.5,6454d581c167ce15,2024-10-01
980f018788088c41,de4ae09d9f2d9531,email,complaint,12.7,resolved,2.2,ec398133ae662ffd,2024-02-05
e0194003c922b990,cfd3427cb3b54ffa,email,upgrade,1.9,resolved,1.9,8168c84b4d453f19,2024-12-07
86b6663ddbb84493,4fe67b56bf4bf3dd,chat,technical,10.4,resolved,8.2,ee08771c9d0f0715,2024-06-29
b33625ee0e99da91,c57e3d97aeb40ec3,email,billing,0.4,unresolved,4.9,b7dff30912eb0039,2024-09-18
09b821378d5611d3,2abe76f47173a52a,branch,complaint,1.9,unresolved,3.7,5b7627488b739561,2024-12-24
3e9afd355818b62e,016ff9d51a4486dc,phone,upgrade,1.0,resolved,8.5,dfec25d33cc2bf76,2024-02-08
e89ca12281c1b1b5,601c7b8334f16768,branch,upgrade,2.0,resolved,7.2,56de770f703fbd3c,2024-11-26
bef2635a7852c5ef,3571056f372526fb,phone,complaint,13.2,resolved,6.1,1a74383a109cb319,2024-07-28
136aafd7b68bf141,a978c82c01f66ff4,phone,general,1.8,resolved,1.2,bac5f7879d67307f,2024-11-18
9b7d8f7355601447,513c2e73b6e607e2,branch,upgrade,0.3,resolved,6.6,f390a7f3d461cad8,2024-03-06
6f19e7fdebec203c,80bcb8bfbd90af5c,chat,complaint,9.4,unresolved,8.8,1c39c989cc2a171c,2024-02-06
69cd74d920ca9d7c,a2f1ae70dbe7c06c,phone,technical,6.6,resolved,5.5,7c89d0af87939122,2024-03-12
1f9041add5c0e2f0,ada3958d08916f0f,phone,complaint,6.1,resolved,8.1,c7c7ef357b5ecde0,2024-08-09
f9a38d3340a45c0f,74f2f68548b3b883,chat,general,1.7,resolved,4.1,b6e6bbe380a4ecfa,2024-11-07
28dc62d637e3c6a8,0bb1d61fa1b0f993,branch,billing,1.2,resolved,3.4,56de770f703fbd3c,2024-12-08
fcafd982d145c181,7b34c685f3fbc9e0,app,upgrade,3.7,resolved,3.9,dfec25d33cc2bf76,2024-03-12
86ad7538fc5dc993,1e0df9c532a06351,branch,general,1.7,resolved,9.4,544a618267704438,2024-02-29
8acdf865660a72f5,1b60ba3aec06c5b3,app,billing,5.8,resolved,3.5,dad25bdc2eb28efc,2024-05-23
68cfd251e7253cd1,132dcfea7bd1abd3,app,billing,2.6,resolved,7.0,adeaddf287e0ac93,2024-09-10
2a253c29e1c7dbf5,1c0b4f39057c26ff,email,complaint,13.9,unresolved,1.5,7c89d0af87939122,2024-06-30
5530f4ddff5337c5,407b37d85e83dd32,app,technical,1.1,escalated,7.4,cac0551db5e3f05d,2024-03-16
02b7faafb66aec75,bd246b4341e55fef,branch,complaint,1.0,resolved,3.9,399b6a1f1b2a5ad4,2024-05-24
5379d40f374b7948,64bab06fd0cb6187,chat,complaint,0.6,resolved,5.2,f390a7f3d461cad8,2024-08-16
6aab2641b5fae785,759c7bc81a6567b8,email,technical,9.2,escalated,2.3,c76eb8bd11bd6115,2024-02-13
097e906fa82ecad8,e66d521b716e3bfc,phone,technical,4.0,resolved,5.7,32bd638578fd7f8f,2024-01-04
1e9e84f62571b168,cb48b465991a6367,email,billing,5.6,resolved,8.7,ee08771c9d0f0715,2024-05-04
7b1bbc300ea48eb6,f7af4dc3737fd9e4,app,general,4.4,resolved,2.6,c5c4ea45c9fa7128,2024-04-02
54187c06a55c41cb,865382db3c8da506,branch,cancellation,5.1,resolved,5.4,fb850b9cfc684926,2024-01-11
5ffc111c54d0d105,ec7811d610b2961d,email,cancellation,2.4,resolved,4.2,adeaddf287e0ac93,2024-09-05
e2132653fc8f4b9d,333346881cc05374,email,technical,15.7,resolved,6.1,fedc2b2956802007,2024-10-26
278a03b2032bda41,a978c82c01f66ff4,email,upgrade,2.2,resolved,8.9,c7c7ef357b5ecde0,2024-12-05
073ba8897fbc2035,8de66ee28c31b238,phone,cancellation,1.9,unresolved,1.4,f390a7f3d461cad8,2024-06-03
4b8b132f761a0c6c,cd99fa63c6194cc0,branch,complaint,6.8,resolved,2.3,1fa6b70d2a59204a,2024-12-01
0190ba03d8a4b5ff,789cca4466567bf5,app,complaint,2.4,resolved,1.7,8f76ee50d48b6eb3,2024-02-25
d6c6af7c720f07f7,788e7f53c9a7b524,app,upgrade,10.3,unresolved,4.9,6454d581c167ce15,2024-10-10
215d80118a7f9930,9ea3c99ef5cf605a,phone,billing,2.7,resolved,2.4,dfec25d33cc2bf76,2024-04-07
5a9ba8ea2b4dff24,7d5e2b48e263f4d1,email,cancellation,2.8,resolved,8.7,f390a7f3d461cad8,2024-04-05
2f9e772bcec4db85,7d5e2b48e263f4d1,branch,technical,2.3,unresolved,2.4,2305400ca286a6be,2024-05-23
e909ff173f5d0bbb,3f4efb84eb535b03,email,billing,3.0,escalated,3.8,64b696c958ad6331,2024-09-19
105be542395a0109,600d2ea3ba44254f,phone,cancellation,7.9,resolved,6.6,dad25bdc2eb28efc,2024-08-26
2d7390fd9b9b1c82,7f6ec6efeb9e17fd,email,general,11.3,resolved,3.8,f390a7f3d461cad8,2024-09-13
b4f304bdaecddde8,13ddef20378fc798,branch,general,1.8,resolved,2.5,8168c84b4d453f19,2024-04-08
00ce0e41429c62ac,4f6a604412055600,branch,general,1.2,resolved,1.1,c5c4ea45c9fa7128,2024-06-13
10ded14be5fc9c30,e56433ed5346f95f,chat,technical,1.4,unresolved,2.0,cfa1407a0ddbe71e,2024-03-09
08650bf425b944a7,101d05b7bf232350,phone,cancellation,7.0,resolved,2.9,3c4fd57ee2769348,2024-06-16
78f1a3d123e61e13,e2e2d702793e5410,app,cancellation,1.1,unresolved,1.6,399b6a1f1b2a5ad4,2024-06-04
7ebecd0e13d36360,79f31847f0a1fb1e,branch,billing,4.7,resolved,4.0,c423299841bcd116,2024-05-17
6e796c1eb191755d,233d3520fc2f3a34,phone,general,1.2,escalated,9.8,1c39c989cc2a171c,2024-10-18
9e1b6b835984d6ab,651c548260d1130f,branch,general,0.2,unresolved,7.3,f058f69146fde5a4,2024-01-27
3fd104c9e981c96e,449468eb0d2d9425,branch,technical,0.5,resolved,7.1,544a618267704438,2024-07-30
c26b0c6f6ed22097,c4f7fe339ce44579,branch,general,1.0,resolved,8.6,5e638881d60146cc,2024-09-29
a108934226006388,409ac406fa85dadc,branch,technical,14.7,unresolved,7.4,ee08771c9d0f0715,2024-09-14
f7da762544d2de72,05994ecc6b269fd8,chat,billing,19.0,unresolved,5.7,dad25bdc2eb28efc,2024-05-20
ee334ca18b0db88f,52ad3664a4d05665,branch,technical,5.6,resolved,7.6,cfa1407a0ddbe71e,2024-09-09
a9b5ec25de0639df,7be3f805babdce8a,email,billing,2.0,unresolved,4.6,64b696c958ad6331,2024-04-25
ddca01443b5d5790,601c7b8334f16768,chat,technical,4.7,resolved,7.3,06ca84ca3e4fe39c,2024-02-04
53d17e1eaec9f67c,cfc633a0e42f4c7d,app,general,0.0,escalated,8.3,3c4fd57ee2769348,2024-02-13
a78b3e1a0c0ff94d,cc721155c46c346a,branch,general,0.1,resolved,7.2,32bd638578fd7f8f,2024-09-06
5fc04e4072878388,781a084a4e5ce34e,phone,upgrade,4.5,resolved,5.7,5b7627488b739561,2024-10-14
2bad251e1bada747,52978548f0059668,branch,upgrade,0.7,resolved,5.1,544a618267704438,2024-05-24
3e2d45f535fbfbfc,6679b69f9256d07b,email,cancellation,0.6,unresolved,4.2,cfa1407a0ddbe71e,2024-04-19
a23ca4e95443559c,9030765f9f6a676b,branch,cancellation,26.1,unresolved,5.8,cfa1407a0ddbe71e,2024-09-29
cf41c909cb1cc9af,47e9e5a660861f66,chat,technical,13.0,unresolved,2.0,05793679970dfe83,2024-02-18
193d806b0aa02d0f,9a3d64fb99829a96,chat,complaint,5.8,resolved,3.5,774ec0b9da094a62,2024-06-11
4fb59b35dc0eb91a,73c62aac5c083e57,chat,cancellation,0.9,resolved,8.2,fedc2b2956802007,2024-12-23
2d1814f1e1c1ad8a,30888b723f760fac,email,general,13.2,resolved,2.0,2305400ca286a6be,2024-08-08
985c6ea71f99eb65,118f541bfed3be3e,email,technical,3.4,resolved,7.6,5e638881d60146cc,2024-08-09
da3a3be0f89399e7,c883193555c4b7ec,email,cancellation,7.9,resolved,2.6,1fa6b70d2a59204a,2024-05-01
4b18251eb46a98d2,a76efe22f6e53977,chat,upgrade,1.9,resolved,6.3,2cd0bba07e3f4cdf,2024-04-04
1aa65accb039936c,8fb1e2b799a1e70e,app,technical,2.6,resolved,5.0,c423299841bcd116,2024-01-18
f450aad124db772a,ef3d71a9c72b587c,email,billing,0.4,unresolved,6.5,b4b0a9df62e6341e,2024-12-13
03a29ae86be3fcbb,e4f1f16961d97f33,chat,technical,0.8,unresolved,9.9,fedc2b2956802007,2024-06-28
10604153753076f3,4b486e2e8f378290,email,technical,2.1,resolved,9.2,56de770f703fbd3c,2024-08-30
03fe33bbe4637a11,f4aebc96462e6b0f,email,technical,0.9,resolved,4.0,609f4a1d006cc5d0,2024-02-14
2e1d58777cec2ccd,76aa547f97a0017c,chat,technical,4.9,resolved,1.2,cfa1407a0ddbe71e,2024-01-15
7a3676006ced74b9,a6bd5c48718d9b02,branch,billing,6.5,unresolved,1.8,56de770f703fbd3c,2024-07-08
304fe1a7cb25774a,00aa6841d365e160,chat,upgrade,0.8,unresolved,9.6,774ec0b9da094a62,2024-09-23
695df94c57e1fc13,0cf489584e43aaa5,phone,complaint,3.1,resolved,7.5,8168c84b4d453f19,2024-06-09
50e3039ade81f499,bc5b3d83c4f94cac,app,upgrade,2.8,resolved,9.3,2305400ca286a6be,2024-12-01
812ca73959142054,8cfb46094b5f0108,branch,complaint,1.9,resolved,4.6,4cc9a85ce7df38b6,2024-12-19
db2f6a85ab32ff45,759c7bc81a6567b8,email,general,3.9,unresolved,8.5,f058f69146fde5a4,2024-08-18
c4dbe0dcae379935,e89361e718e38b84,email,technical,5.4,resolved,6.8,1a74383a109cb319,2024-11-13
ef2aad6275ecea27,097fd8b6f9a08ae3,phone,upgrade,0.6,resolved,1.7,fedc2b2956802007,2024-02-21
b27550ca6ec81e2b,c4f7fe339ce44579,phone,cancellation,0.1,unresolved,5.5,c423299841bcd116,2024-12-02
c3234313ff2d09ab,66e2c13454481652,branch,technical,3.2,resolved,4.4,c7c7ef357b5ecde0,2024-12-17
9204ceecef99ee64,781a084a4e5ce34e,phone,technical,0.2,escalated,6.1,fb850b9cfc684926,2024-01-29
81aaf8eeb01ec175,a97be0a50ea38d7b,phone,upgrade,5.7,escalated,4.8,dad25bdc2eb28efc,2024-06-10
4cb50b63b09e8c45,63b8194152c1fb98,phone,billing,8.9,resolved,2.0,b6e6bbe380a4ecfa,2024-12-02
ab18009dc68d03b0,b622fd7faab4e0fc,branch,upgrade,3.4,unresolved,3.3,3370822d9a67b2b4,2024-07-25
26ab3878e4fbce8a,ce52540e7c6e8d1c,phone,upgrade,1.5,resolved,5.9,3370822d9a67b2b4,2024-09-25
81bd2d0bad00daae,ecbd219bc9e40207,email,general,8.1,resolved,2.2,0addca0233b2a77d,2024-01-30
5b03fe26caa21f60,f358e079224e09b4,email,general,4.8,resolved,4.6,5e638881d60146cc,2024-04-23
23e1046e068cfdf7,513c87b51b9ca1fc,branch,complaint,22.5,unresolved,3.8,32bd638578fd7f8f,2024-08-01
339f38a869425383,f7599fffc0d52239,chat,upgrade,11.1,resolved,9.7,1c39c989cc2a171c,2024-02-25
7e06ee5bb2487e5c,673514b88fe6c0c7,email,technical,1.9,resolved,7.3,56de770f703fbd3c,2024-04-18
b4cd5c9c923c3cdc,cf24922037aeb96d,chat,billing,0.4,resolved,5.8,fedc2b2956802007,2024-10-10
7558661005a14922,ccebfc7b59f7809a,app,cancellation,0.1,escalated,2.9,f390a7f3d461cad8,2024-09-26
5bec97fab87013fa,985b4d44da64c8ed,email,upgrade,6.9,resolved,9.3,ee08771c9d0f0715,2024-01-01
02c600995f5b6612,c3d8cf379d11afd5,email,general,17.7,resolved,8.5,06ca84ca3e4fe39c,2024-04-03
6d81eb105fdf9f0f,238a336ea811dc5f,chat,cancellation,1.0,resolved,2.9,6454d581c167ce15,2024-04-04
56ba8cddc1e21105,6734081fc5799be2,app,general,3.2,escalated,4.0,5e638881d60146cc,2024-02-12
647fc85707db1ab2,842e12789ce58df1,chat,upgrade,1.0,escalated,8.7,f390a7f3d461cad8,2024-09-30
6741100122ac94fd,ba6854b5e65567f3,branch,billing,3.5,resolved,6.6,05793679970dfe83,2024-12-29
efcbab13d78dad29,d55ad22d8e638147,email,general,3.5,resolved,4.7,5e638881d60146cc,2024-11-19
fe7a22f7df52810a,865382db3c8da506,email,upgrade,0.6,resolved,7.9,c76eb8bd11bd6115,2024-03-05
2fcb2fae09a0027e,80bcb8bfbd90af5c,email,upgrade,5.0,resolved,7.4,dfec25d33cc2bf76,2024-01-13
94bcf781026aa2dd,e94a724da12595f8,phone,billing,10.0,unresolved,8.1,d62a03403b96385d,2024-10-10
cc0f0b00d1e4953e,ea76132d9f572ff4,email,technical,4.8,unresolved,5.2,cfa1407a0ddbe71e,2024-10-03
d2da89eab02ea1ee,aefe81416a2fabaf,chat,general,1.1,resolved,4.2,1c39c989cc2a171c,2024-06-12
11e5f4da53b75bbc,d401c5577bb35cfc,app,general,1.5,resolved,4.9,06ca84ca3e4fe39c,2024-04-19
00aacbda9ee8ae51,4587b25745585a05,app,cancellation,2.5,resolved,6.2,ee08771c9d0f0715,2024-07-20
556e03a7351af89f,890b4fd5337e8ae0,app,complaint,9.5,resolved,3.9,fedc2b2956802007,2024-04-09
20c835bf8a28b942,37f3b479dac1617b,app,upgrade,7.0,resolved,7.0,fb850b9cfc684926,2024-11-26
381f6091fe94a867,0d0033838b14a9bf,phone,general,0.0,resolved,8.1,f390a7f3d461cad8,2024-10-11
3e6e1dd3311b44eb,ff107396f163c985,branch,cancellation,3.6,resolved,2.9,1c39c989cc2a171c,2024-06-22
cfc4e64f50899675,f17b1c284520d4e3,phone,upgrade,13.0,resolved,7.4,ddf170a476086c6f,2024-09-16
b5eaccfb64744120,bb1163efc37aff0d,email,complaint,4.8,resolved,5.7,774ec0b9da094a62,2024-08-19
ffc17af43b48f9f9,f51d70a6070e06e9,chat,upgrade,4.8,resolved,5.6,6454d581c167ce15,2024-03-12
9cd2db224f8a3a9b,5e69702a05aeb8c9,branch,general,17.3,resolved,9.9,3370822d9a67b2b4,2024-05-25
35ada3b297edab98,9c8762c6a5630071,branch,cancellation,0.3,resolved,5.9,fb850b9cfc684926,2024-04-30
cffbc249ab935d43,c960159cb291b2db,phone,complaint,18.9,resolved,5.1,0addca0233b2a77d,2024-03-17
a429c5ca37a90cb3,cb145f30d0513f9d,email,technical,12.1,resolved,9.1,c423299841bcd116,2024-01-18
922f06f84acb8117,f4aebc96462e6b0f,phone,billing,6.6,resolved,2.5,3370822d9a67b2b4,2024-12-01
c51b5672b0f58e12,e7e53eb4fc92f441,email,cancellation,5.0,escalated,3.9,b4b0a9df62e6341e,2024-02-11
eb7ff5ffc0d5be86,f68f4bdc055c2fa3,chat,billing,16.4,unresolved,6.2,c5c4ea45c9fa7128,2024-08-04
d91676306e6fb65e,ea41aee0b5febb6b,chat,technical,4.1,unresolved,7.7,3c4fd57ee2769348,2024-12-09
60bd53ce08b96e7c,2996ac5bda773a5c,email,technical,2.9,resolved,6.3,dfec25d33cc2bf76,2024-02-21
a1b8fcd8b840242f,65495bd15778eb48,branch,billing,10.9,resolved,1.5,0addca0233b2a77d,2024-04-27
fba5e7a181a99792,58ff24853040e0ab,chat,upgrade,0.3,resolved,6.7,c76eb8bd11bd6115,2024-04-26
35cb9c11e1285e17,35d53b5d84d3da8d,app,complaint,8.2,unresolved,7.6,ee08771c9d0f0715,2024-05-12
8cd325b9af6de1b3,73a33dcdb368fef2,chat,upgrade,1.4,resolved,4.4,ec398133ae662ffd,2024-10-19
986b9b9492a59e93,637dbf8360d5194e,email,cancellation,6.3,resolved,6.3,dad25bdc2eb28efc,2024-03-26
54c7280b86ff94e2,470265a8c14c52e0,branch,billing,1.0,resolved,8.1,774ec0b9da094a62,2024-01-06
cf65a12e0eec953f,8a2b37f719b60f6b,branch,upgrade,8.3,resolved,6.9,82fe407f64b38d82,2024-01-14
a60ee142fec77f2b,52978548f0059668,chat,cancellation,11.7,resolved,1.1,4cc9a85ce7df38b6,2024-10-24
085cbd295136ca32,b6778ac3599a9a75,email,billing,5.0,escalated,8.1,d62a03403b96385d,2024-09-21
3e0b429698cd7532,5a412311b1b38c82,branch,cancellation,1.5,unresolved,7.2,f390a7f3d461cad8,2024-06-22
000ceb7225d6451d,2449bfe37a9e012a,app,technical,1.4,resolved,5.5,3c4fd57ee2769348,2024-06-12
8cbc7d0b75443263,00aa6841d365e160,branch,complaint,0.3,resolved,9.6,8f76ee50d48b6eb3,2024-11-09
28a14acabd3ca5fe,a93aa7dace01d135,branch,cancellation,2.5,resolved,7.4,4cc9a85ce7df38b6,2024-12-06
c748eaf773bd7b40,a2fd300705d48a59,app,cancellation,4.2,resolved,7.0,fb850b9cfc684926,2024-05-15
0e56194071abf216,319fdc2d4e45cd71,chat,technical,1.8,unresolved,9.0,f058f69146fde5a4,2024-10-06
61a45ab14d8537af,0fcdd235f2ddae38,chat,cancellation,8.6,resolved,8.8,cac0551db5e3f05d,2024-05-03
427de5673a238902,e3d44afee8442cdd,email,technical,2.5,resolved,4.8,0823317874a6b052,2024-09-01
67a840acd93ca77d,a2ff8127a2edf96f,chat,complaint,0.3,resolved,1.9,6454d581c167ce15,2024-05-14
7b3df0bc6df932ee,1a2082882718940b,app,complaint,1.3,resolved,4.5,b4b0a9df62e6341e,2024-07-11
cbb478fa0266237b,84fab9f7a7dc984a,chat,complaint,3.5,resolved,8.1,af4f3115ae880ef1,2024-03-18
73e34c16426f9e42,7a6ad03248d611d3,chat,cancellation,0.6,unresolved,5.3,64b696c958ad6331,2024-03-01
81509da6f8be14d0,187336a7e7837268,email,technical,1.0,resolved,1.5,c76eb8bd11bd6115,2024-04-26
524bb33804209179,ead1177c5fa66d4c,app,billing,4.9,resolved,4.0,774ec0b9da094a62,2024-03-29
8e04e75bb81fcea0,2160957767334b7b,branch,billing,4.7,resolved,3.2,5b7627488b739561,2024-07-21
d79f6c2afd061aea,8b531b21e41bc3a2,phone,general,3.3,resolved,3.3,8168c84b4d453f19,2024-04-19
50629d23eaf14dd1,f87bb15bd53e109e,phone,upgrade,0.5,resolved,2.6,609f4a1d006cc5d0,2024-09-18
fbc7fe58cd1d33ab,63686e65207e190f,phone,upgrade,2.2,resolved,3.7,8168c84b4d453f19,2024-08-08
7eb4be3db38a3b6e,7efe72eedea1bcc7,branch,complaint,2.7,escalated,2.0,1c39c989cc2a171c,2024-04-05
4defe12412671c37,407b37d85e83dd32,chat,technical,1.5,resolved,3.0,7c89d0af87939122,2024-10-13
f63fffc04f96862e,c7a62b9370af391d,email,complaint,5.8,resolved,3.9,ec398133ae662ffd,2024-06-06
b3ebe36b53654490,1ac68b54f1ccb281,phone,technical,1.5,resolved,3.3,ec398133ae662ffd,2024-01-03
d929f9642b185d8a,8cfb46094b5f0108,app,cancellation,0.0,resolved,5.0,fedc2b2956802007,2024-05-25
7bcf182f203bbd23,25ea9e9c9f1d2ee0,phone,complaint,2.3,resolved,9.3,1a74383a109cb319,2024-08-02
5fbbf10b1dae3f37,ea077a5eb6803562,phone,upgrade,6.0,escalated,3.4,0823317874a6b052,2024-02-10
f5910f5691a13133,04591516c0cb3ee1,chat,billing,0.2,resolved,3.1,0823317874a6b052,2024-04-15
a4837bad35afaa60,e56433ed5346f95f,branch,complaint,0.6,resolved,3.0,c7c7ef357b5ecde0,2024-07-28
bdea2232a35fee32,2589298c9144818b,phone,upgrade,21.8,resolved,6.2,82fe407f64b38d82,2024-12-22
a84ab53b2a1dddc8,af5787ae6bd8ac75,phone,general,3.2,resolved,6.0,b4b0a9df62e6341e,2024-05-27
6918012fd899bb8e,244f782635e02474,chat,general,6.3,resolved,8.3,f058f69146fde5a4,2024-12-07
0e5684e9af553493,cfd4f236ea9babb7,email,upgrade,0.3,resolved,6.7,7c89d0af87939122,2024-06-03
a17b9c04560ed3c5,03bb1718f53166ae,branch,cancellation,12.6,escalated,5.7,fb850b9cfc684926,2024-10-17
62f89f6354a46753,409ac406fa85dadc,branch,billing,4.0,resolved,1.6,af4f3115ae880ef1,2024-01-28
8520fa00bfd315ac,5d57564f1c1f0033,email,general,8.2,resolved,9.0,b7dff30912eb0039,2024-08-22
3e791be9ac0fb3e5,788e7f53c9a7b524,app,general,12.0,resolved,5.6,cfa1407a0ddbe71e,2024-02-21
605eee322144347f,e00949f19b733cdb,app,upgrade,27.5,resolved,6.8,1a74383a109cb319,2024-11-11
26b51d22bccb011a,05773f537a4c7ed1,chat,upgrade,4.5,resolved,7.6,b7dff30912eb0039,2024-10-27
fa4d206260f390e6,0ef584decd975f31,email,upgrade,1.0,resolved,2.9,f390a7f3d461cad8,2024-03-24
e1833078c89f3fcc,8af0aecac4084a0d,phone,cancellation,3.9,escalated,2.1,2305400ca286a6be,2024-08-01
e1dc3eac6cb9436f,5a4f09026b5bd8b5,phone,technical,10.8,unresolved,8.2,dad25bdc2eb28efc,2024-04-26
fc2bee6fb15070fb,703456167a7acd17,phone,technical,3.7,resolved,9.6,cfa1407a0ddbe71e,2024-10-21
b478a109fa82fc12,bc5b3d83c4f94cac,chat,cancellation,5.9,unresolved,2.2,774ec0b9da094a62,2024-11-06
55f9e711b6f54601,6776e8e7006dfcf2,branch,general,8.1,resolved,3.5,af4f3115ae880ef1,2024-07-22
11b8ade70b185c76,33027c5d86ee9f67,app,cancellation,9.1,unresolved,9.8,05793679970dfe83,2024-05-07
0557900a9b9034c7,84a767726dc564b9,phone,billing,2.7,unresolved,7.7,cac0551db5e3f05d,2024-04-26
498417c0cc81a8bb,1c0b4f39057c26ff,branch,general,2.6,resolved,5.8,06ca84ca3e4fe39c,2024-01-11
33231157ad9f8c41,82c0794d896302f7,app,billing,1.6,unresolved,5.5,b4b0a9df62e6341e,2024-02-25
87d81cce79ab2bd4,9743d8af544024c4,app,technical,0.4,escalated,8.3,7c89d0af87939122,2024-01-01
c119169742fe74e6,4a64fe624ae06538,chat,cancellation,13.4,resolved,3.8,cac0551db5e3f05d,2024-02-05
35cc6989e26372d4,b891ea3c46babb94,branch,upgrade,6.6,escalated,1.7,cac0551db5e3f05d,2024-11-05
71c4b7059577a704,0b80468f1b1e962d,email,upgrade,6.8,escalated,4.5,b4b0a9df62e6341e,2024-02-07
3edc069ea6955268,97b20d27eeac7dcf,chat,cancellation,1.3,resolved,8.5,b7dff30912eb0039,2024-04-23
84661f8df23087e1,e6f577c090d9035b,phone,cancellation,4.4,resolved,9.1,64b696c958ad6331,2024-11-26
aa671ac4a56d1f21,d370bf88bb1fed68,chat,technical,2.3,resolved,4.6,774ec0b9da094a62,2024-12-30
2fe13a86aec7588f,e91b18a6870ac128,chat,upgrade,0.9,resolved,5.0,b7dff30912eb0039,2024-04-29
1d768fe8e8bf8471,9138a33ef327e1ff,phone,upgrade,1.9,escalated,5.0,2cd0bba07e3f4cdf,2024-04-11
57b4f035b4c9ed02,7e6231315e2ab6b2,app,upgrade,6.0,unresolved,8.9,1a74383a109cb319,2024-07-21
85423fdbf25b6395,f1a5c01046388dbf,app,billing,0.1,unresolved,7.0,5e638881d60146cc,2024-12-04
513173bdad0f6f29,1316e2a487ca2390,phone,upgrade,6.2,escalated,7.7,5b7627488b739561,2024-12-09
1f940f2e1f169a8d,fcfa4a64ddbcd24d,branch,upgrade,2.3,resolved,2.3,82fe407f64b38d82,2024-09-12
01dae0f42b4cd09b,ada3958d08916f0f,email,technical,0.9,resolved,2.2,5b7627488b739561,2024-07-15
50d8297c00bfd1b9,e6068bab5d5b8d95,email,upgrade,1.7,resolved,6.3,05793679970dfe83,2024-01-16
14f6cf44761f5a44,bdce091f2454ef15,email,complaint,0.0,escalated,2.6,05793679970dfe83,2024-05-01
45646cd060fa0a3c,f7af4dc3737fd9e4,app,technical,0.7,unresolved,3.0,c5c4ea45c9fa7128,2024-04-13
f64d30ed931b30da,3b9b7927f45a9da6,email,cancellation,2.3,resolved,1.2,c423299841bcd116,2024-01-23
d5d985ff6091d71d,a4fac714a2933aff,branch,complaint,1.9,resolved,7.7,8168c84b4d453f19,2024-11-09
be5b0be9f1bbef79,cb145f30d0513f9d,phone,upgrade,16.5,unresolved,3.7,d120a5423d6b9809,2024-07-07
5cdfc0ec4319abd5,875c96b52ad634b5,email,upgrade,0.5,unresolved,2.4,1a74383a109cb319,2024-01-26
d915a44b0e047154,e471fdaf173e9a5f,chat,complaint,3.5,escalated,3.5,8f76ee50d48b6eb3,2024-03-05
ece91edd3c5aefdb,896aba5c3365d4b6,app,cancellation,8.2,resolved,7.8,dfec25d33cc2bf76,2024-08-31
633f644b67e32245,4e061814b1e7346e,chat,complaint,5.7,resolved,5.9,ddf170a476086c6f,2024-12-30
61bfe4f75c144683,32693de0c6c167a7,app,general,1.6,resolved,1.5,ee08771c9d0f0715,2024-01-02
cffb187efd072087,aa3b32f4bbac4e77,email,upgrade,3.8,escalated,9.4,fb850b9cfc684926,2024-11-01
f5bac272466fe866,bd246b4341e55fef,chat,general,2.8,resolved,9.2,c76eb8bd11bd6115,2024-06-04
0c58c1f04375029e,3f4efb84eb535b03,chat,general,0.8,escalated,8.4,dad25bdc2eb28efc,2024-07-27
2d74d5755303e755,639fffe8f52ba3ca,app,complaint,7.9,unresolved,4.9,4cc9a85ce7df38b6,2024-10-25
dda98cf41a67a95b,3550bcf50d099218,branch,complaint,1.3,resolved,8.8,f390a7f3d461cad8,2024-11-13
f1c25c38fef023e7,c960159cb291b2db,chat,cancellation,3.2,resolved,9.0,ddf170a476086c6f,2024-02-13
1cc897231ce40492,81d95c143c333ee7,chat,general,2.6,resolved,9.9,dad25bdc2eb28efc,2024-05-26
8bdd9652b568ef96,22727d17208d372b,phone,cancellation,3.1,resolved,10.0,dfec25d33cc2bf76,2024-02-09
eeb37fc401e68f4e,890b4fd5337e8ae0,email,cancellation,1.8,resolved,2.6,0823317874a6b052,2024-09-08
9b98e6012668a388,90aea48fe5e82c00,branch,general,4.2,resolved,5.6,dfec25d33cc2bf76,2024-12-26
33cb308c8e2c35cd,686c007f83d0eac1,chat,billing,8.3,resolved,8.7,64b696c958ad6331,2024-09-10
d3a9ece3998eab2b,a482af252c6703ed,phone,upgrade,14.7,unresolved,8.7,544a618267704438,2024-02-04
b25b8b32c8119291,21dc0452e33bdfe1,app,general,10.4,resolved,2.3,adeaddf287e0ac93,2024-07-10
5152b578ff2bffcb,697080d3446d0659,phone,complaint,6.1,unresolved,7.5,0823317874a6b052,2024-08-19
3071d8ca2ace5855,73782229d955b453,chat,technical,14.2,resolved,7.3,b6e6bbe380a4ecfa,2024-01-19
c307e9cd65593975,411fd7c0b7f9a803,branch,cancellation,1.7,resolved,9.6,544a618267704438,2024-09-28
2d8f16103b2596ba,d741cef7a3234a8d,chat,technical,0.3,escalated,6.2,5b7627488b739561,2024-02-10
6d1ade9bea6cbd09,b08621aaed58ed30,email,technical,1.2,resolved,6.9,c423299841bcd116,2024-01-20
c17e959f66d71669,cd99fa63c6194cc0,branch,billing,6.1,resolved,4.0,ec398133ae662ffd,2024-12-26
ba780935b867a98f,e0ff36e4a2450b1a,chat,upgrade,3.6,resolved,1.2,544a618267704438,2024-04-17
9c4628809c06d8c2,c2ae9458e7377ef2,app,cancellation,4.1,resolved,5.0,774ec0b9da094a62,2024-07-20
2fac1b30c2b8acb9,b53861bc6e140d22,chat,technical,5.2,unresolved,1.4,f058f69146fde5a4,2024-03-03
500fad1a9739d058,0856888b48e8a7ac,branch,billing,0.6,resolved,2.4,2305400ca286a6be,2024-01-06
0195143044f99c6b,cf24922037aeb96d,chat,billing,2.9,resolved,8.8,fb850b9cfc684926,2024-05-17
bf81bedd8636b53d,88945f8b56dcf41d,email,billing,3.9,resolved,7.9,0823317874a6b052,2024-11-19
fe03c1935d2807bd,fec3a870a6448608,branch,general,7.2,escalated,4.3,b4b0a9df62e6341e,2024-07-10
9df8c30562ebf7b7,3b3d64cca5a929f3,phone,technical,0.5,resolved,3.3,0addca0233b2a77d,2024-11-07
41bf6ccf47b7a6ee,09fc2bea655a24f6,chat,billing,4.3,resolved,1.8,d120a5423d6b9809,2024-05-05
885352d858244ba8,97e43872adefea91,branch,billing,4.0,resolved,5.9,c5c4ea45c9fa7128,2024-01-05
ff202f59d345e5ee,123d24d4a082ef24,chat,billing,1.1,escalated,3.0,f390a7f3d461cad8,2024-06-17
d757ff0979fd1fa5,f042952598001d4d,app,general,2.2,resolved,2.6,8168c84b4d453f19,2024-12-27
6052e8675e3b69c1,2db647ad564ecb7a,email,upgrade,0.1,resolved,7.4,cfa1407a0ddbe71e,2024-03-12
85767912639f751b,92d22d40618e5f53,app,technical,9.6,unresolved,6.1,1c39c989cc2a171c,2024-11-12
30bfaffa5bd4b5a1,f5c1f4185201b43e,branch,upgrade,8.1,resolved,9.0,b4b0a9df62e6341e,2024-01-22
a0b0ac13b53f1c55,d11d9804ea41b9cb,phone,billing,6.8,resolved,3.1,05793679970dfe83,2024-04-24
2fcba459e8b1c90a,b08621aaed58ed30,chat,technical,23.3,resolved,4.2,c5c4ea45c9fa7128,2024-04-24
e8b14bad1d24caf9,42aa2d0489c6df45,branch,general,12.2,resolved,8.4,ec398133ae662ffd,2024-06-20
d11e690f2f0209cd,399d361b0b750759,phone,technical,2.5,unresolved,8.9,32bd638578fd7f8f,2024-02-11
9851e22270280ca1,2c3888e2386d6cb4,branch,technical,16.8,resolved,3.8,c76eb8bd11bd6115,2024-04-05
ece730e6fc9e8d99,350d9ea9aab807a6,chat,complaint,5.1,resolved,7.2,56de770f703fbd3c,2024-05-14
70296e3d85bc55e7,ec7811d610b2961d,app,upgrade,6.4,unresolved,1.4,dad25bdc2eb28efc,2024-07-13
1d44745d4c00fa52,e719af81c6c44bc2,phone,upgrade,4.4,resolved,1.7,5e638881d60146cc,2024-02-18
23d63e074cf78143,eab35ba465ec4495,phone,general,3.1,resolved,1.5,64b696c958ad6331,2024-02-09
366c27735fc7b6da,ccebfc7b59f7809a,email,technical,5.9,resolved,7.4,56de770f703fbd3c,2024-07-04
4150c2c0cbb1c5e0,a2f1ae70dbe7c06c,phone,cancellation,5.2,resolved,8.7,1fa6b70d2a59204a,2024-11-11
becb9024d8407d65,c57e3d97aeb40ec3,app,technical,5.3,resolved,2.4,774ec0b9da094a62,2024-11-23
b937c1bfeb88f55d,e7e53eb4fc92f441,email,billing,6.1,resolved,9.7,544a618267704438,2024-12-15
a1824229ef1d6566,4aa210e4e90e7212,phone,billing,6.5,resolved,8.5,d120a5423d6b9809,2024-03-03
12fbdf5a6fd8eeb0,72849230b2f67e32,email,upgrade,5.4,unresolved,6.2,3370822d9a67b2b4,2024-04-04
f8ee4669299fb045,1b944f8ec429e26f,branch,general,4.9,resolved,3.4,7c89d0af87939122,2024-09-24
7ae158711a432add,93bf1e687d737a40,app,upgrade,1.1,resolved,6.9,3c4fd57ee2769348,2024-07-29
594f2e140c1edc9f,67206c8525e04df6,phone,billing,1.0,resolved,6.1,6454d581c167ce15,2024-04-08
959e9f913fa07a8a,9346d0d6814428d4,phone,billing,1.9,resolved,3.5,7c89d0af87939122,2024-05-27
a90ae1c14469cd03,aa1ec59bd2903131,email,cancellation,0.8,resolved,8.6,b4b0a9df62e6341e,2024-09-20
9fb4ae1401ab9185,99606e9a057b6340,chat,technical,2.1,resolved,2.4,b6e6bbe380a4ecfa,2024-10-31
2605e2ebf23d2d16,39b28406376154b3,branch,general,3.8,unresolved,2.4,af4f3115ae880ef1,2024-04-04
78a9117de11ab3f4,61b8edd0c82a20ae,chat,upgrade,4.8,resolved,4.5,cac0551db5e3f05d,2024-03-27
52693faa2ff61323,8e7718b13ed59f5c,app,upgrade,1.3,resolved,8.6,c7c7ef357b5ecde0,2024-12-30
c00d65753e30e4ae,1933c19b3ca490f6,email,billing,1.8,unresolved,7.7,609f4a1d006cc5d0,2024-06-08
7adf07013db2fe0b,5a928ed4234138f0,phone,upgrade,2.7,unresolved,6.6,c7c7ef357b5ecde0,2024-04-12
d04bc2f53290dada,132dcfea7bd1abd3,branch,upgrade,3.3,resolved,5.7,c5c4ea45c9fa7128,2024-01-12
ac92e0137c6271de,6463222113544c6b,branch,billing,1.6,escalated,1.4,56de770f703fbd3c,2024-08-04
52cd786952f8853b,66e2c13454481652,branch,general,1.8,unresolved,4.8,0823317874a6b052,2024-12-23
0955afb5afb89b73,3571056f372526fb,email,technical,0.1,unresolved,8.2,adeaddf287e0ac93,2024-07-17
bfd73121923fb459,e7e53eb4fc92f441,email,billing,2.0,unresolved,3.3,ddf170a476086c6f,2024-03-03
0ea6924c7d173383,ccde1e88c9dacee8,branch,billing,5.2,resolved,7.8,6454d581c167ce15,2024-10-08
600ef41891b4a20c,daf14806094945d4,chat,technical,0.3,resolved,2.2,0823317874a6b052,2024-11-13
a3037ba0799881c9,289fad8aadc0b5a7,chat,technical,9.9,resolved,7.4,64b696c958ad6331,2024-05-30
ca4c442df85c00b2,6a3cbb64234ba753,phone,general,3.4,resolved,5.8,2305400ca286a6be,2024-02-10
2712617b2b08cd01,1095343f2be478c8,chat,technical,9.4,resolved,6.8,adeaddf287e0ac93,2024-09-18
9f15b6bad120c814,535a3d7407a53ec9,email,cancellation,14.0,resolved,6.1,ddf170a476086c6f,2024-04-17
b493aeaa7b37efd0,b08621aaed58ed30,chat,upgrade,2.7,resolved,2.9,32bd638578fd7f8f,2024-03-04
fbf1d31ebf823c7f,5978de5f61ca21c5,phone,upgrade,8.0,resolved,1.3,2305400ca286a6be,2024-04-19
5fad249ede8b8985,c34245c3d61ac215,app,cancellation,7.8,unresolved,2.2,dad25bdc2eb28efc,2024-09-16
5c681e5acd606b9e,3d9d6ee6fa361a6d,branch,general,1.3,resolved,7.1,f390a7f3d461cad8,2024-09-17
fd737de37132addc,d4178519491ed4e0,phone,complaint,3.0,resolved,8.1,cfa1407a0ddbe71e,2024-07-11
cede11d704d6c61a,d3654c09e096b5bd,email,billing,3.4,resolved,7.7,06ca84ca3e4fe39c,2024-10-01
d19ce55ca461120b,9818e0f282db1ff0,app,technical,9.8,resolved,3.2,5e638881d60146cc,2024-10-31
f18c38ed0a958a43,ad322e7a390c0744,email,general,0.2,escalated,8.3,c423299841bcd116,2024-11-30
ddfa1000d2d6d12b,703456167a7acd17,chat,technical,5.2,unresolved,7.7,ddf170a476086c6f,2024-06-16
29fcf6f64e7b82d0,1df807fa2247cd59,phone,upgrade,4.3,resolved,3.6,c5c4ea45c9fa7128,2024-05-04
2e0e6b8064837879,ec7811d610b2961d,app,complaint,0.1,resolved,3.4,82fe407f64b38d82,2024-02-15
33832449a6d4ddd9,0ef584decd975f31,chat,upgrade,18.5,resolved,8.1,c76eb8bd11bd6115,2024-05-08
741ca627af69fbe8,f6f0f3fb39eda772,email,complaint,2.3,resolved,4.7,fb850b9cfc684926,2024-10-07
0cd609e9e6993b23,2f32543265ea675a,branch,complaint,4.6,resolved,9.5,5e638881d60146cc,2024-06-10
677f25ff5d73090e,6c14a166a64d8b13,chat,upgrade,7.3,resolved,1.9,64b696c958ad6331,2024-04-14
1d5648ca70dd1cb1,7477e882990d2bcf,phone,upgrade,22.0,escalated,8.2,bac5f7879d67307f,2024-09-11
1aec434be1e2e31a,e471fdaf173e9a5f,email,cancellation,1.8,resolved,4.0,0addca0233b2a77d,2024-05-19
acdbd89190211a49,a6e44b308296a3d0,phone,cancellation,1.0,resolved,9.7,d120a5423d6b9809,2024-02-08
d4d92d146f585654,788179f07895627a,email,cancellation,0.1,resolved,3.0,c423299841bcd116,2024-10-11
0f1d2205a438ea20,c57e3d97aeb40ec3,chat,cancellation,7.4,resolved,7.4,b4b0a9df62e6341e,2024-11-21
86a43cd0c6e4830b,58fe4ef80ba65ab8,phone,general,0.6,resolved,1.3,c5c4ea45c9fa7128,2024-06-06
a55a05f8f992d2d9,1c977db147f46222,chat,general,3.9,resolved,9.6,399b6a1f1b2a5ad4,2024-12-18
f4037f6f0a00af40,cd99fa63c6194cc0,phone,general,6.9,resolved,6.7,b6e6bbe380a4ecfa,2024-12-24
55890fe79292a917,06f74147682dd6f5,email,cancellation,0.5,resolved,2.3,ddf170a476086c6f,2024-05-29
4bc390befd19eb7f,c8922bed7d0e7358,email,cancellation,1.9,resolved,6.0,cfa1407a0ddbe71e,2024-09-09
6d0cbcbff8828dde,87665a30c225f102,app,technical,5.9,unresolved,9.4,2305400ca286a6be,2024-07-01
5954521932dc0ee3,788055dac7b97bee,branch,technical,0.8,resolved,2.1,b4b0a9df62e6341e,2024-07-15
103dfc5188f6c6ad,d80291ff8a609246,phone,technical,2.8,resolved,6.3,fb850b9cfc684926,2024-08-22
083f3ac1659ccd2e,cd57fcebe948e59f,branch,upgrade,6.8,resolved,1.4,dad25bdc2eb28efc,2024-08-26
e81ec5287c102a6e,a4747a10707f24f1,chat,upgrade,3.0,resolved,4.3,8168c84b4d453f19,2024-08-14
c93d0d0882631360,a6bd5c48718d9b02,email,general,1.3,unresolved,6.4,c76eb8bd11bd6115,2024-07-14
b9f3ae02c4722023,29888b944b65e29f,phone,billing,2.6,unresolved,2.8,32bd638578fd7f8f,2024-03-10
b1aacdd3039cafa3,9ea3c99ef5cf605a,chat,complaint,2.5,unresolved,6.2,b4b0a9df62e6341e,2024-10-01
46a8590b3a2a9324,9d6b41bf80784c2d,app,technical,10.7,unresolved,7.2,af4f3115ae880ef1,2024-06-23
e5d33c33b6b9b047,7f53cb886f1e2ff1,chat,general,3.0,resolved,4.2,fedc2b2956802007,2024-04-20
2803782d14a0b032,12f047c9e326e9ad,email,complaint,6.8,resolved,1.2,ee08771c9d0f0715,2024-04-15
56f3807517205b46,f18e4304c474cbd8,app,complaint,12.2,resolved,5.2,8f76ee50d48b6eb3,2024-10-10
4eb3a7c32418fa86,64bab06fd0cb6187,email,general,5.0,resolved,3.3,5e638881d60146cc,2024-05-06
86947791f48f7e78,789cca4466567bf5,chat,cancellation,0.4,resolved,3.0,d120a5423d6b9809,2024-06-02
623c9292dc2cd675,09b6ec1156b1654d,branch,general,1.0,unresolved,3.9,c76eb8bd11bd6115,2024-10-20
b0de47eac5e49799,399d361b0b750759,branch,general,0.8,unresolved,4.6,b42c3b95cba63112,2024-05-16
366effb39ece523f,b6778ac3599a9a75,email,billing,6.2,resolved,1.1,fb850b9cfc684926,2024-06-10
b89656c7787a168b,e471fdaf173e9a5f,phone,general,2.6,resolved,5.4,dfec25d33cc2bf76,2024-05-22
18541ef7555f1802,097fd8b6f9a08ae3,branch,complaint,9.7,unresolved,9.2,adeaddf287e0ac93,2024-04-28
1d78c9712ce5b60d,48373bfa03a95bc5,chat,complaint,3.2,resolved,5.4,64b696c958ad6331,2024-07-02
ad546f7db82e3629,238a336ea811dc5f,email,technical,4.9,resolved,7.8,6454d581c167ce15,2024-10-23
a96991fc906dbe27,7cc3d9f09d5d18c2,app,billing,4.8,resolved,1.7,ec398133ae662ffd,2024-08-12
c91ff6ec896f5e51,66e2c13454481652,email,general,0.5,resolved,5.4,ec398133ae662ffd,2024-05-22
40b2bc39c930525e,7e4da7f164626253,app,complaint,2.5,unresolved,9.4,fedc2b2956802007,2024-12-02
43024c3b022f3402,fc7409b846103218,branch,billing,0.1,resolved,3.6,609f4a1d006cc5d0,2024-07-05
14aca2a3d46a8239,48729bba3c509acb,app,technical,9.9,unresolved,7.8,05793679970dfe83,2024-01-25
5365ad8b430f6a2b,c9b87801e32ab2ac,branch,billing,7.8,unresolved,6.6,cac0551db5e3f05d,2024-05-06
e7c8894ec5e69568,3b3d64cca5a929f3,email,cancellation,1.3,resolved,8.3,af4f3115ae880ef1,2024-11-21
77af0255a1689442,15dd59d98f96fd43,email,billing,2.2,resolved,7.8,f058f69146fde5a4,2024-02-13
9ca3912fb1e284bb,d08a5d4a9330860a,app,billing,1.4,escalated,6.5,cfa1407a0ddbe71e,2024-05-03
a22099bf4ce07d8d,f6b58d54c79a7cd6,app,billing,0.6,resolved,1.5,4cc9a85ce7df38b6,2024-12-27
2988419c5a668be6,efd0f0ed55635551,chat,upgrade,18.0,resolved,9.7,bac5f7879d67307f,2024-08-01
ff2b534272089755,ad007edf2917d996,phone,technical,17.5,resolved,8.9,2cd0bba07e3f4cdf,2024-05-16
f8f576373606423a,e600a61f7d1ab6b4,app,upgrade,0.4,resolved,6.7,2305400ca286a6be,2024-03-07
29474b76b39c9d6d,262d379b1a935bf1,phone,upgrade,0.8,unresolved,5.8,af4f3115ae880ef1,2024-09-14
6925054e9995716f,8e7718b13ed59f5c,phone,technical,6.9,resolved,9.8,8168c84b4d453f19,2024-08-07
bd12815442945df9,36872988ee4f71b3,email,technical,0.8,resolved,8.3,cfa1407a0ddbe71e,2024-09-25
85810b3f56ba90ea,3cd287a648484145,chat,billing,1.0,resolved,4.1,8168c84b4d453f19,2024-02-29
a879e89f492d5706,a6b9c1ef773a06bd,phone,complaint,2.1,resolved,5.1,ddf170a476086c6f,2024-11-01
003ec110d17356d5,27c92834df097d11,email,cancellation,0.6,resolved,1.3,ee08771c9d0f0715,2024-02-09
3c4645a8166ecb5c,ce132dfabb90cfec,app,technical,9.1,unresolved,1.6,d62a03403b96385d,2024-05-06
39bee5bcdf1e01f0,9a6c0061bbe97014,email,upgrade,2.6,resolved,5.8,bac5f7879d67307f,2024-10-10
8642e8cd34cec63c,dc04c42ebfeda16c,email,cancellation,7.4,unresolved,4.7,05793679970dfe83,2024-08-05
86da504be252360e,4587b25745585a05,app,technical,6.1,escalated,8.0,c76eb8bd11bd6115,2024-09-05
75d541c668f55b9f,2858814fb98eb39b,branch,billing,12.3,resolved,7.4,fb850b9cfc684926,2024-07-19
8f15e4b761e9488e,26f42509cf5cde8e,phone,upgrade,8.8,resolved,8.1,c5c4ea45c9fa7128,2024-02-12
8831fd6ac300913c,c8bd83145603e477,chat,general,1.0,resolved,3.6,06ca84ca3e4fe39c,2024-09-17
78fbadd0d3c4862c,356a8c1e286f5d7a,phone,billing,3.9,resolved,6.1,05793679970dfe83,2024-11-09
b2c111d19037aee6,4d6eb45fd05d56fd,phone,billing,0.3,resolved,8.8,dad25bdc2eb28efc,2024-12-14
ba101f2f0010977b,8560f29217da0829,phone,general,12.8,resolved,6.2,2cd0bba07e3f4cdf,2024-04-29
0c7ff1fba2ee99db,8de66ee28c31b238,email,complaint,7.1,resolved,1.0,609f4a1d006cc5d0,2024-11-03
ede5338bf7699ce9,a981098a586ce8bd,branch,general,0.0,unresolved,8.5,ee08771c9d0f0715,2024-09-29
d6e70567c38a3bd9,601c7b8334f16768,branch,technical,8.3,resolved,1.4,2305400ca286a6be,2024-06-09
c4d7c830febfc605,637dbf8360d5194e,email,complaint,14.6,unresolved,5.5,7c89d0af87939122,2024-12-06
b8b7d1174d9126e4,24035e5fa3060bd4,chat,cancellation,1.5,resolved,7.9,cfa1407a0ddbe71e,2024-11-17
0d43138db05379d8,1ab01430c33d21c2,chat,complaint,5.0,escalated,5.2,32bd638578fd7f8f,2024-03-17
97cd4742d0b1ace9,e6068bab5d5b8d95,branch,upgrade,4.5,unresolved,3.0,c5c4ea45c9fa7128,2024-11-25
67a1969a2b6ac3de,11c1d84fadb1c7c2,phone,cancellation,1.9,resolved,9.4,ddf170a476086c6f,2024-05-02
0b7460192368394e,cc57238a136e920c,phone,technical,6.3,resolved,8.6,609f4a1d006cc5d0,2024-10-08
d9458ae7cc89a4b5,d28853d261e28c50,branch,general,3.6,resolved,4.6,32bd638578fd7f8f,2024-05-06
7aebbfeca746b995,673514b88fe6c0c7,branch,billing,0.3,unresolved,2.7,fedc2b2956802007,2024-05-24
57ef3e4492bf9f1d,7f6ec6efeb9e17fd,email,upgrade,0.7,resolved,5.9,1c39c989cc2a171c,2024-07-01
0844c27c1b7c5035,7efe72eedea1bcc7,chat,billing,13.0,escalated,6.8,5b7627488b739561,2024-05-11
99763707092ba7df,3889f99d1d1b1c92,email,general,7.8,resolved,3.7,64b696c958ad6331,2024-04-12
ba0cb1addfb46efa,e09a386fb3c4160b,branch,technical,14.8,resolved,8.3,d62a03403b96385d,2024-10-10
d3415c9fc3a39eaf,2ad62cb0b43165d1,app,billing,0.6,unresolved,5.1,1fa6b70d2a59204a,2024-10-06
de2c659ec978303b,48729bba3c509acb,branch,complaint,2.5,resolved,4.6,cac0551db5e3f05d,2024-01-27
e3f0da0d3b103c44,61fd0f5864ecb010,chat,cancellation,2.6,resolved,1.8,b42c3b95cba63112,2024-01-18
929418ef69e2f280,b53861bc6e140d22,branch,billing,9.2,unresolved,1.7,cac0551db5e3f05d,2024-06-11
00d708c247d43b68,14c52a5e0e180aa9,chat,cancellation,6.8,unresolved,2.7,fedc2b2956802007,2024-09-16
9829e4e200bb5142,f431ecb7711615b0,email,complaint,5.0,unresolved,6.2,f058f69146fde5a4,2024-11-08
012efdc057364e6a,0a5211e92314f9b4,phone,general,11.0,unresolved,5.0,56de770f703fbd3c,2024-07-09
e26df87a83d227a8,1dd675c43554d179,app,cancellation,4.7,escalated,6.4,3370822d9a67b2b4,2024-11-11
bf06ee8adc545f7e,4d6951c1297e4c67,app,complaint,5.6,resolved,8.0,af4f3115ae880ef1,2024-08-10
c7350a5cbe876a38,bfb5e25d1defb1ce,app,upgrade,8.0,escalated,3.0,56de770f703fbd3c,2024-04-30
ebd11cf0ffc53d66,bd9181189c0df7c0,branch,complaint,2.8,resolved,4.8,b4b0a9df62e6341e,2024-07-21
b620efe7ae479658,c0d2834a28f7d955,email,general,5.2,resolved,4.7,0addca0233b2a77d,2024-01-07
ec8bd8a8326fce88,54e8dabed420478c,email,billing,10.8,unresolved,7.8,05793679970dfe83,2024-12-01
f115f41284ec7f27,6ad8a65f8b886422,app,upgrade,0.4,unresolved,7.3,2305400ca286a6be,2024-01-12
d906e568b07947ce,2c955c05a25028f6,branch,upgrade,3.0,resolved,9.6,af4f3115ae880ef1,2024-01-11
a3892f0ce5f4705e,22d5bb56573939bc,app,technical,2.5,resolved,9.5,3370822d9a67b2b4,2024-07-28
b6cdc05fa00e4393,1f874be6a0cb1c90,email,upgrade,0.8,unresolved,4.1,c423299841bcd116,2024-08-17
97485e63fd995e3c,ff107396f163c985,branch,upgrade,0.9,resolved,8.5,82fe407f64b38d82,2024-05-04
d151a3a620d048c5,0bb1d61fa1b0f993,app,general,1.2,unresolved,6.1,05793679970dfe83,2024-02-08
a6fd2d621607b7d3,69ab54f2b5e0c129,app,cancellation,4.2,resolved,1.6,dad25bdc2eb28efc,2024-03-06
4c4ddd8c7c971077,c8548340e292f8ae,branch,cancellation,0.6,resolved,3.3,ec398133ae662ffd,2024-01-13
d5fb86832c014c53,e2bf979250213981,chat,cancellation,1.0,unresolved,3.9,5b7627488b739561,2024-07-26
9ce1b2a0e6f770da,afe40b8a8f0f3d84,chat,general,0.6,resolved,1.4,af4f3115ae880ef1,2024-07-15
6597de53f27d0d5e,a38f7ac494b6d0a0,phone,technical,2.9,resolved,2.2,d120a5423d6b9809,2024-02-08
acabbf93a74c1a7e,27bfaa358cd59a75,email,billing,14.7,resolved,9.2,0823317874a6b052,2024-07-24
3fba3ff57ad94274,8afdb472cddbdb81,phone,billing,1.3,unresolved,3.7,c7c7ef357b5ecde0,2024-01-30
b773b5b5cd8572a9,6da130da8af1e304,chat,technical,1.9,resolved,7.9,ddf170a476086c6f,2024-02-26
4c5825d9ce4628a4,342bc2899163338d,branch,cancellation,6.4,resolved,4.9,dad25bdc2eb28efc,2024-09-13
0027979d6ab3b0f0,fd0a807ca0df70a8,phone,cancellation,6.7,unresolved,8.0,b42c3b95cba63112,2024-10-16
55339a6442b815ab,ab4e765e8843ec76,phone,technical,2.4,unresolved,7.0,64b696c958ad6331,2024-11-30
67d09dc418da0bdd,ef3d71a9c72b587c,email,technical,8.8,unresolved,6.5,56de770f703fbd3c,2024-01-31
b47b619e0a372326,cc3e28643aee16ef,chat,complaint,11.6,unresolved,2.2,64b696c958ad6331,2024-02-08
ef506ca56d19e14e,15cf0c8a9792e50a,chat,complaint,3.4,resolved,1.8,f390a7f3d461cad8,2024-09-20
2ddb56a648ba1721,cfd3427cb3b54ffa,chat,cancellation,0.3,resolved,2.9,8f76ee50d48b6eb3,2024-04-04
64f17be4a7a4e58d,4d6eb45fd05d56fd,phone,technical,0.5,resolved,9.7,32bd638578fd7f8f,2024-10-02
9e98706865e8ec97,3f8912e52a75358c,chat,complaint,0.5,resolved,8.9,af4f3115ae880ef1,2024-01-23
a57d6c7674b21f52,2aa6d7b211ac3c1c,email,cancellation,12.2,resolved,1.8,f390a7f3d461cad8,2024-10-28
701eb91041f89639,0469899baa19afb3,email,general,8.3,resolved,2.3,ec398133ae662ffd,2024-05-21
e539d4bd810e6175,3889f99d1d1b1c92,chat,general,4.7,resolved,9.9,399b6a1f1b2a5ad4,2024-11-29
2e8e022a7a819a3f,1a13581cb12c0831,phone,billing,2.0,unresolved,8.5,dad25bdc2eb28efc,2024-10-12
ac68570dcd48ba1b,f4aebc96462e6b0f,app,general,1.6,unresolved,7.7,ec398133ae662ffd,2024-02-12
d80af77a58eab636,224fb9a274e0418f,branch,technical,1.4,unresolved,2.9,dad25bdc2eb28efc,2024-05-05
e3223f339412b38b,0a46b465bfb2b2b8,phone,general,14.2,resolved,5.6,ee08771c9d0f0715,2024-06-11
5fd5b11a6432735a,3550bcf50d099218,chat,cancellation,5.0,resolved,5.3,dad25bdc2eb28efc,2024-05-26
96d97c8a5920f091,7cfe910d5ae635ea,email,cancellation,11.2,resolved,6.5,d120a5423d6b9809,2024-02-18
06c0edf17651026c,29888b944b65e29f,email,cancellation,1.9,resolved,5.4,b42c3b95cba63112,2024-01-20
40376af0c43f502e,da1ce756a9266d28,app,upgrade,17.6,unresolved,1.8,05793679970dfe83,2024-01-03
aa123dce762eb1fb,470265a8c14c52e0,chat,cancellation,0.2,resolved,10.0,32bd638578fd7f8f,2024-11-26
5804ec5dd512e77a,dd4bc80c6125668a,app,complaint,0.9,unresolved,7.2,1a74383a109cb319,2024-07-17
0c5201a52386d90b,6c14a166a64d8b13,app,billing,2.3,resolved,5.0,cfa1407a0ddbe71e,2024-03-08
178c594e1cdadf8c,f29d7ce6de0d8623,branch,complaint,6.3,resolved,5.1,3c4fd57ee2769348,2024-12-27
b1ef2129d6ed322b,6ea67b24b77eb9f4,email,upgrade,2.3,resolved,7.8,05793679970dfe83,2024-05-04
d69d89e32f553519,bfb5e25d1defb1ce,chat,general,5.9,resolved,1.2,32bd638578fd7f8f,2024-04-26
3e0020a35a8fbf81,350d9ea9aab807a6,app,billing,8.7,unresolved,7.8,544a618267704438,2024-03-24
d1c1c04ed1d40e66,c03ffd1693bec76d,email,complaint,1.3,resolved,9.6,3370822d9a67b2b4,2024-09-16
59904d557c9db839,cf24922037aeb96d,chat,technical,0.4,resolved,1.8,0823317874a6b052,2024-02-08
536f48f017f4af36,84ccf3119a3a106d,phone,complaint,3.9,unresolved,7.3,56de770f703fbd3c,2024-10-16
fa5dd9314d176fcb,673514b88fe6c0c7,phone,upgrade,2.6,resolved,8.1,1a74383a109cb319,2024-06-24
208acae5628cc333,470265a8c14c52e0,phone,general,1.6,resolved,5.9,fedc2b2956802007,2024-06-03
b8c6466ee63e4a4e,985b4d44da64c8ed,email,technical,11.1,unresolved,8.3,b6e6bbe380a4ecfa,2024-01-06
139148f96fbe194a,97d0e5ed91f5a295,app,complaint,0.8,resolved,7.6,2305400ca286a6be,2024-09-08
a843acc575c45d78,7817ec45dfccddb9,phone,upgrade,1.4,unresolved,4.0,adeaddf287e0ac93,2024-05-31
5f13ce95cd6825b2,9ea3c99ef5cf605a,app,cancellation,5.4,resolved,6.2,b6e6bbe380a4ecfa,2024-04-27
519be4ec0378fc27,1e14b7c74622ac4b,phone,upgrade,0.2,resolved,6.1,b4b0a9df62e6341e,2024-12-20
8cd16d8bbcbd4c47,713ed89f0f6f4e04,email,general,4.1,resolved,9.0,5e638881d60146cc,2024-03-05
ddad5b7901c5dbcd,f850880759dff994,app,cancellation,0.3,unresolved,3.2,0addca0233b2a77d,2024-06-01
d696aa64c4755bf5,6c14a166a64d8b13,branch,upgrade,3.7,resolved,3.0,774ec0b9da094a62,2024-06-04
82491d071238dbba,044bd9f45244b936,branch,upgrade,7.5,unresolved,4.1,dad25bdc2eb28efc,2024-09-19
6dc9c3aa7765950b,601c7b8334f16768,phone,complaint,14.1,unresolved,3.2,adeaddf287e0ac93,2024-11-23
95105903b223016a,0a3a13a712776e78,chat,technical,1.9,escalated,9.4,5e638881d60146cc,2024-02-15
bce1e35f540d041d,70b4ff1afa97020e,phone,technical,11.7,resolved,5.6,c423299841bcd116,2024-12-30
ea3a9ba34c4f933f,09151ed2d74d2e19,branch,technical,2.7,unresolved,5.8,32bd638578fd7f8f,2024-01-13
55d9dc5c022b7607,7efe72eedea1bcc7,branch,general,2.7,resolved,6.2,3c4fd57ee2769348,2024-04-09
d77d0d1a5c8de690,61fd0f5864ecb010,phone,complaint,3.1,resolved,4.4,b6e6bbe380a4ecfa,2024-04-15
6db5efc68981d85b,788179f07895627a,app,technical,2.3,resolved,2.4,64b696c958ad6331,2024-08-15
5b142390035f5737,8e8ef9b2d63288e9,branch,billing,8.2,resolved,9.8,d120a5423d6b9809,2024-10-02
5ff81ec3511d3fc5,4d6eb45fd05d56fd,chat,complaint,4.1,unresolved,8.1,cac0551db5e3f05d,2024-03-07
449e4326f22d6558,97b20d27eeac7dcf,phone,complaint,3.5,resolved,2.6,56de770f703fbd3c,2024-10-28
636d8c3433ba05a2,6e46faafb066708e,chat,upgrade,2.0,unresolved,1.4,8f76ee50d48b6eb3,2024-05-07
bcedddda651bed4e,8595ddc66d3b9017,app,billing,3.8,resolved,9.1,06ca84ca3e4fe39c,2024-03-22
9a11aa6ec4cd4599,ccd42e485671dcd6,app,cancellation,10.0,resolved,5.6,5b7627488b739561,2024-07-12
f9f1a6b8de85454d,a2ff8127a2edf96f,chat,billing,3.0,resolved,5.7,c76eb8bd11bd6115,2024-01-25
16a6d4ac50bac7c5,1933c19b3ca490f6,email,upgrade,11.2,resolved,5.6,b4b0a9df62e6341e,2024-02-15
36dc9a3ce10e133d,9346d0d6814428d4,branch,complaint,0.3,resolved,2.3,2cd0bba07e3f4cdf,2024-05-04
495f5f7e38caf9dd,267e625565404acc,app,cancellation,2.3,unresolved,7.8,dad25bdc2eb28efc,2024-08-31
e12dd7a3a07de83c,a3bb335e7dd28a54,app,cancellation,6.9,resolved,4.2,b42c3b95cba63112,2024-04-02
15f32d5b42757855,b99db9927fd6de2b,branch,billing,17.6,resolved,5.0,d120a5423d6b9809,2024-01-04
6289c3080c0fd57d,6278347022e40fe1,email,upgrade,2.8,resolved,7.4,b7dff30912eb0039,2024-08-11
da1be83cf8b8532b,2faecd2ea9af1b38,chat,complaint,1.0,unresolved,1.9,bac5f7879d67307f,2024-12-23
ea4b2685db5b9a62,12e63a843a011c35,app,upgrade,3.5,unresolved,5.6,dfec25d33cc2bf76,2024-05-14
42656b55cbdcc1a0,cc57238a136e920c,app,complaint,3.4,unresolved,2.5,3c4fd57ee2769348,2024-09-25
ea5f2f9fa136c3da,a790d620cc18f41a,branch,general,0.8,resolved,9.1,5e638881d60146cc,2024-05-27
92ce55e8bee77093,88256bb2a38ef014,phone,general,2.3,resolved,4.9,b6e6bbe380a4ecfa,2024-10-18
582bf6e5fddd421f,de4ae09d9f2d9531,branch,technical,8.2,escalated,2.2,4cc9a85ce7df38b6,2024-08-07
12fec2d1c65b039d,37f3b479dac1617b,email,cancellation,9.6,escalated,3.4,0823317874a6b052,2024-11-06
b6a511b90ff98f16,edb39a7fbdf3edaa,app,technical,0.3,resolved,1.5,b7dff30912eb0039,2024-06-25
e3b347a1703cad0b,73782229d955b453,chat,billing,3.9,unresolved,3.1,c423299841bcd116,2024-07-04
d4b99c59a35ed72b,79b34c7dbd15f98b,chat,billing,2.0,resolved,9.3,8168c84b4d453f19,2024-07-07
2203c0b9dec7ae23,328e8885eb7190eb,app,technical,8.4,unresolved,6.1,d62a03403b96385d,2024-09-12
cc5cfe0d3648c060,2bc450148c28b47a,app,billing,3.4,resolved,9.5,399b6a1f1b2a5ad4,2024-12-03
0641b64a408cfe06,1383c0e777d7e42a,app,upgrade,6.8,unresolved,4.4,fb850b9cfc684926,2024-02-21
2607be77a2e63c3d,3b522e0c4debdf10,branch,general,2.3,unresolved,3.7,3370822d9a67b2b4,2024-01-24
bd82c3526cd04ea6,1c0b4f39057c26ff,branch,general,2.2,resolved,9.6,1c39c989cc2a171c,2024-12-01
1afe5f5028bde3b0,4f6a604412055600,app,technical,1.6,resolved,7.0,dad25bdc2eb28efc,2024-07-05
bd75b203ff67430d,14e24b971303e94d,phone,billing,1.8,unresolved,5.9,5e638881d60146cc,2024-11-19
d2aa8e2226eaff53,05994ecc6b269fd8,phone,general,7.1,resolved,1.1,4cc9a85ce7df38b6,2024-12-01
c4513d59cd9c327d,51bae5d5e6eb1e84,app,complaint,1.8,unresolved,3.1,774ec0b9da094a62,2024-09-26
6c84207a66cb2743,02cf0c5ce4fdbcb7,phone,cancellation,6.4,resolved,5.6,fb850b9cfc684926,2024-11-04
cf34c84cba440068,297073f7a7ee6b4f,chat,cancellation,8.6,escalated,3.3,b6e6bbe380a4ecfa,2024-11-05
620a475a9775e512,dd4bc80c6125668a,chat,complaint,6.2,resolved,9.8,fb850b9cfc684926,2024-01-09
d8e83c27b0eb4864,a93aa7dace01d135,app,upgrade,0.1,unresolved,2.7,1fa6b70d2a59204a,2024-02-14
7439dfd146f2c16b,d6b0aeb2a47ebd4f,phone,billing,3.5,escalated,6.7,d62a03403b96385d,2024-12-20
60ca731998aa1b0b,24035e5fa3060bd4,branch,complaint,0.9,unresolved,1.7,6454d581c167ce15,2024-08-13
0bf2c8e7489a57e7,52f2608f0fdfd28c,branch,cancellation,9.0,resolved,5.5,8168c84b4d453f19,2024-06-24
6f2210423bb12e4c,c6ef2a45ddd2f617,branch,cancellation,11.5,resolved,1.3,1fa6b70d2a59204a,2024-09-29
584c1767c7873e5b,42c4eabba3c0309b,phone,billing,0.3,unresolved,4.8,05793679970dfe83,2024-12-18
f66d847909fcf99d,399d361b0b750759,chat,billing,15.4,resolved,6.4,c76eb8bd11bd6115,2024-10-01
6d5a8a1809bd8992,9e0ee76af6f63d14,branch,billing,6.9,resolved,6.2,c5c4ea45c9fa7128,2024-03-24
ab65474b7eaf9ec1,ea41aee0b5febb6b,chat,upgrade,6.7,unresolved,3.0,774ec0b9da094a62,2024-06-27
d4f23e22d5db5ff5,d4a0f77033696654,email,cancellation,0.2,resolved,8.0,544a618267704438,2024-09-02
987dfd55382600c6,183a499c6578411d,email,technical,5.2,unresolved,2.3,05793679970dfe83,2024-03-26
3a1bc2449428dd09,28b1bf21489bea06,chat,complaint,5.1,resolved,2.2,fb850b9cfc684926,2024-07-30
53b57d1f078ded5e,f358e079224e09b4,email,general,10.3,resolved,2.9,0823317874a6b052,2024-08-03
08fcb316fb16710a,88256bb2a38ef014,phone,general,3.6,unresolved,2.8,fb850b9cfc684926,2024-01-21
3a76df5d8321a659,32dd4f34e06d50d9,email,upgrade,9.2,resolved,3.8,5b7627488b739561,2024-08-03
f2cc3a1efe6a14cc,ada3958d08916f0f,branch,technical,0.6,unresolved,7.5,399b6a1f1b2a5ad4,2024-06-05
65191db30a6d8cfb,449468eb0d2d9425,app,general,4.9,unresolved,5.3,b4b0a9df62e6341e,2024-08-06
13cf2c0284d72b38,73a33dcdb368fef2,app,general,1.3,escalated,1.9,3370822d9a67b2b4,2024-06-13
e6073272a8bd4969,4a64fe624ae06538,app,technical,5.6,resolved,5.8,8168c84b4d453f19,2024-02-02
e41d14d8cd6960f0,c6ef2a45ddd2f617,email,general,0.6,resolved,6.9,b4b0a9df62e6341e,2024-11-21
49a2181218e63524,8a2b37f719b60f6b,email,upgrade,0.1,resolved,1.1,fedc2b2956802007,2024-09-05
b997c00cdafc4aca,f3949495d1d258f1,chat,upgrade,2.0,escalated,1.9,7c89d0af87939122,2024-09-26
f6ce0af3f8156e1f,a6e44b308296a3d0,branch,general,0.4,resolved,8.8,64b696c958ad6331,2024-04-17
c236072d6a2d747d,51310eeba67238b6,email,cancellation,3.0,resolved,1.3,d62a03403b96385d,2024-02-14
ba4cac6593c991ba,e9eb878f95923e75,app,complaint,6.8,unresolved,8.4,c5c4ea45c9fa7128,2024-03-27
0b696369625294fb,90378b5f74c6c6ee,chat,cancellation,7.0,unresolved,3.1,05793679970dfe83,2024-11-09
81c4798fe8f0deb8,0a3a13a712776e78,chat,billing,8.9,resolved,6.6,dad25bdc2eb28efc,2024-10-27
7893e9835fc8ead6,db996eb524714042,email,general,5.4,escalated,1.0,05793679970dfe83,2024-10-26
658b1ec65e6ae14d,c2417da8ecc86cd2,email,complaint,4.7,unresolved,5.7,c7c7ef357b5ecde0,2024-11-26
4e833a87aa9aabb6,40795a3e29c51480,email,complaint,7.4,resolved,7.5,ddf170a476086c6f,2024-01-06
45704c0882d84e45,ccde1e88c9dacee8,chat,complaint,6.0,resolved,5.3,8f76ee50d48b6eb3,2024-06-22
f62fa9b65677e832,be15ab4e1a02bf8f,app,complaint,1.3,resolved,6.7,0addca0233b2a77d,2024-05-04
a3baa35da083b9f9,2cee8df3253c6be0,app,billing,22.9,resolved,4.5,b7dff30912eb0039,2024-10-06
33efd0577e97de0a,977c64cfba67295a,branch,cancellation,4.5,resolved,3.3,6454d581c167ce15,2024-11-27
403ef0c9863b8575,2589298c9144818b,phone,upgrade,2.1,resolved,4.3,56de770f703fbd3c,2024-10-06
cdcd568d85690747,8cfb46094b5f0108,chat,technical,1.4,unresolved,1.3,c7c7ef357b5ecde0,2024-08-16
ccf8e9b8665a2f85,22d5bb56573939bc,app,general,4.2,escalated,5.4,c5c4ea45c9fa7128,2024-04-18
8d0b41549adedd9c,7e4da7f164626253,chat,upgrade,3.4,resolved,2.4,5e638881d60146cc,2024-10-24
637da10294c89a57,72fcea085bcfb91a,branch,upgrade,3.7,resolved,6.2,b42c3b95cba63112,2024-02-05
2d4dfa59a0e5d65b,250219c2401f56a4,email,billing,5.9,resolved,4.9,7c89d0af87939122,2024-10-24
f910e99a1683b452,639fffe8f52ba3ca,app,technical,1.1,resolved,4.4,3370822d9a67b2b4,2024-04-20
c20efb7a8e0b5138,8183e42e6ef09235,email,complaint,3.3,resolved,8.1,c423299841bcd116,2024-07-11
92152ae00056c5b1,caa3f70770df65c2,app,cancellation,6.9,resolved,9.0,dad25bdc2eb28efc,2024-10-05
e9dcd40125835298,eeccf8e98cb3268d,phone,general,1.5,resolved,4.2,bac5f7879d67307f,2024-08-23
e69db8c508f4d5b6,20d0575d08c7416f,app,upgrade,14.0,resolved,4.3,ec398133ae662ffd,2024-08-22
d710c29209b4d1e2,3f4efb84eb535b03,email,billing,0.7,resolved,5.2,ee08771c9d0f0715,2024-09-26
3256905e23528111,e2cbadb8db971ce1,branch,general,0.4,escalated,6.9,cac0551db5e3f05d,2024-04-11
aaac5a29a99fe93a,285ea4ca8c35e49e,phone,technical,2.1,resolved,6.9,f390a7f3d461cad8,2024-02-20
169ec0db21ca7943,781a084a4e5ce34e,chat,complaint,2.5,resolved,6.6,06ca84ca3e4fe39c,2024-09-09
fdb458cc6e62eb9d,c6ef2a45ddd2f617,app,technical,2.8,unresolved,1.3,3370822d9a67b2b4,2024-01-22
c3e0017681197154,b9cff79f30abaf85,chat,complaint,3.5,unresolved,7.3,c423299841bcd116,2024-07-02
1022d8190e1a0e4c,1c977db147f46222,app,technical,8.2,resolved,7.8,5b7627488b739561,2024-02-21
bdab0fb0356f0f8d,5722d73095abd727,chat,upgrade,0.2,resolved,2.1,399b6a1f1b2a5ad4,2024-10-12
0fceeeb2e4b91502,5972430fab4f2beb,chat,billing,3.3,resolved,5.9,b6e6bbe380a4ecfa,2024-01-02
58e8ec457e43644b,238a336ea811dc5f,app,upgrade,2.7,resolved,5.5,8168c84b4d453f19,2024-05-19
65e6b04d3136b06b,4f6a604412055600,email,complaint,3.4,resolved,3.2,2cd0bba07e3f4cdf,2024-04-09
56d7abd9778fa3ac,149396c4c5912808,chat,technical,0.1,unresolved,3.5,544a618267704438,2024-10-10
94ce90b8959e3714,70af6a05166575bf,branch,technical,10.4,resolved,4.0,399b6a1f1b2a5ad4,2024-12-13
8d058b874fbb9a5e,783822a5b1d89d21,branch,complaint,1.2,unresolved,2.1,4cc9a85ce7df38b6,2024-05-15
102c6dedd4ec17ab,7f66816c12c166d6,chat,cancellation,0.7,escalated,9.7,0addca0233b2a77d,2024-01-09
3df602e62f18aca1,cfc633a0e42f4c7d,email,billing,8.5,unresolved,4.2,06ca84ca3e4fe39c,2024-11-18
5d075924facaae41,35a88194863ed22a,email,cancellation,0.3,unresolved,5.1,1a74383a109cb319,2024-07-09
32153dbf8f3f1c44,e471fdaf173e9a5f,app,technical,10.8,unresolved,9.2,3c4fd57ee2769348,2024-03-29
3c80d304ef9f91d1,673514b88fe6c0c7,chat,upgrade,0.4,resolved,4.3,2305400ca286a6be,2024-02-14
0a168d532a06c420,276e5ae6c75a8b32,app,general,0.7,unresolved,9.4,399b6a1f1b2a5ad4,2024-08-19
3f74f3b001f3d13a,016ff9d51a4486dc,phone,technical,0.4,resolved,7.8,b4b0a9df62e6341e,2024-04-20
1bd00d97a7ab6c9e,35d53b5d84d3da8d,app,complaint,7.7,resolved,9.4,dad25bdc2eb28efc,2024-12-14
acd5ebfaa6409002,ccde1e88c9dacee8,branch,general,1.6,escalated,6.8,0addca0233b2a77d,2024-02-18
31071ce795e89ae4,47b414bee807800f,chat,technical,3.1,unresolved,6.9,2cd0bba07e3f4cdf,2024-09-30
d47c7f76d416818a,2547a6de8a3897bd,branch,billing,14.5,escalated,4.6,cfa1407a0ddbe71e,2024-11-28
c53893d7e4ac9e6a,ad322e7a390c0744,chat,billing,12.2,resolved,5.4,1a74383a109cb319,2024-11-26
3e09c6b8ee055ca3,686850852cf61235,app,complaint,0.8,resolved,3.2,32bd638578fd7f8f,2024-10-07
a4b12c3cfce04ddf,430d5e560fc5effe,app,complaint,1.9,resolved,7.7,82fe407f64b38d82,2024-12-12
b88a403f9303ceac,2940524866b1c70b,phone,cancellation,1.6,resolved,1.7,fedc2b2956802007,2024-12-01
58b2552d14d51231,cb3a7a12ac0f2654,branch,technical,2.2,resolved,9.7,b7dff30912eb0039,2024-05-23
2ba49773f0d94891,a790d620cc18f41a,branch,general,3.4,resolved,3.9,cac0551db5e3f05d,2024-07-04
cbdd583c24078281,7d7df171e0105269,email,general,0.3,resolved,3.3,0addca0233b2a77d,2024-05-21
f5a6af1afe41ca21,54bbd2fc294c7d06,chat,general,1.9,resolved,5.8,82fe407f64b38d82,2024-02-02
00c2410095a2a184,d7ab65598d82d494,email,cancellation,7.9,escalated,5.1,0823317874a6b052,2024-01-05
8742d06047d00c9a,ca53275e55749087,email,upgrade,12.5,unresolved,2.9,7c89d0af87939122,2024-06-23
2f4441de269942b5,0a3a13a712776e78,chat,technical,7.1,resolved,6.9,544a618267704438,2024-03-19
3c22d9836833c7e6,7477e882990d2bcf,phone,technical,4.2,resolved,7.3,cfa1407a0ddbe71e,2024-10-14
a9192f525bfbf8fb,df5a7d4e1e07dca3,email,upgrade,4.5,unresolved,8.8,06ca84ca3e4fe39c,2024-08-18
dee264133d19b382,ad322e7a390c0744,chat,technical,7.1,resolved,1.9,06ca84ca3e4fe39c,2024-11-05
6f6506bfd0e35b69,f148d5c44b2f2680,branch,billing,0.4,unresolved,6.4,d62a03403b96385d,2024-04-12
6f4cc46d39f17da5,7b9f9dd5e6c6017e,chat,complaint,11.3,resolved,8.8,bac5f7879d67307f,2024-11-25
903180a2cfb0127e,b0cace3cdb71b4c7,email,technical,2.3,unresolved,6.0,06ca84ca3e4fe39c,2024-10-23
2773e75af61e0ae8,8ca025aa63ad7f19,app,cancellation,8.6,escalated,6.6,fedc2b2956802007,2024-12-02
dd852ce4cd1a9f20,a93aa7dace01d135,chat,billing,1.5,resolved,5.8,5b7627488b739561,2024-04-30
4789df37ae0d40d4,244a999dbc2e7573,email,cancellation,0.6,resolved,1.3,8f76ee50d48b6eb3,2024-10-26
13eab169fe09c025,d4178519491ed4e0,email,upgrade,2.7,resolved,5.6,56de770f703fbd3c,2024-01-04
c6f27899932e1811,ff107396f163c985,app,general,0.0,resolved,7.6,8168c84b4d453f19,2024-03-06
376aeeffd50a805d,2c3888e2386d6cb4,branch,general,1.6,resolved,1.7,c7c7ef357b5ecde0,2024-02-15
6787d57ff6bcebd8,494d524e72dd81a6,branch,upgrade,1.3,resolved,9.8,ee08771c9d0f0715,2024-01-14
f767d04100858140,60bf64ac291e0e1d,app,cancellation,3.9,resolved,7.3,c423299841bcd116,2024-04-08
4906a316d6f0520d,187336a7e7837268,app,general,7.7,unresolved,8.5,64b696c958ad6331,2024-02-21
4db0e47755cae531,2c0e7544e635fc12,chat,cancellation,0.1,unresolved,5.4,c76eb8bd11bd6115,2024-10-25
69c97b8b6e7b3c8b,a83327220e8416d4,email,complaint,1.5,resolved,4.0,fedc2b2956802007,2024-01-14
5d70836b991452c3,be15ab4e1a02bf8f,email,cancellation,0.9,resolved,5.0,fedc2b2956802007,2024-08-21
3d69919d27e8913d,0ef584decd975f31,chat,general,0.0,resolved,9.3,8168c84b4d453f19,2024-02-05
e5dc6c52fe2ca83d,f3949495d1d258f1,app,upgrade,10.5,resolved,6.1,ee08771c9d0f0715,2024-11-21
dc8c639ccc672831,92d22d40618e5f53,branch,general,10.7,resolved,5.3,0addca0233b2a77d,2024-12-25
92f24e50c49c32e1,95d9b7dd6a49d3a5,app,complaint,3.4,unresolved,5.3,7c89d0af87939122,2024-02-28
dfc96ee6bce7e96f,8223a60e4286692e,branch,cancellation,0.3,unresolved,8.3,32bd638578fd7f8f,2024-06-13
4e9b9f06fd0e6c59,5e971feb22cb149b,email,technical,16.0,resolved,5.1,b42c3b95cba63112,2024-08-30
386efb9583142943,70e5fb5880e41b74,app,general,5.6,resolved,6.4,ddf170a476086c6f,2024-09-10
67e3078ab5bb84f0,d370bf88bb1fed68,email,complaint,2.1,unresolved,2.0,bac5f7879d67307f,2024-09-30
a2f450aa7adc4e6e,64080c50db039307,app,technical,9.5,unresolved,1.2,c5c4ea45c9fa7128,2024-10-10
a2313890b8b31c9d,f850880759dff994,phone,general,0.2,escalated,5.5,b42c3b95cba63112,2024-12-15
d392552a626e9924,6ee604a0b16c2ac5,branch,cancellation,6.3,resolved,7.3,b6e6bbe380a4ecfa,2024-02-04
71844b924e04c206,a186648bf6fd0472,phone,cancellation,18.9,unresolved,2.6,3370822d9a67b2b4,2024-09-12
2526e0850ad8a0ae,f5c1f4185201b43e,email,cancellation,12.3,escalated,3.8,fb850b9cfc684926,2024-10-11
0d7a8a7570126317,cca7ef7141361fdf,phone,billing,1.9,resolved,6.9,4cc9a85ce7df38b6,2024-05-31
2650281c87a4cfec,8537b128fe18c4ca,branch,complaint,6.3,resolved,5.6,64b696c958ad6331,2024-04-06
dcde5134838bad40,6e4f134425053dd5,branch,general,4.0,resolved,6.4,544a618267704438,2024-12-16
c4b7c9d32445101a,fc66fb484f6ff20a,branch,cancellation,4.2,resolved,3.7,5e638881d60146cc,2024-01-09
93afbe2ede8efdf0,1b60ba3aec06c5b3,chat,technical,6.2,resolved,3.4,399b6a1f1b2a5ad4,2024-11-25
a062120986f562a8,1dd675c43554d179,app,billing,7.2,unresolved,5.4,adeaddf287e0ac93,2024-12-14
df9edacbb2e69313,356a8c1e286f5d7a,app,complaint,0.5,unresolved,4.4,c5c4ea45c9fa7128,2024-06-18
dc42957006c37962,99606e9a057b6340,app,technical,8.2,escalated,5.1,32bd638578fd7f8f,2024-01-12
c5b22be6b3eb7ef5,3fc342302a9bcaff,phone,upgrade,3.5,resolved,6.5,774ec0b9da094a62,2024-03-26
a897c747b114325f,20f1826aa7875d0d,phone,complaint,10.4,escalated,3.6,dad25bdc2eb28efc,2024-01-31
b1e457877f32fe8e,8166de5cde53c8ee,branch,billing,2.5,resolved,5.7,4cc9a85ce7df38b6,2024-07-23
20474e20eacb5cb4,fae0b351876a2aca,email,billing,3.5,resolved,2.9,609f4a1d006cc5d0,2024-11-19
a52ab2fca33bee74,a80add72462cd85f,phone,billing,5.6,resolved,3.0,64b696c958ad6331,2024-06-13
9c2a042dc5b65230,06a4d89404253d9e,app,complaint,9.2,unresolved,5.4,f058f69146fde5a4,2024-07-23
42e069d5f3df3c3c,5800cc8d6a5c3e91,branch,technical,0.3,resolved,5.4,ee08771c9d0f0715,2024-07-03
c3b112370139daa8,ee2417daade824ea,branch,technical,6.4,escalated,4.0,b6e6bbe380a4ecfa,2024-04-26
d80946fbbf2b38ca,dd286cf412365357,branch,complaint,7.4,unresolved,1.4,b6e6bbe380a4ecfa,2024-02-29
2209c0dea140d2a4,cfd3427cb3b54ffa,app,cancellation,1.4,unresolved,5.8,7c89d0af87939122,2024-10-26
9e94f03580abd08a,ceabfd7dba2cdcee,chat,technical,2.7,resolved,4.0,fedc2b2956802007,2024-08-31
c5795744af6dcb44,d55ad22d8e638147,chat,billing,0.3,resolved,6.7,c76eb8bd11bd6115,2024-06-07
0aac35400946e15e,c883193555c4b7ec,phone,cancellation,4.0,resolved,6.2,3370822d9a67b2b4,2024-09-05
c1eb2421fc4b12fd,07b871ac172a9c35,email,complaint,0.8,unresolved,5.1,c423299841bcd116,2024-10-01
d15dfcb8025455a7,48729bba3c509acb,chat,general,5.7,escalated,1.9,56de770f703fbd3c,2024-12-01
5efc62b030fff944,703456167a7acd17,app,billing,6.8,resolved,8.6,f390a7f3d461cad8,2024-12-27
41a8a71c5235d5b7,c7d3a2c6c0d0016a,chat,general,12.9,escalated,1.1,609f4a1d006cc5d0,2024-12-25
640f7a9880e460fc,79f31847f0a1fb1e,phone,general,2.4,resolved,5.5,dad25bdc2eb28efc,2024-05-27
8537524e3a6a2d6c,80bcb8bfbd90af5c,chat,billing,18.0,unresolved,6.3,adeaddf287e0ac93,2024-01-31
b492cb747ff8c183,70b4ff1afa97020e,email,complaint,8.9,resolved,1.6,1c39c989cc2a171c,2024-08-07
36d63afe155e7e20,267e625565404acc,app,complaint,5.8,unresolved,4.3,c423299841bcd116,2024-02-01
8073d763a46c2940,84ccf3119a3a106d,email,complaint,6.9,resolved,7.8,fb850b9cfc684926,2024-02-25
cf9a5c854e5ab3ef,1e14b7c74622ac4b,branch,cancellation,0.9,resolved,3.2,544a618267704438,2024-01-05
9d7d7786523d762d,00df7022ce2e0386,branch,upgrade,4.8,resolved,2.8,c423299841bcd116,2024-12-11
7b264e87c9af96f3,a93aa7dace01d135,chat,complaint,6.8,escalated,7.8,d62a03403b96385d,2024-07-15
637a2cf66bcd80e9,4e0d9e14e02c2a34,app,billing,4.3,resolved,9.4,ee08771c9d0f0715,2024-03-22
9344ed2811a44308,7f08e90a594767b7,chat,general,4.4,unresolved,6.9,5e638881d60146cc,2024-12-07
1d8408bbc2dbcbb6,cfd7bfdc0ab5033a,branch,upgrade,1.2,escalated,1.4,56de770f703fbd3c,2024-03-30
b7df3c9c3e186abe,c4be4101ef794440,phone,general,1.6,unresolved,7.2,1a74383a109cb319,2024-01-12
02599750d867d7a9,9e04230ae86651f3,app,technical,1.5,unresolved,8.6,774ec0b9da094a62,2024-09-18
d99c9feca326e8b4,e66d521b716e3bfc,app,technical,1.6,unresolved,9.8,c423299841bcd116,2024-04-20
8f693566c5e9957e,eab35ba465ec4495,branch,upgrade,0.8,resolved,8.8,ee08771c9d0f0715,2024-11-26
0f3997182483ef47,a7847bb3573d03ed,phone,billing,1.6,resolved,7.6,82fe407f64b38d82,2024-03-12
fe98e1abc70d6832,65495bd15778eb48,chat,technical,0.3,resolved,4.3,3370822d9a67b2b4,2024-01-06
16086092605fe2e0,789cca4466567bf5,phone,general,0.6,unresolved,1.7,cfa1407a0ddbe71e,2024-12-05
d6b1859ecedc2f6d,1feaa13096450730,app,complaint,2.6,resolved,10.0,56de770f703fbd3c,2024-08-02
91b3e46c9f905577,c8bd83145603e477,chat,upgrade,28.0,resolved,5.8,774ec0b9da094a62,2024-02-02
8b361aaf50627455,a265fd09e4a67210,email,technical,1.4,resolved,7.9,32bd638578fd7f8f,2024-11-26
0384dce7d49e874d,4587b25745585a05,phone,technical,22.5,resolved,1.4,b6e6bbe380a4ecfa,2024-07-24
f4df6431bae47994,fec6726221782e14,phone,cancellation,0.4,resolved,5.0,b42c3b95cba63112,2024-03-22
b2be12ac5446a1cb,0856888b48e8a7ac,email,technical,21.3,resolved,6.6,cfa1407a0ddbe71e,2024-08-12
91e03511f192736a,0144e4b8227cbf3f,app,general,7.8,resolved,4.9,0addca0233b2a77d,2024-11-29
a601591fa0d4c62b,ed4a16cea68d7e1f,chat,technical,2.2,resolved,5.5,ec398133ae662ffd,2024-01-25
57cd6105ae93f740,0469899baa19afb3,phone,cancellation,5.9,resolved,9.7,5e638881d60146cc,2024-01-20
93e2860f2a261832,87dc8c4342f67013,branch,billing,1.4,resolved,8.5,ec398133ae662ffd,2024-09-13
d88139e3b2a9e2cf,673514b88fe6c0c7,branch,complaint,5.5,escalated,8.5,b42c3b95cba63112,2024-12-22
3d4e829d2a3a84a7,a6bd5c48718d9b02,branch,technical,10.9,resolved,8.4,dad25bdc2eb28efc,2024-11-15
88619f4ebb7a90ae,f2136377229fb6df,phone,complaint,1.5,unresolved,4.0,4cc9a85ce7df38b6,2024-07-11
a37313fa811a82c8,cbe05534a3641062,email,technical,10.2,resolved,8.0,ee08771c9d0f0715,2024-03-30
541b2fb787cfd85e,d4178519491ed4e0,branch,technical,25.7,resolved,6.5,2cd0bba07e3f4cdf,2024-12-07
59f4218e4b127e43,a2f1ae70dbe7c06c,branch,general,26.1,resolved,6.5,fb850b9cfc684926,2024-09-30
9b801cf107472818,75d8f06438f91d09,phone,general,0.4,resolved,7.1,d120a5423d6b9809,2024-07-15
2e71aa466f536c3b,7cc3d9f09d5d18c2,app,complaint,16.4,resolved,1.8,0addca0233b2a77d,2024-06-23
f7e58da81dfe0a40,7ad3942bb15ffcaf,branch,general,0.9,resolved,5.1,774ec0b9da094a62,2024-03-08
5b7b17750fcc76c6,2160957767334b7b,branch,complaint,11.6,resolved,5.2,b42c3b95cba63112,2024-08-22
44f7c86f6ce1598f,e5847d6824a5e200,phone,technical,2.9,resolved,10.0,c5c4ea45c9fa7128,2024-10-12
7d0849e32e420971,788179f07895627a,branch,upgrade,6.9,resolved,8.4,d120a5423d6b9809,2024-05-21
321777920dd13a3c,c58d0839909f773c,app,complaint,11.0,unresolved,1.8,af4f3115ae880ef1,2024-06-10
dc866e898ce37fef,333346881cc05374,app,billing,10.7,resolved,9.8,ec398133ae662ffd,2024-01-07
7bf928a94bba3229,6da130da8af1e304,chat,cancellation,0.6,resolved,9.4,06ca84ca3e4fe39c,2024-02-26
4eebc52eb6bf17b7,289fad8aadc0b5a7,branch,billing,0.9,resolved,3.2,2305400ca286a6be,2024-05-29
0dc1d8aa60c91bda,a9cb620e782da676,phone,billing,0.9,resolved,3.0,adeaddf287e0ac93,2024-02-06
2e7fc060300cd2f9,76de6665e38fef60,phone,general,10.7,escalated,2.3,64b696c958ad6331,2024-11-09
c8ddcf54546f5435,19046af20719a933,chat,upgrade,0.0,escalated,7.6,4cc9a85ce7df38b6,2024-03-30
eada2ff3ccb047ac,e5847d6824a5e200,branch,technical,1.4,resolved,9.2,1a74383a109cb319,2024-12-06
55ded923e2237ff3,f358e079224e09b4,phone,billing,0.8,resolved,5.9,f390a7f3d461cad8,2024-03-24
11a6ab1160a34b5f,18f69bcd2f9cc9c3,chat,cancellation,0.0,resolved,2.2,774ec0b9da094a62,2024-02-18
1d452ce3c57f556b,7d3b0e86e95f0ad8,email,general,3.8,resolved,4.6,dad25bdc2eb28efc,2024-12-16
82502d6455c7d572,9b07df76ca908edb,app,general,0.9,resolved,4.9,cac0551db5e3f05d,2024-11-21
ed5ad935f1746e25,d401c5577bb35cfc,chat,complaint,0.1,unresolved,5.2,dad25bdc2eb28efc,2024-12-28
9f29d20c7d572da7,9ea3c99ef5cf605a,app,billing,8.8,unresolved,9.1,dfec25d33cc2bf76,2024-12-10
92eaba17aff7f983,4587b25745585a05,app,technical,0.1,resolved,2.5,8168c84b4d453f19,2024-08-09
1e4df3b274ad927c,3a34da158180a2b2,app,technical,3.1,resolved,7.1,4cc9a85ce7df38b6,2024-03-23
e814f6c8c013f560,e52768c960a35996,email,technical,4.3,resolved,9.1,cfa1407a0ddbe71e,2024-06-10
0ede57da18931d01,06f74147682dd6f5,branch,cancellation,0.3,unresolved,4.5,774ec0b9da094a62,2024-11-09
cd70376874fe8040,b30511c26c4cf80e,app,cancellation,2.7,resolved,6.8,d120a5423d6b9809,2024-06-18
30869191c5f375dc,cca7ef7141361fdf,app,technical,0.6,escalated,5.7,b42c3b95cba63112,2024-09-29
279fcc91338cf535,aa70cf27e477cd4e,chat,upgrade,4.7,resolved,9.5,8168c84b4d453f19,2024-06-04
03728ccc73d8233b,9818e0f282db1ff0,branch,technical,1.5,resolved,4.0,c7c7ef357b5ecde0,2024-04-21
5bf3b1dd19a812ab,aa03c6e4e5791767,chat,technical,2.9,escalated,1.6,32bd638578fd7f8f,2024-07-07
6dcce14f33ee58c9,6f22cea9eb529737,chat,billing,14.2,unresolved,7.1,ee08771c9d0f0715,2024-11-01
ef9f3326b2aa3210,ad322e7a390c0744,branch,technical,5.8,resolved,7.3,2305400ca286a6be,2024-11-10
0b668008414a1901,15a29e232365fe42,email,technical,7.4,resolved,8.0,774ec0b9da094a62,2024-03-15
25bf62e09c7b2d5f,def76f599c8e96a7,phone,cancellation,0.9,unresolved,2.8,c423299841bcd116,2024-09-18
42186f71565dd6fc,51310eeba67238b6,phone,general,3.0,resolved,2.0,c7c7ef357b5ecde0,2024-11-19
81aed681870ca084,f4aebc96462e6b0f,app,upgrade,6.0,resolved,8.1,6454d581c167ce15,2024-06-22
0d2832d841efd090,220587bd50b23c82,phone,billing,8.3,escalated,8.4,05793679970dfe83,2024-12-27
828c16cc3821f17a,c281620ecc16e8ea,branch,upgrade,4.1,resolved,4.8,0823317874a6b052,2024-02-22
f53e8cfa12a91817,32be5eb671304318,branch,general,15.6,resolved,3.8,cac0551db5e3f05d,2024-12-30
39695dc40ef3e6f4,c50eda8600c290eb,branch,technical,5.0,unresolved,9.9,64b696c958ad6331,2024-04-03
8d771c24fb80b89e,fb35e6d2e1868891,phone,billing,0.0,resolved,6.3,b4b0a9df62e6341e,2024-02-26
98f7da5f57de5a50,407b37d85e83dd32,app,billing,0.3,escalated,8.4,7c89d0af87939122,2024-02-27
53f6b66dd7bef47d,7a6ad03248d611d3,phone,technical,9.6,resolved,9.3,fb850b9cfc684926,2024-09-18
d8aaf9cbbf006d58,466084ce02acd76c,email,billing,11.1,resolved,5.5,7c89d0af87939122,2024-08-05
c4e814c4d0dc6d11,e48b15d72c48a94b,email,billing,8.0,unresolved,9.1,32bd638578fd7f8f,2024-05-24
9ae77095f6ac446f,289fad8aadc0b5a7,chat,complaint,2.2,unresolved,4.3,1a74383a109cb319,2024-09-18
436975ec89e2742f,567693f9de40afdd,phone,complaint,3.3,resolved,3.9,c5c4ea45c9fa7128,2024-03-22
cabcf629986bc250,1bcfd5947f39426e,chat,general,6.8,resolved,5.9,ddf170a476086c6f,2024-03-11
eee352c5568131de,c8922bed7d0e7358,app,technical,3.2,unresolved,9.4,fb850b9cfc684926,2024-06-17
5a09feb77959eccc,3ecd8c40e835c185,email,complaint,2.6,resolved,8.6,cfa1407a0ddbe71e,2024-07-19
09138dedb31106f4,b7ab6a76332a3704,phone,cancellation,3.3,resolved,5.6,f058f69146fde5a4,2024-04-04
6fa7ce5c36838165,333346881cc05374,phone,complaint,0.1,resolved,3.6,fedc2b2956802007,2024-01-21
6eef6ad89e17bb01,f2136377229fb6df,phone,upgrade,5.1,resolved,7.5,82fe407f64b38d82,2024-08-08
1e20fbc2988b56c3,898b90d5e7d15ebc,phone,cancellation,6.3,resolved,3.5,6454d581c167ce15,2024-04-20
62d357ee120b53a9,dd4bc80c6125668a,email,billing,3.5,unresolved,4.3,32bd638578fd7f8f,2024-04-14
f8d169e666edfae5,8f1c9e592ba3b4de,email,upgrade,1.7,resolved,9.6,b42c3b95cba63112,2024-03-03
249651820caefd14,2db647ad564ecb7a,chat,cancellation,15.3,unresolved,6.8,c7c7ef357b5ecde0,2024-07-04
01fe3911b62876d0,174082e445371ba1,email,upgrade,6.6,resolved,7.6,3c4fd57ee2769348,2024-01-05
c165475358a12e63,c63370e30c0239c4,chat,upgrade,4.3,unresolved,6.7,3c4fd57ee2769348,2024-02-24
fee750b11296d775,455d12da511ab656,email,general,11.3,unresolved,2.3,544a618267704438,2024-09-04
dc828797aef82859,97353626cda41f54,app,cancellation,5.2,resolved,7.8,d62a03403b96385d,2024-03-06
f3a0bf60cbd2c614,3efc9e32d7f15ec4,app,technical,2.5,unresolved,2.8,b6e6bbe380a4ecfa,2024-03-13
308b8402925883e1,ff107396f163c985,chat,general,1.7,resolved,1.8,8f76ee50d48b6eb3,2024-11-16
9eabd0fd6e40b0cf,42aa2d0489c6df45,app,cancellation,4.2,resolved,4.2,c5c4ea45c9fa7128,2024-05-16
bb0722ca0487068e,5c92fcc0db6d8ab7,phone,cancellation,6.5,resolved,6.7,1c39c989cc2a171c,2024-12-17
3a4e1d350471c1ee,1513d2d5ae9abd60,phone,complaint,1.0,resolved,8.7,b42c3b95cba63112,2024-07-19
2ad3547c5346cb0b,d63e94a07a59a8cf,chat,upgrade,4.0,resolved,8.6,06ca84ca3e4fe39c,2024-06-02
2a18c507bf471fa2,99e081371b7c90ab,branch,upgrade,16.9,resolved,9.7,b7dff30912eb0039,2024-09-17
9589374859563d17,88cfc5a51b95e5d1,app,complaint,4.1,unresolved,2.4,d120a5423d6b9809,2024-09-12
d9a0525deb2f3a03,6a5e8d62a433a4a5,email,technical,1.3,unresolved,6.6,06ca84ca3e4fe39c,2024-11-05
7e1eb1447b31db3b,a5f460d647889564,app,cancellation,8.6,unresolved,3.9,06ca84ca3e4fe39c,2024-09-19
e723957d9173e13d,8dc5d38069cca211,email,complaint,5.3,unresolved,4.2,5e638881d60146cc,2024-06-13
75e584f9712e83e1,a978c82c01f66ff4,app,billing,10.3,unresolved,8.1,1a74383a109cb319,2024-11-05
2766bed2bc8e3b3e,3173f6ff68affcf0,email,technical,0.3,unresolved,1.7,5e638881d60146cc,2024-03-07
26ec7e5da54df9dd,875c96b52ad634b5,email,general,3.5,unresolved,9.8,ee08771c9d0f0715,2024-08-18
1b268066404d44c5,a3bb335e7dd28a54,chat,billing,4.7,resolved,9.3,d120a5423d6b9809,2024-03-06
efc7f670765caa2d,8042459bdf2374c9,app,upgrade,7.4,unresolved,1.9,0823317874a6b052,2024-08-19
dfaca39b4f64b9f3,387997a756b60d48,branch,general,2.3,resolved,9.3,8f76ee50d48b6eb3,2024-08-05
0e4a88f46cc818e8,977c64cfba67295a,branch,billing,8.6,resolved,9.3,bac5f7879d67307f,2024-05-14
817f087c3a5c2000,2940524866b1c70b,branch,general,0.5,resolved,5.8,cac0551db5e3f05d,2024-09-05
d2f8cbb580e0f480,99e081371b7c90ab,email,technical,2.2,resolved,5.9,b6e6bbe380a4ecfa,2024-03-01
44af0997f3a5a555,2aa6d7b211ac3c1c,email,billing,13.1,resolved,2.0,1fa6b70d2a59204a,2024-11-20
8a021fb78357e1f7,747b4e057947688e,app,billing,9.9,resolved,4.6,c7c7ef357b5ecde0,2024-06-26
33f76d4adf948df2,8a2b37f719b60f6b,branch,billing,0.3,resolved,5.8,1fa6b70d2a59204a,2024-05-06
8270cd39124fa9bc,ebba17080438114d,branch,billing,1.2,resolved,9.2,dad25bdc2eb28efc,2024-06-07
c902f00e397f5302,89e3a36ad922f12c,chat,general,3.0,resolved,2.8,c76eb8bd11bd6115,2024-08-08
b57a5c36fb9e807e,132dcfea7bd1abd3,phone,upgrade,1.2,resolved,7.7,6454d581c167ce15,2024-09-25
fbbdd8ecbb340f59,e1b74aaa16682d8d,phone,cancellation,4.4,unresolved,7.0,d62a03403b96385d,2024-02-01
53cc506521d1fc34,465c21f02308e1c6,app,general,10.0,escalated,6.8,544a618267704438,2024-10-30
e148d0f145632f29,8de66ee28c31b238,phone,cancellation,1.0,unresolved,2.6,ec398133ae662ffd,2024-06-09
e3e06abdc5bfba8d,697080d3446d0659,phone,complaint,0.2,resolved,6.7,0addca0233b2a77d,2024-04-10
bb3e331494ca5e03,99606e9a057b6340,branch,cancellation,1.6,resolved,1.6,7c89d0af87939122,2024-04-23
8a090e7e7b06980d,27c92834df097d11,phone,technical,0.0,resolved,4.2,c423299841bcd116,2024-03-28
f2180057abd5c824,788e7f53c9a7b524,phone,complaint,7.0,resolved,1.0,6454d581c167ce15,2024-07-12
b2a8c19b0c6cbd37,4d3e5e5ed93e8130,app,general,3.6,escalated,7.6,1a74383a109cb319,2024-02-04
b2ee28848e1eca0b,2cc5ecdf62ff6e89,email,complaint,2.6,unresolved,4.7,d120a5423d6b9809,2024-10-04
d5b7be3f30a52aa3,d133b4740ead06a0,email,cancellation,0.3,unresolved,2.4,b7dff30912eb0039,2024-02-04
a8502bb5c76b6d52,7d3b0e86e95f0ad8,phone,upgrade,0.8,resolved,2.0,56de770f703fbd3c,2024-10-26
dfc6d4b04638c2c5,00aa6841d365e160,chat,upgrade,6.6,resolved,1.1,b42c3b95cba63112,2024-04-18
02566bfff17ff11d,a2d85430341b11eb,app,billing,0.9,unresolved,4.0,adeaddf287e0ac93,2024-06-29
01f8b8e9cc13696f,dd286cf412365357,email,general,0.8,resolved,6.3,06ca84ca3e4fe39c,2024-02-22
8137bff9c1d6f072,6c14a166a64d8b13,chat,billing,0.2,resolved,8.9,b4b0a9df62e6341e,2024-04-05
62dbbbdf0b435efc,3dc472c58d3e56b5,email,general,1.6,resolved,9.0,b6e6bbe380a4ecfa,2024-01-04
779d5be1ab5af30a,a20543486f3cdd47,chat,cancellation,2.7,resolved,9.1,ec398133ae662ffd,2024-03-27
7067ef1c7678e63a,833572166df65733,phone,upgrade,0.5,resolved,2.7,b7dff30912eb0039,2024-06-14
d25866a89494945f,8ca025aa63ad7f19,email,cancellation,0.0,resolved,3.1,c76eb8bd11bd6115,2024-09-18
b4f49d5ad1f49a31,73a33dcdb368fef2,app,upgrade,4.3,resolved,1.5,cac0551db5e3f05d,2024-07-19
1e5ca2c529c6c9fc,9c8762c6a5630071,branch,cancellation,9.8,resolved,6.2,cac0551db5e3f05d,2024-01-14
24bfa4cf9ec6fdd8,3efc9e32d7f15ec4,app,billing,1.4,unresolved,3.9,0addca0233b2a77d,2024-07-31
4c408cbc7b5038a6,2f6a7cc25b5c97ab,branch,upgrade,10.8,resolved,2.6,adeaddf287e0ac93,2024-04-28
df6c82c34dc0f89a,023873d9a8327222,email,cancellation,1.3,resolved,3.3,b4b0a9df62e6341e,2024-06-06
06db4691bb51c115,267e625565404acc,branch,technical,6.5,resolved,1.7,ddf170a476086c6f,2024-11-04
88ee939737f68648,2084cdf8c9db19c7,email,billing,1.7,unresolved,7.8,c7c7ef357b5ecde0,2024-11-25
4c03c2d09b04cade,a2f1ae70dbe7c06c,phone,billing,0.8,resolved,3.9,d120a5423d6b9809,2024-11-24
bfca54c4e16161d6,411fd7c0b7f9a803,app,upgrade,8.7,unresolved,7.9,5b7627488b739561,2024-07-25
77e9fb1a2bb17736,21d14a120ca4e518,app,upgrade,0.8,resolved,2.7,fb850b9cfc684926,2024-03-14
ae499ba8c2613630,f130ec10be50dac5,branch,general,4.6,resolved,4.2,05793679970dfe83,2024-09-19
731324679bb92f02,7b34c685f3fbc9e0,app,technical,0.6,resolved,3.4,d120a5423d6b9809,2024-10-31
b0a7a8e9a8d535ba,a3bb335e7dd28a54,chat,billing,12.3,resolved,6.4,399b6a1f1b2a5ad4,2024-11-30
92435d5b2f119e3b,8c725f3e249643b8,chat,billing,4.7,escalated,8.0,c423299841bcd116,2024-07-26
5c16030b7684b327,513c87b51b9ca1fc,phone,technical,3.2,resolved,7.4,05793679970dfe83,2024-02-04
a947ae262935233f,27e36276d98cabee,chat,technical,2.6,resolved,4.2,b7dff30912eb0039,2024-01-27
58a99f5f67aa41ab,c366faef9cbfbfd6,branch,technical,4.7,resolved,2.3,0823317874a6b052,2024-03-29
d9ec9131d5780c73,333346881cc05374,phone,technical,0.2,unresolved,8.9,fedc2b2956802007,2024-03-15
295142d3791491b1,09fc2bea655a24f6,branch,cancellation,6.3,resolved,7.0,cfa1407a0ddbe71e,2024-09-16
d9cb36738d84547d,5bd4c9e5956de746,app,billing,0.4,escalated,8.2,c5c4ea45c9fa7128,2024-10-15
a1587307a3ec2f98,244f782635e02474,branch,cancellation,6.3,unresolved,7.9,c7c7ef357b5ecde0,2024-05-21
e1295a2d9abaac23,a98b26f89fb60041,email,cancellation,6.7,unresolved,5.8,af4f3115ae880ef1,2024-02-20
3d89072300ffe575,09fc2bea655a24f6,app,complaint,0.2,resolved,8.1,dad25bdc2eb28efc,2024-04-01
3ed9fd51970c778d,567c594223514ff3,app,upgrade,0.9,unresolved,7.3,c5c4ea45c9fa7128,2024-08-31
b03807fad0fa06f7,533bbbafa1feecc9,phone,upgrade,5.8,resolved,8.8,b7dff30912eb0039,2024-11-22
64e8b7114d0ae9fb,985b4d44da64c8ed,app,general,4.5,resolved,4.2,dfec25d33cc2bf76,2024-05-14
5ec43ec23a3aab4f,1b944f8ec429e26f,chat,billing,5.1,resolved,3.7,1fa6b70d2a59204a,2024-07-20
7290fb16381ce3be,ffbe9b8483bc47c7,app,cancellation,4.9,resolved,10.0,dfec25d33cc2bf76,2024-11-15
89ee70d621f9ec34,29888b944b65e29f,email,billing,3.2,resolved,6.1,4cc9a85ce7df38b6,2024-04-21
6493da5479e64a60,3b04333b896699f3,phone,billing,7.6,resolved,8.6,ddf170a476086c6f,2024-12-06
3ff628c353152505,35a88194863ed22a,phone,complaint,2.7,resolved,3.2,dad25bdc2eb28efc,2024-09-25
9e23289c288ae3de,2c955c05a25028f6,email,complaint,0.3,resolved,4.5,1c39c989cc2a171c,2024-07-20
14c17837e9f7f5ad,8764514397de911c,branch,technical,4.4,unresolved,6.2,dfec25d33cc2bf76,2024-10-25
4415e9dcda0ee596,4407a0b264a06487,app,general,0.0,resolved,6.7,8168c84b4d453f19,2024-02-18
41193ed075a570bf,72fcea085bcfb91a,app,general,2.2,resolved,9.2,6454d581c167ce15,2024-09-07
45063488ae302e88,c70667064ebd7fff,chat,cancellation,11.4,resolved,1.3,3370822d9a67b2b4,2024-02-15
411eb8fd1389230a,f148d5c44b2f2680,branch,cancellation,1.7,unresolved,1.2,5b7627488b739561,2024-07-04
fced616c38eee8e8,c58d0839909f773c,branch,complaint,5.4,resolved,3.7,4cc9a85ce7df38b6,2024-09-11
61dfd5f9183a8b6c,2adba5dc0b7356e1,app,billing,7.6,resolved,8.3,5b7627488b739561,2024-04-07
c4b8aab516b192ca,09fc2bea655a24f6,app,cancellation,4.3,unresolved,5.1,ee08771c9d0f0715,2024-10-23
ce667eefed693182,7f55f073111f191a,phone,technical,4.9,resolved,9.8,1fa6b70d2a59204a,2024-06-15
fc9f99a5c37962d4,8f1e6776beeabb48,email,upgrade,2.4,resolved,9.8,2305400ca286a6be,2024-12-09
3b651543a67a2628,f130ec10be50dac5,app,upgrade,5.5,resolved,5.6,adeaddf287e0ac93,2024-07-19
0f45fcb18ebc7258,833572166df65733,email,complaint,0.5,unresolved,7.6,adeaddf287e0ac93,2024-10-28
a0386146e5acfb21,abed2df131af0962,email,general,9.8,resolved,1.5,8f76ee50d48b6eb3,2024-01-16
21797fa382a72604,8ed82341e506bba1,email,cancellation,1.3,resolved,8.9,cfa1407a0ddbe71e,2024-05-03
c44c219b9f0f622d,14e24b971303e94d,phone,general,12.7,unresolved,4.1,06ca84ca3e4fe39c,2024-10-30
f2933c27c8695ffa,a978c82c01f66ff4,app,complaint,1.5,resolved,7.0,bac5f7879d67307f,2024-05-13
3f11c1fab094d043,250219c2401f56a4,chat,complaint,3.9,resolved,5.6,06ca84ca3e4fe39c,2024-11-22
3926a9a83c0a2b40,ec7811d610b2961d,chat,technical,2.4,resolved,1.2,8f76ee50d48b6eb3,2024-10-03
31920981845da828,64bab06fd0cb6187,app,complaint,1.5,resolved,2.1,0addca0233b2a77d,2024-07-08
3f0c2c7af662422c,09151ed2d74d2e19,email,general,1.0,resolved,7.8,d120a5423d6b9809,2024-12-23
8f57f9b4e654adb9,ca65d51e944b52ee,chat,general,0.1,resolved,6.7,f058f69146fde5a4,2024-12-29
164254ed86b48844,a83327220e8416d4,phone,upgrade,2.8,resolved,2.2,1fa6b70d2a59204a,2024-06-07
4d42c813f9e43256,3fc342302a9bcaff,phone,cancellation,2.5,unresolved,8.6,c423299841bcd116,2024-01-31
3aa93c03524818df,4a178282c5ca18d1,branch,technical,3.3,unresolved,6.1,5b7627488b739561,2024-10-18
52f67298e41927fb,22a8ddf01d9d2df3,app,general,4.8,unresolved,6.7,b42c3b95cba63112,2024-03-02
14a602db9a0678e2,7c7af75cffc2d2e2,app,complaint,8.6,resolved,2.6,d62a03403b96385d,2024-04-02
2b7c8ffa28075d7e,124941d12cb83091,app,technical,7.0,unresolved,6.8,2cd0bba07e3f4cdf,2024-05-08
f2835a401651cee0,05994ecc6b269fd8,app,general,2.7,resolved,7.6,cac0551db5e3f05d,2024-03-25
43ee109a59037aef,207fe588bb4392c5,chat,complaint,2.1,unresolved,9.5,cac0551db5e3f05d,2024-04-24
2fb27443b340d029,cfc24bfff76187ec,app,technical,2.1,resolved,3.4,fb850b9cfc684926,2024-07-18
3a47520177ae72a5,6da130da8af1e304,branch,complaint,11.0,resolved,4.5,b7dff30912eb0039,2024-11-07
eaee6c18934a7905,0856888b48e8a7ac,branch,general,4.0,resolved,9.3,5e638881d60146cc,2024-04-05
2b1efcc38b8b2143,0dc17c506a1ce18f,app,complaint,1.8,unresolved,3.2,cfa1407a0ddbe71e,2024-09-08
8d0012830c9a9218,29888b944b65e29f,branch,cancellation,0.6,unresolved,7.8,d62a03403b96385d,2024-04-10
56729408dafa7d58,a6e44b308296a3d0,chat,cancellation,5.7,escalated,2.1,dfec25d33cc2bf76,2024-02-14
2821f080a9cdfaf8,a2fbd00f815aca53,app,billing,23.7,resolved,3.7,3c4fd57ee2769348,2024-05-12
6cc5133ef05af687,84fab9f7a7dc984a,chat,billing,11.3,resolved,1.5,0addca0233b2a77d,2024-07-03
3d586001e78945b8,8afdb472cddbdb81,branch,technical,0.3,resolved,2.2,af4f3115ae880ef1,2024-02-10
f898e495accc69ff,ead1177c5fa66d4c,chat,general,2.7,resolved,5.2,dfec25d33cc2bf76,2024-11-30
4028da009241cf3c,eb70b687f60910b4,app,upgrade,3.1,resolved,9.0,64b696c958ad6331,2024-09-27
1cef8d3df0d48a4d,72849230b2f67e32,app,billing,2.8,unresolved,9.4,8168c84b4d453f19,2024-04-11
ba5ffc39025415dc,65b92ffea23cd778,chat,complaint,3.3,unresolved,6.7,6454d581c167ce15,2024-12-12
855485826605adf3,d7ab65598d82d494,branch,technical,1.1,escalated,4.0,32bd638578fd7f8f,2024-10-12
ff370f88eea43106,912105a7208a1ea3,app,billing,2.2,unresolved,2.7,b7dff30912eb0039,2024-11-06
925ded294b1128a2,567c594223514ff3,app,upgrade,0.5,unresolved,1.2,609f4a1d006cc5d0,2024-10-23
23f2c42c6ac40d9c,dc04c42ebfeda16c,branch,upgrade,9.0,resolved,1.6,cfa1407a0ddbe71e,2024-06-30
2ac9d21a31127ab3,0312fa2a05021b8f,email,billing,2.6,resolved,9.6,399b6a1f1b2a5ad4,2024-05-04
80af08754259c2b9,4e0d9e14e02c2a34,app,complaint,18.7,resolved,8.1,c7c7ef357b5ecde0,2024-01-21
0dfadd306b4ddc28,686850852cf61235,branch,cancellation,1.5,resolved,8.3,c7c7ef357b5ecde0,2024-02-08
e0e7bf120d918fe6,262d379b1a935bf1,app,billing,4.8,resolved,4.9,3370822d9a67b2b4,2024-01-05
e2cc741cde43605d,3efc9e32d7f15ec4,app,complaint,4.0,unresolved,9.7,b7dff30912eb0039,2024-02-25
8f4c27bd9abaf8af,425b364d849378d4,phone,technical,3.6,resolved,5.4,774ec0b9da094a62,2024-05-01
3d6c61776db1186d,9e7be26c3c0f3326,email,billing,0.6,escalated,4.1,5b7627488b739561,2024-05-25
f743699b2b71bd5f,8a7bd3275b901b34,chat,technical,13.6,resolved,4.8,dad25bdc2eb28efc,2024-01-29
4e0b8cbabf47c737,407b37d85e83dd32,branch,billing,2.0,resolved,6.6,adeaddf287e0ac93,2024-09-08
03010fc0ede87a0c,fec3a870a6448608,phone,complaint,2.7,resolved,5.8,ddf170a476086c6f,2024-01-31
fbec3694f8a8d8d7,101cbc670c03679a,branch,upgrade,2.7,resolved,6.5,2305400ca286a6be,2024-11-14
57396a2c1921619a,61fd0f5864ecb010,branch,general,1.8,resolved,6.4,b42c3b95cba63112,2024-11-26
40cc9286a7889987,a4747a10707f24f1,app,upgrade,4.0,resolved,9.3,1fa6b70d2a59204a,2024-12-28
cc4f860a84824f72,97d0e5ed91f5a295,app,technical,4.1,unresolved,3.8,2cd0bba07e3f4cdf,2024-11-11
eaac44e2c9affa3d,3fc3ba49c9dc124c,email,complaint,3.8,unresolved,3.0,1c39c989cc2a171c,2024-04-24
9765ce638e440176,5c80404db6afbf5c,phone,billing,15.7,resolved,4.5,dfec25d33cc2bf76,2024-04-02
f1bbf5b7cdbc5755,2aef673b253b3d58,app,cancellation,2.0,resolved,8.9,774ec0b9da094a62,2024-12-13
86d2ae1c5a9847f6,2e6964ef01637f02,phone,billing,18.7,resolved,8.5,6454d581c167ce15,2024-09-09
1458890a49bd12a0,106b400678c3f34d,phone,upgrade,1.4,resolved,9.4,f058f69146fde5a4,2024-05-07
a7239337413260ea,876b001890d3aca4,phone,billing,13.3,resolved,1.3,cfa1407a0ddbe71e,2024-06-29
13f8c1a3f92da130,bfb5e25d1defb1ce,app,upgrade,2.2,resolved,1.3,7c89d0af87939122,2024-01-06
b5ecfe728ee795dd,d9fcace36fdc8173,branch,technical,0.1,resolved,4.4,cfa1407a0ddbe71e,2024-09-13
4ff7c45569b28edf,7d5e2b48e263f4d1,phone,billing,7.2,resolved,7.9,b42c3b95cba63112,2024-03-26
163aa504e7b9b24e,8d55b3cfeea097d0,email,general,2.9,unresolved,9.7,32bd638578fd7f8f,2024-08-09
7699661803fa482d,174082e445371ba1,app,cancellation,3.8,resolved,3.2,c76eb8bd11bd6115,2024-02-27
9a187e684647d6dd,ebc260a30110adcb,chat,upgrade,1.1,resolved,4.2,56de770f703fbd3c,2024-12-02
8c6830c6990ebb67,d79c204a6da3f355,email,technical,1.8,unresolved,2.3,05793679970dfe83,2024-09-17
dd322ac8a5284915,45f6093c8d51c7cf,branch,upgrade,15.5,resolved,8.8,c76eb8bd11bd6115,2024-03-28
4790237d4bfdbfff,54e8dabed420478c,app,billing,2.6,resolved,3.2,82fe407f64b38d82,2024-06-22
7b8ef141cc560069,58ed68e151539877,phone,technical,1.9,unresolved,7.5,0addca0233b2a77d,2024-06-11
e22b73ab97c6773d,dc04c42ebfeda16c,chat,cancellation,21.7,resolved,5.0,ec398133ae662ffd,2024-11-17
8421268822f07d6a,1b2ee82dc979a6cc,app,complaint,0.2,unresolved,2.9,fb850b9cfc684926,2024-03-13
05a777b8d55d9adb,842e12789ce58df1,app,complaint,8.6,resolved,2.3,5e638881d60146cc,2024-06-05
3125dc02b6a68bd0,4d6eb45fd05d56fd,chat,upgrade,13.4,unresolved,2.5,56de770f703fbd3c,2024-04-01
af5ad13287ab9d35,789cca4466567bf5,phone,technical,2.9,resolved,3.6,c7c7ef357b5ecde0,2024-11-17
6f6604b54bfab563,a4747a10707f24f1,app,cancellation,13.0,resolved,9.3,1fa6b70d2a59204a,2024-07-29
6e58e5023652459c,65a9cbb4b5328719,email,billing,7.1,resolved,8.8,dfec25d33cc2bf76,2024-03-25
c32939c1c2d49db1,3fc3ba49c9dc124c,phone,general,12.5,resolved,8.8,b42c3b95cba63112,2024-03-11
df6feef74a6afa2e,2a31bcca5f725981,app,cancellation,7.7,resolved,2.4,64b696c958ad6331,2024-08-23
7e9f8fc1e04ec9cc,9a5ccc82ae06bb65,email,complaint,10.0,resolved,6.1,ec398133ae662ffd,2024-04-26
7e19b22b6769ddc5,4b5612a18aca755d,branch,complaint,12.7,resolved,2.2,0addca0233b2a77d,2024-01-24
37e54075a39caba5,5978de5f61ca21c5,phone,technical,2.3,escalated,5.2,8f76ee50d48b6eb3,2024-10-14
32468d717032147a,189d6ab44a602ce6,phone,technical,3.2,resolved,8.3,fedc2b2956802007,2024-06-04
a436da0b35fa5bd5,129fe03886f1f5d5,phone,cancellation,6.9,resolved,6.4,adeaddf287e0ac93,2024-03-03
54cae14369ab329b,407b37d85e83dd32,email,upgrade,8.0,resolved,5.8,3c4fd57ee2769348,2024-03-24
1eb1ec0433a3b737,b7ab6a76332a3704,phone,billing,0.1,resolved,3.6,4cc9a85ce7df38b6,2024-12-09
31508da61757a19b,ccebfc7b59f7809a,phone,general,8.4,resolved,3.4,cfa1407a0ddbe71e,2024-01-07
62c5435706c5b876,90378b5f74c6c6ee,phone,billing,1.3,unresolved,9.2,399b6a1f1b2a5ad4,2024-02-21
4a993f46df1dbe2f,9346d0d6814428d4,app,cancellation,9.7,unresolved,7.0,af4f3115ae880ef1,2024-06-10
0b28d5c2d7addb7c,3a60297550f4327d,email,general,5.9,resolved,3.8,b42c3b95cba63112,2024-09-19
013ec9ed62afcb6e,8afdb472cddbdb81,branch,technical,4.4,resolved,1.0,0823317874a6b052,2024-03-16
f90b924d201f14b9,e92882f97b592e42,phone,billing,0.0,resolved,8.8,f390a7f3d461cad8,2024-06-05
3619168954684eee,aefe81416a2fabaf,app,complaint,0.9,resolved,7.2,ddf170a476086c6f,2024-05-28
279fc406a5dc9046,fd1289ab928cde5d,branch,technical,4.5,resolved,7.5,cfa1407a0ddbe71e,2024-10-10
b6e80c462baca479,24deac2b448e263c,email,cancellation,7.9,unresolved,6.3,af4f3115ae880ef1,2024-04-05
15246ae01efb39cd,d588d79aa4e13ad0,chat,cancellation,3.7,resolved,9.1,0addca0233b2a77d,2024-12-04
34a38a65ba059ec4,294eec57b188ae20,phone,technical,1.4,unresolved,6.5,c423299841bcd116,2024-08-24
e5aeeab98a7d42f7,aa33b16ff8a055f4,chat,complaint,12.5,unresolved,8.0,7c89d0af87939122,2024-10-04
35c0d3374ac7dc1f,070840efbc93df0d,branch,billing,4.3,resolved,5.6,6454d581c167ce15,2024-01-13
104e542267bc8654,dfa892259253e955,phone,upgrade,0.7,resolved,3.8,1a74383a109cb319,2024-05-24
505176239aaa907a,7d5e2b48e263f4d1,phone,technical,8.8,unresolved,7.9,cac0551db5e3f05d,2024-02-24
2e75fbc665f5323d,a20770f994d8bc93,chat,billing,6.8,unresolved,3.2,c76eb8bd11bd6115,2024-05-03
9d89449a61dd1dd5,d160a2c8cadfb301,app,complaint,4.0,resolved,6.3,d62a03403b96385d,2024-08-01
31d8b765c2529bc8,6734081fc5799be2,branch,upgrade,1.1,escalated,7.6,c7c7ef357b5ecde0,2024-07-01
b072362597049a19,2c955c05a25028f6,chat,complaint,27.7,unresolved,2.6,b4b0a9df62e6341e,2024-11-03
b242054998dab4f7,cf5b8dacc43023aa,email,technical,6.0,unresolved,9.1,dfec25d33cc2bf76,2024-06-11
5945f05bebad531a,2547a6de8a3897bd,app,billing,1.6,resolved,8.1,ec398133ae662ffd,2024-06-04
554376983f0a2301,a20543486f3cdd47,email,cancellation,6.4,unresolved,8.3,b42c3b95cba63112,2024-11-11
ef600c942bdfd870,ff107396f163c985,email,technical,5.2,unresolved,1.1,2cd0bba07e3f4cdf,2024-01-08
c4ae5767a74a9cf7,361aca729d2d0a42,app,general,0.2,resolved,6.7,dfec25d33cc2bf76,2024-04-27
96cf761f35e6c6d1,7606fac68580d2c7,branch,general,0.5,resolved,6.7,06ca84ca3e4fe39c,2024-08-24
84a6c01400332e6e,84ccf3119a3a106d,phone,cancellation,0.1,unresolved,3.5,d62a03403b96385d,2024-05-13
e6f4f8b9744fad61,5aea0f8418c788e7,branch,technical,3.8,resolved,2.4,64b696c958ad6331,2024-06-07
d47a1fa889637bea,7b9f9dd5e6c6017e,phone,cancellation,6.5,unresolved,6.5,4cc9a85ce7df38b6,2024-10-19
24851c69328d0cc7,250219c2401f56a4,email,general,3.4,resolved,3.9,1fa6b70d2a59204a,2024-06-19
38c4b2bf371629b5,e4f05966f5065ee4,email,billing,2.8,resolved,6.4,7c89d0af87939122,2024-08-15
b349a40c3beecf67,23e537df4abbfd88,email,billing,7.2,resolved,7.1,7c89d0af87939122,2024-02-22
3f690ea886d32f5a,40795a3e29c51480,chat,complaint,5.3,unresolved,1.1,f390a7f3d461cad8,2024-01-13
4a750236b9860907,a550dc9ed573b250,branch,general,3.3,unresolved,3.6,399b6a1f1b2a5ad4,2024-11-17
e56125d75e9f52ef,aa33b16ff8a055f4,phone,upgrade,4.8,unresolved,7.4,1fa6b70d2a59204a,2024-04-13
4d442f13ed0bd241,ac1307fe013f478f,chat,billing,10.6,unresolved,3.1,5e638881d60146cc,2024-11-24
d70d8cebad5f563f,697080d3446d0659,app,billing,7.5,unresolved,7.2,adeaddf287e0ac93,2024-02-15
bd2fd80af94d9c63,898b90d5e7d15ebc,phone,complaint,4.4,resolved,6.3,af4f3115ae880ef1,2024-02-05
bd3bc5e42b55d4d7,2ef53364280f236e,phone,technical,1.5,resolved,8.7,cac0551db5e3f05d,2024-08-11
18cde139b922aafc,4407a0b264a06487,branch,complaint,0.5,unresolved,7.9,0addca0233b2a77d,2024-04-18
8696463a1c93fe9a,7e015b7901717851,phone,billing,2.7,resolved,9.8,dad25bdc2eb28efc,2024-07-12
6521097f60299493,c8bd83145603e477,phone,technical,2.0,resolved,2.1,adeaddf287e0ac93,2024-08-31
c82cb5fb81519dd0,5b528c377e06dea8,phone,upgrade,3.3,escalated,2.4,56de770f703fbd3c,2024-11-30
4cd432323a1ca552,3b04333b896699f3,branch,complaint,7.3,resolved,8.1,82fe407f64b38d82,2024-03-06
a7ed16a5ec3f2ba7,513c87b51b9ca1fc,app,cancellation,0.3,unresolved,7.2,d62a03403b96385d,2024-04-29
fc373539a16736f2,eeccf8e98cb3268d,app,cancellation,2.3,unresolved,4.7,c76eb8bd11bd6115,2024-12-26
6dddd54140836f2d,62b313b1a9ca029d,app,upgrade,4.7,escalated,3.9,82fe407f64b38d82,2024-06-02
57ab1827cef80154,118f541bfed3be3e,phone,billing,2.8,unresolved,4.4,b4b0a9df62e6341e,2024-02-14
f2baf6d76e11688a,896aba5c3365d4b6,email,technical,1.7,escalated,9.8,f390a7f3d461cad8,2024-03-15
fd5ead6f1979527f,0301680e7e8045c6,email,technical,2.8,unresolved,6.4,6454d581c167ce15,2024-07-29
4cc06ecbb7b63258,c2ae9458e7377ef2,app,upgrade,4.2,unresolved,4.7,d62a03403b96385d,2024-11-11
17e544e309ad2ff4,1533a1259c2fc740,app,billing,0.3,resolved,2.6,c7c7ef357b5ecde0,2024-07-23
1c3a5b50a08900da,e7f8b23a62389cc1,phone,cancellation,0.6,resolved,6.3,544a618267704438,2024-11-24
1fdd71852b03c771,3d9d6ee6fa361a6d,email,general,0.2,escalated,9.7,fb850b9cfc684926,2024-01-22
bf9e3a9324eafb25,35a88194863ed22a,app,technical,1.8,resolved,1.6,fedc2b2956802007,2024-02-07
3a74c0b8da503dbc,d1bcbf944b97b4cc,email,upgrade,7.0,unresolved,1.5,56de770f703fbd3c,2024-04-23
71bfd0782eefa75b,e471fdaf173e9a5f,branch,complaint,1.8,escalated,5.5,b42c3b95cba63112,2024-05-08
6f874cb4c585acd3,66e075ad1e08433b,branch,billing,5.8,unresolved,3.6,1a74383a109cb319,2024-03-18
f852d97fd8f95d76,3ca7c76a3216d1e2,phone,technical,19.6,resolved,8.4,adeaddf287e0ac93,2024-04-10
c5700cc3425719b7,ae7d9d97fe6e5f3d,chat,general,2.1,resolved,4.4,b4b0a9df62e6341e,2024-04-29
8ef924dcc8a78027,3df83a86d1de18b2,chat,complaint,1.5,escalated,5.4,5b7627488b739561,2024-08-27
af143287abb1dd23,9e7be26c3c0f3326,phone,technical,8.0,resolved,9.2,544a618267704438,2024-06-09
7f9ea98ee4a06611,73a33dcdb368fef2,branch,technical,8.7,escalated,3.9,cfa1407a0ddbe71e,2024-10-17
d40c68443c9ffaa7,de4ae09d9f2d9531,phone,general,2.4,resolved,7.3,d62a03403b96385d,2024-07-28
281a796633fe4a4a,20f1826aa7875d0d,branch,billing,0.8,resolved,7.6,b6e6bbe380a4ecfa,2024-11-24
ef6f8c34eb7c4863,daf14806094945d4,app,technical,1.5,resolved,6.3,0addca0233b2a77d,2024-02-24
35144ba4a46af30f,79b34c7dbd15f98b,email,upgrade,4.5,unresolved,1.2,399b6a1f1b2a5ad4,2024-04-28
2bbe029a51f66eac,90d800f496e91751,branch,general,4.4,resolved,4.6,d62a03403b96385d,2024-04-28
7dc187f27cbfb591,4587b25745585a05,phone,billing,2.9,unresolved,5.7,f058f69146fde5a4,2024-02-16
4cb99c8fbdde1be1,79f7d72f5f58db79,phone,complaint,2.1,resolved,6.0,1c39c989cc2a171c,2024-04-29
9e091f78724ccd9d,c848f2790122e6c2,app,cancellation,4.9,unresolved,8.4,1a74383a109cb319,2024-05-14
880de7b94a394160,9a95dfb5a96b3ab2,phone,billing,2.8,unresolved,7.3,c76eb8bd11bd6115,2024-06-26
5779cbf51f0ca8f0,ac0d58c6f453e585,email,general,0.5,resolved,9.4,7c89d0af87939122,2024-03-25
d3a29be33b05aca5,7e015b7901717851,chat,complaint,7.4,resolved,4.1,06ca84ca3e4fe39c,2024-04-27
877ff7ed5459490e,707dfe078e749c2a,email,general,10.4,escalated,4.5,1fa6b70d2a59204a,2024-06-18
8445a307a7ea72b3,caa3f70770df65c2,phone,general,12.2,resolved,2.3,f390a7f3d461cad8,2024-03-15
35e3d12cb9de38a7,de4ae09d9f2d9531,branch,general,4.6,unresolved,8.2,399b6a1f1b2a5ad4,2024-07-10
11f4fe56c564f4d0,ac0d58c6f453e585,email,complaint,2.6,resolved,1.3,c5c4ea45c9fa7128,2024-09-20
e773ff75d6958f5d,207fe588bb4392c5,branch,billing,3.8,unresolved,6.4,b4b0a9df62e6341e,2024-11-21
98ffe7cac75040c0,65495bd15778eb48,app,billing,11.4,resolved,4.5,fedc2b2956802007,2024-07-04
9f387fb87b71194a,d89bfd5e918e6684,email,general,3.7,resolved,6.9,5b7627488b739561,2024-08-06
b3d90eb474629bfa,466084ce02acd76c,app,upgrade,0.3,escalated,9.8,d120a5423d6b9809,2024-06-09
32e046317b12c072,a9cb620e782da676,chat,technical,0.0,resolved,4.2,b6e6bbe380a4ecfa,2024-11-04
f5afed5279c595e3,466084ce02acd76c,chat,upgrade,1.9,resolved,8.7,0addca0233b2a77d,2024-10-30
c3e6eed99ddf74fd,22727d17208d372b,email,upgrade,3.9,resolved,1.9,7c89d0af87939122,2024-03-07
d441514d04527971,9b07df76ca908edb,app,complaint,1.9,unresolved,8.3,fedc2b2956802007,2024-05-13
4bd87f4e0957dee3,d4178519491ed4e0,phone,billing,5.1,unresolved,3.3,b6e6bbe380a4ecfa,2024-08-24
16ff9b4a6effad8b,a09cd46d515e3168,chat,upgrade,1.1,resolved,9.1,fedc2b2956802007,2024-06-30
dbb17846f11fe005,a1afea0794aed73b,phone,billing,14.1,resolved,3.0,56de770f703fbd3c,2024-01-15
cab2b56743adfa76,f566318da79ba3a2,email,technical,0.5,unresolved,2.5,6454d581c167ce15,2024-01-24
79f28f1f60b6ab6b,8a2b37f719b60f6b,branch,cancellation,1.7,unresolved,4.9,b4b0a9df62e6341e,2024-08-26
78f91eaf83e6937a,2bc450148c28b47a,chat,cancellation,4.2,resolved,9.6,774ec0b9da094a62,2024-07-30
56eb0fcfdf7864d1,93921f68ad668471,app,general,0.5,resolved,3.7,b4b0a9df62e6341e,2024-03-14
ae2826244992bd1e,7d7df171e0105269,phone,complaint,15.8,resolved,2.5,c5c4ea45c9fa7128,2024-02-13
5620bbccf51179bc,ead1177c5fa66d4c,app,general,3.3,unresolved,8.3,1a74383a109cb319,2024-04-18
a2cee488d04df6ab,637dbf8360d5194e,branch,cancellation,2.1,unresolved,9.3,2cd0bba07e3f4cdf,2024-07-22
4db4e96ea5968dba,25ea9e9c9f1d2ee0,chat,cancellation,2.1,unresolved,1.0,f058f69146fde5a4,2024-03-07
9fc13ceaf6350ef9,9cca632d144505eb,branch,complaint,2.8,unresolved,5.1,8f76ee50d48b6eb3,2024-01-15
72f20996f90dac1a,22d5bb56573939bc,phone,technical,3.8,resolved,8.0,0addca0233b2a77d,2024-12-19
2e6b4c2fd46c9238,cd00dc8810df1048,branch,technical,5.3,resolved,5.9,b7dff30912eb0039,2024-10-08
6a03fc04d6b8cb5e,ffbe9b8483bc47c7,chat,general,6.0,resolved,5.6,d62a03403b96385d,2024-10-08
a8f3a30793551a36,ea41aee0b5febb6b,email,cancellation,0.2,resolved,3.9,b6e6bbe380a4ecfa,2024-05-10
2d58a2641b2b39fc,13ddef20378fc798,branch,billing,5.0,resolved,9.1,adeaddf287e0ac93,2024-11-06
a83f5a726164faf0,8166de5cde53c8ee,phone,complaint,4.0,resolved,1.1,3c4fd57ee2769348,2024-02-05
c7dce2ba9e138353,40795a3e29c51480,branch,general,1.0,escalated,1.0,8168c84b4d453f19,2024-08-08
1cc4a3b430763257,0469899baa19afb3,chat,general,2.7,resolved,5.8,32bd638578fd7f8f,2024-03-23
7a6c3f02df57f8d1,356a8c1e286f5d7a,phone,cancellation,1.4,resolved,8.8,b4b0a9df62e6341e,2024-03-07
688407b5dd0db804,169437022249b28e,email,complaint,1.5,unresolved,2.4,1fa6b70d2a59204a,2024-10-19
feabcee9518ef184,8183e42e6ef09235,phone,complaint,1.6,resolved,4.9,b42c3b95cba63112,2024-03-21
f5183f4ed995f9cb,b871cd71bfe8e9d8,phone,cancellation,9.7,resolved,4.0,bac5f7879d67307f,2024-09-12
22bdc6760414f9b4,342bc2899163338d,app,upgrade,1.0,resolved,1.8,1c39c989cc2a171c,2024-12-08
5d95d0b6f4eec9cf,87a48f2a1473fa26,app,technical,8.7,resolved,6.8,dfec25d33cc2bf76,2024-09-18
01a005f61b529eef,289fad8aadc0b5a7,chat,general,4.5,unresolved,5.9,af4f3115ae880ef1,2024-05-20
aa6d820e82dca125,4e5f8e83ea0b0ed8,app,cancellation,7.3,resolved,8.5,b7dff30912eb0039,2024-01-24
d48eb4b54c401d16,8dbd3dcbcede2453,chat,billing,5.4,resolved,9.8,f390a7f3d461cad8,2024-07-06
bf138f2bd477c5c8,e02dcdb0a4866703,branch,technical,6.7,resolved,1.7,af4f3115ae880ef1,2024-03-11
90a16e46dc8308d4,37f3b479dac1617b,branch,upgrade,5.4,resolved,7.4,4cc9a85ce7df38b6,2024-08-01
70bf917629eb175f,123d24d4a082ef24,email,general,6.7,escalated,3.1,cfa1407a0ddbe71e,2024-08-02
c837e98f7311a683,11b0f22fe097ebd1,email,general,3.2,escalated,1.3,cac0551db5e3f05d,2024-03-10
4fcda4ead0cfbcab,f4aebc96462e6b0f,phone,billing,4.6,resolved,7.5,0823317874a6b052,2024-09-18
c04cb424bf188c43,8ca025aa63ad7f19,chat,upgrade,6.2,unresolved,4.0,ee08771c9d0f0715,2024-08-22
7626e83e945dd11b,76d068488532d560,phone,general,0.8,escalated,9.3,5e638881d60146cc,2024-12-01
47e33b448c1379ec,3efc9e32d7f15ec4,email,general,9.1,resolved,9.0,2305400ca286a6be,2024-08-10
fcb174f686c5f98d,8de66ee28c31b238,chat,cancellation,24.1,resolved,7.8,7c89d0af87939122,2024-10-09
34fb64514ab8816f,0fe90c42e16ec1ac,branch,technical,8.8,escalated,1.1,3370822d9a67b2b4,2024-09-10
548e1540a1b4a108,35a88194863ed22a,chat,technical,7.6,resolved,5.9,05793679970dfe83,2024-11-24
b0929fcd9fb426f3,3ca7c76a3216d1e2,phone,cancellation,2.2,resolved,3.5,32bd638578fd7f8f,2024-03-27
c328381bb2ae7cbc,535a3d7407a53ec9,app,technical,3.5,resolved,5.4,774ec0b9da094a62,2024-05-04
a8ea6573c0278c8e,149396c4c5912808,email,upgrade,3.0,unresolved,3.4,56de770f703fbd3c,2024-12-26
66b5eea35337de14,328e8885eb7190eb,email,technical,15.3,resolved,4.5,f058f69146fde5a4,2024-11-22
388c5ffb3a2f0570,9e7be26c3c0f3326,chat,cancellation,5.7,resolved,3.8,06ca84ca3e4fe39c,2024-05-27
88ea55cc8d253301,2cff3b0222aaf6d2,chat,general,7.8,resolved,6.2,0823317874a6b052,2024-07-07
0f8c5f6111624563,12c49e91ba41f800,app,upgrade,2.8,unresolved,6.7,b42c3b95cba63112,2024-12-13
dd1e1729e56875f6,77e0b6a5284edb40,app,cancellation,15.4,escalated,9.4,05793679970dfe83,2024-09-16
e79e578c3a37edbe,c35c0ec39826d510,branch,billing,0.3,resolved,4.0,b7dff30912eb0039,2024-11-27
8b6a492cdae7f2a3,6c14a166a64d8b13,branch,complaint,1.2,resolved,2.7,2305400ca286a6be,2024-05-21
cf6f42b411825166,bfb5e25d1defb1ce,branch,general,1.7,resolved,8.7,ec398133ae662ffd,2024-07-15
b8f48458c5c1870b,fa7732efe4772143,email,upgrade,6.0,resolved,7.0,4cc9a85ce7df38b6,2024-08-06
7b5a1dcbf9d8c712,97b20d27eeac7dcf,chat,cancellation,8.0,resolved,10.0,1c39c989cc2a171c,2024-01-31
982ef6f95484739b,c2417da8ecc86cd2,branch,billing,9.6,resolved,7.6,cfa1407a0ddbe71e,2024-12-27
295c3af8739ff22d,65a9cbb4b5328719,email,upgrade,8.2,unresolved,3.8,6454d581c167ce15,2024-06-01
46f310c18a5199ac,47e9e5a660861f66,app,cancellation,5.8,resolved,3.9,774ec0b9da094a62,2024-10-24
0eca8ee56f1e3f59,101d05b7bf232350,email,technical,2.9,resolved,5.2,5e638881d60146cc,2024-05-19
d0d3bf2058b48272,3c67301ba053ad47,email,billing,2.0,resolved,3.4,c7c7ef357b5ecde0,2024-06-23
caa0c59fbe78e438,114f7360cdf50a16,phone,technical,0.8,unresolved,4.0,82fe407f64b38d82,2024-10-05
a83dccad0269b95e,4ae94faa21f10177,email,general,18.5,resolved,9.4,399b6a1f1b2a5ad4,2024-02-13
cc7d8d7a3f0bb3c3,47e9e5a660861f66,branch,general,1.9,resolved,9.1,64b696c958ad6331,2024-11-07
03fdc3bdb7d4605a,61b8edd0c82a20ae,email,complaint,0.3,resolved,4.8,3c4fd57ee2769348,2024-03-01
92b4009b5c7b3909,297073f7a7ee6b4f,email,upgrade,1.6,unresolved,1.3,c5c4ea45c9fa7128,2024-09-15
7ac38e1a88224a42,fa7732efe4772143,branch,complaint,0.2,unresolved,8.8,f058f69146fde5a4,2024-07-11
83a41fe884807771,daf14806094945d4,branch,general,3.6,resolved,6.2,bac5f7879d67307f,2024-11-04
4f078483f246532a,f8229df896de7e70,chat,cancellation,0.7,unresolved,3.4,b7dff30912eb0039,2024-08-18
1c4c333239bee7ad,ccde1e88c9dacee8,email,upgrade,1.9,resolved,8.1,0823317874a6b052,2024-06-21
ada44ca93b2038c8,12f047c9e326e9ad,email,upgrade,1.0,resolved,6.5,1a74383a109cb319,2024-09-07
659a94b47d245376,1513d2d5ae9abd60,app,complaint,1.9,escalated,9.4,ec398133ae662ffd,2024-12-25
3b462447a3f67af1,bc5b3d83c4f94cac,phone,cancellation,1.2,resolved,1.5,adeaddf287e0ac93,2024-07-31
cd2b2df6ac54c8fe,5fa82ac52c1823ed,chat,general,9.9,resolved,6.4,b42c3b95cba63112,2024-09-02
6cd3ad06c02f7d82,0fcdd235f2ddae38,chat,complaint,14.1,resolved,6.7,0823317874a6b052,2024-09-17
2b428e83cdef22b6,e4f1f16961d97f33,email,upgrade,2.6,resolved,1.2,f390a7f3d461cad8,2024-08-28
41a52564b212a048,783822a5b1d89d21,app,complaint,3.2,unresolved,7.6,7c89d0af87939122,2024-10-18
8a16e20c309c31ea,985b4d44da64c8ed,phone,complaint,3.8,resolved,6.9,fedc2b2956802007,2024-11-14
c3991d8eab33f412,d89bfd5e918e6684,phone,cancellation,1.6,escalated,3.3,bac5f7879d67307f,2024-07-02
1ad2a64d4097191b,93bf1e687d737a40,chat,complaint,13.0,unresolved,5.8,ddf170a476086c6f,2024-07-03
fced98ecab4d4942,65a9cbb4b5328719,phone,cancellation,4.0,resolved,5.0,56de770f703fbd3c,2024-03-11
a61c044766d18e99,8920b5e6cbd13faa,phone,cancellation,1.4,resolved,1.2,b42c3b95cba63112,2024-05-22
73a4adedd7e7a68f,3bb87dfe7d08315a,chat,general,0.6,resolved,3.1,399b6a1f1b2a5ad4,2024-05-24
c805fa51841d51b6,789cca4466567bf5,branch,technical,6.6,resolved,7.4,ec398133ae662ffd,2024-07-29
1bcbffd8f825924e,09fc2bea655a24f6,email,complaint,2.3,resolved,1.6,ec398133ae662ffd,2024-06-03
4a1f85d3607bb291,70e5fb5880e41b74,chat,technical,2.0,resolved,1.2,c5c4ea45c9fa7128,2024-12-22
5287604b06afb0d8,a186648bf6fd0472,phone,cancellation,3.5,unresolved,9.6,8f76ee50d48b6eb3,2024-08-08
bf2c9229a38174d2,8e7718b13ed59f5c,phone,complaint,10.7,resolved,1.0,c423299841bcd116,2024-02-22
e1618d3e472ce28e,124941d12cb83091,phone,cancellation,0.5,escalated,5.6,399b6a1f1b2a5ad4,2024-07-29
d492bd0823e4d5c9,8c725f3e249643b8,phone,cancellation,4.6,resolved,2.2,7c89d0af87939122,2024-06-09
c2f9a9f0fb4f20c8,0dc17c506a1ce18f,app,technical,15.0,resolved,1.9,56de770f703fbd3c,2024-09-14
e448812793519061,e6068bab5d5b8d95,email,technical,2.5,resolved,5.6,ec398133ae662ffd,2024-03-10
b9221b4937ae0305,c4f7fe339ce44579,phone,technical,6.3,escalated,2.2,3c4fd57ee2769348,2024-03-06
4beeb5811dff99bd,0301680e7e8045c6,branch,complaint,3.4,resolved,1.0,dfec25d33cc2bf76,2024-04-03
b4af34cad366719c,a2e84703fc42e1ed,phone,complaint,10.0,escalated,8.0,c7c7ef357b5ecde0,2024-01-06
1c1d9f4c505b0cad,fb31b871b8a3adab,app,general,15.0,escalated,8.5,f058f69146fde5a4,2024-06-24
3cbdfdb791e1866e,9cca632d144505eb,email,billing,9.9,unresolved,2.9,8f76ee50d48b6eb3,2024-02-27
a749b587a756630e,6664780cf8339f06,app,complaint,5.2,unresolved,2.9,82fe407f64b38d82,2024-06-10
c1e0d3d0a5d1594b,15cf0c8a9792e50a,branch,cancellation,4.2,resolved,7.0,af4f3115ae880ef1,2024-11-13
ba47eb96f36c6db9,d370bf88bb1fed68,branch,general,7.0,unresolved,6.7,b4b0a9df62e6341e,2024-07-26
32b82b176f509a9c,4837f180d0eb561f,phone,upgrade,5.9,resolved,4.4,8f76ee50d48b6eb3,2024-11-17
613b22869a1b8785,2a1e1653e82c76a2,chat,upgrade,2.8,unresolved,7.6,399b6a1f1b2a5ad4,2024-10-04
b657ab0bd6648a77,bc5b3d83c4f94cac,app,upgrade,3.5,resolved,8.0,c76eb8bd11bd6115,2024-10-05
d742cdfc43baba73,e719af81c6c44bc2,chat,cancellation,2.3,resolved,5.6,f390a7f3d461cad8,2024-02-14
008ff08335f7c09b,465c21f02308e1c6,branch,technical,13.8,resolved,4.1,f390a7f3d461cad8,2024-05-31
0d8912ca8f5de37d,c70667064ebd7fff,app,cancellation,2.0,resolved,8.4,774ec0b9da094a62,2024-02-27
276fa89f7d24ecfd,ccebfc7b59f7809a,app,technical,7.4,resolved,3.4,c7c7ef357b5ecde0,2024-12-08
7239cd9f5524a117,455d12da511ab656,email,upgrade,1.0,resolved,5.7,ddf170a476086c6f,2024-03-21
2b5ddff62cb49092,a2e84703fc42e1ed,phone,cancellation,2.0,resolved,2.5,cfa1407a0ddbe71e,2024-02-17
7da2016c93feb2e1,c34245c3d61ac215,chat,cancellation,1.3,escalated,9.6,82fe407f64b38d82,2024-06-18
94a93947846a2f0d,5a4f09026b5bd8b5,app,general,0.9,unresolved,5.3,05793679970dfe83,2024-11-26
b0f4c856c98c3b87,bd9181189c0df7c0,chat,upgrade,13.5,unresolved,4.9,3370822d9a67b2b4,2024-05-05
1aefaa981317947a,1a2082882718940b,branch,upgrade,27.4,resolved,9.0,0823317874a6b052,2024-03-08
f097937e2d2b157f,39154da45e2b9586,app,cancellation,5.8,resolved,9.9,399b6a1f1b2a5ad4,2024-01-04
0064a78d447fd61a,ce132dfabb90cfec,phone,technical,0.1,resolved,9.2,82fe407f64b38d82,2024-09-04
e3b8ac289ea2fc94,2599d3f84b57199e,app,upgrade,3.6,resolved,6.1,b6e6bbe380a4ecfa,2024-06-13
252c06fea0a02c31,744590daea52110c,chat,billing,6.7,resolved,5.4,bac5f7879d67307f,2024-10-09
3a38536e072beaa7,88cfc5a51b95e5d1,phone,billing,0.9,resolved,1.5,3c4fd57ee2769348,2024-04-18
27cd188c42d60de9,ead1177c5fa66d4c,phone,technical,0.3,resolved,7.5,c76eb8bd11bd6115,2024-09-12
ebbcc49d5698c07c,114f7360cdf50a16,phone,technical,6.9,resolved,2.7,5b7627488b739561,2024-11-13
52fe1d6900ca36fa,637dbf8360d5194e,branch,complaint,11.3,resolved,1.9,af4f3115ae880ef1,2024-08-23
befb4dc82bd212bc,ad322e7a390c0744,chat,cancellation,5.6,resolved,8.3,dad25bdc2eb28efc,2024-10-06
f5862cf189beef64,c58d0839909f773c,email,complaint,1.2,resolved,7.2,399b6a1f1b2a5ad4,2024-05-19
d1c5a65c4adf7f0d,6776e8e7006dfcf2,app,general,0.8,resolved,3.2,ddf170a476086c6f,2024-10-29
6b8f41e2399d80e4,4f6a604412055600,email,billing,5.8,escalated,5.6,8168c84b4d453f19,2024-09-04
53ba00ee3d16086c,7dca056d1b851684,branch,cancellation,1.0,escalated,2.7,b4b0a9df62e6341e,2024-08-26
d4037d864350bf05,27bfaa358cd59a75,branch,billing,1.1,escalated,8.7,c7c7ef357b5ecde0,2024-07-04
466da448eadf498e,183a499c6578411d,branch,general,4.7,resolved,4.2,c5c4ea45c9fa7128,2024-10-31
42b2861814d2ec7f,390be1c29d49d018,phone,general,13.3,resolved,9.5,06ca84ca3e4fe39c,2024-06-24
b51f5624d631cf3e,896aba5c3365d4b6,email,upgrade,2.5,resolved,7.7,d62a03403b96385d,2024-04-04
6e3b34c3b1a06ebb,a2fd300705d48a59,chat,billing,11.6,resolved,6.8,ec398133ae662ffd,2024-04-17
0b83e7e129858c4a,a2e84703fc42e1ed,chat,complaint,1.2,escalated,7.5,0823317874a6b052,2024-12-20
ad2536732b820049,4c6e10ec5a72e468,email,billing,5.6,resolved,8.2,d62a03403b96385d,2024-01-11
772f5dc45b3ea1c1,1c977db147f46222,chat,upgrade,3.3,resolved,1.3,0addca0233b2a77d,2024-05-12
8a0bf85f7b6bee10,7a7c8d4f2020eaf9,email,technical,14.4,resolved,1.2,adeaddf287e0ac93,2024-09-09
19fdf0a75a72f597,781a084a4e5ce34e,branch,technical,0.5,unresolved,8.7,8168c84b4d453f19,2024-12-15
de7948cbff53b811,e00949f19b733cdb,app,complaint,5.3,unresolved,7.5,56de770f703fbd3c,2024-08-20
7e3c3ca3ce6e0ce5,7d5ee2993338f28b,chat,upgrade,2.1,resolved,6.6,b4b0a9df62e6341e,2024-03-28
b1555a659df388b7,19046af20719a933,chat,cancellation,10.2,resolved,7.7,1a74383a109cb319,2024-08-10
f14784d1276e319b,7477e882990d2bcf,chat,cancellation,1.3,resolved,2.0,609f4a1d006cc5d0,2024-03-16
b9232142ac28ef74,51567c4b4d22a582,chat,complaint,2.0,resolved,1.6,0addca0233b2a77d,2024-10-18
fec364f29c3e4fbc,36872988ee4f71b3,chat,technical,1.2,escalated,6.3,5b7627488b739561,2024-04-29
ccde1ddab0c7747a,13db5c474160f6cc,phone,cancellation,4.6,escalated,7.2,dfec25d33cc2bf76,2024-07-01
d2f2c50c672b64b8,f61e060c86948745,phone,complaint,6.5,resolved,6.9,3c4fd57ee2769348,2024-09-03
b08817a95cac6547,1533a1259c2fc740,chat,technical,3.5,resolved,7.6,dad25bdc2eb28efc,2024-02-27
8d4a76109d8046d1,9e0ee76af6f63d14,app,upgrade,0.0,resolved,6.0,1fa6b70d2a59204a,2024-01-22
7e53f84985f59ed5,b622fd7faab4e0fc,phone,technical,3.7,unresolved,6.5,fedc2b2956802007,2024-04-23
e15b293d0d52be0a,d5574ffb10ab85b5,phone,technical,2.5,resolved,1.3,1a74383a109cb319,2024-09-09
ccfa881bfa464e00,3bb87dfe7d08315a,app,upgrade,9.9,escalated,4.6,05793679970dfe83,2024-08-18
5f540d52ec8980a2,409ac406fa85dadc,app,billing,13.0,resolved,7.3,cfa1407a0ddbe71e,2024-08-07
7b222f4a0fd1e703,7f53cb886f1e2ff1,branch,complaint,0.0,resolved,1.4,609f4a1d006cc5d0,2024-02-10
fde2d8a51067a5d9,600d2ea3ba44254f,chat,upgrade,4.4,unresolved,7.7,3370822d9a67b2b4,2024-09-15
3efb4f59292e6180,12e63a843a011c35,phone,cancellation,1.6,resolved,1.0,3c4fd57ee2769348,2024-02-11
99b09e0a566eabf8,2c0e7544e635fc12,app,cancellation,4.4,resolved,6.6,544a618267704438,2024-12-04
6ce5e2a8a29c63f0,c50eda8600c290eb,phone,technical,3.3,resolved,7.0,1fa6b70d2a59204a,2024-06-07
42daef7a07d9556f,87a48f2a1473fa26,app,complaint,3.4,unresolved,4.0,8168c84b4d453f19,2024-01-24
e70a967d71b53c4e,21074e734f33a890,email,cancellation,1.2,resolved,9.1,5b7627488b739561,2024-08-07
28fff7b3f11ef151,4a4756cc2cdaeaa0,phone,cancellation,10.8,resolved,1.7,fb850b9cfc684926,2024-06-09
968fab42b3acad1e,ea41aee0b5febb6b,email,technical,2.2,unresolved,3.6,7c89d0af87939122,2024-05-06
fefc3903beb8c95c,e02dcdb0a4866703,email,general,1.2,unresolved,4.1,56de770f703fbd3c,2024-05-15
f2a4d249f788be78,9ea3c99ef5cf605a,phone,technical,5.0,resolved,8.1,c5c4ea45c9fa7128,2024-04-03
438b030f9e0fdff3,e745d7e53b03c26b,app,billing,1.6,resolved,8.7,b6e6bbe380a4ecfa,2024-02-28
dc2ffb0d3c327df1,61dfb3c3e2866b8c,app,cancellation,8.9,resolved,8.1,0addca0233b2a77d,2024-05-10
64d3af1d584ba18f,1c977db147f46222,branch,technical,8.6,escalated,9.4,1c39c989cc2a171c,2024-11-28
ebd35a0c4a249647,27c92834df097d11,phone,upgrade,0.6,resolved,5.2,b7dff30912eb0039,2024-03-13
4e299ac1239050ec,cfc24bfff76187ec,chat,upgrade,0.7,resolved,1.7,f390a7f3d461cad8,2024-01-11
b26ec5c4d9337727,67354c40c7454eb7,phone,upgrade,3.8,unresolved,9.6,f058f69146fde5a4,2024-03-01
a639320da3a2ae04,ea077a5eb6803562,branch,billing,0.4,resolved,5.2,f390a7f3d461cad8,2024-04-17
6d5e8610d80b8b31,ce668b20709dbda4,phone,billing,14.6,unresolved,1.5,5e638881d60146cc,2024-08-17
6917f0a3858f87dc,48729bba3c509acb,phone,billing,1.6,unresolved,8.8,f058f69146fde5a4,2024-08-14
1ae79cd46bfc32d6,a4390b8020481075,branch,upgrade,5.3,unresolved,6.1,8f76ee50d48b6eb3,2024-09-18
41a3f13ad19daa7f,319fdc2d4e45cd71,email,cancellation,0.0,escalated,2.3,56de770f703fbd3c,2024-04-25
a264ff388ad9b97b,d5574ffb10ab85b5,email,technical,21.4,resolved,4.0,b4b0a9df62e6341e,2024-01-20
6b7cb1163405468f,759c7bc81a6567b8,app,cancellation,0.7,escalated,5.2,ec398133ae662ffd,2024-07-27
b4b2292054d2f4b4,f130ec10be50dac5,branch,cancellation,0.8,resolved,3.1,609f4a1d006cc5d0,2024-03-03
43016386ce5d1ac5,70a47eb6dcfc057c,chat,cancellation,2.7,resolved,8.9,5b7627488b739561,2024-08-26
b8709ae10a90d3a6,59e97c496d5f4822,phone,general,5.8,resolved,4.0,fedc2b2956802007,2024-08-10
8c195637b74ba313,9cca632d144505eb,chat,general,4.6,resolved,8.1,6454d581c167ce15,2024-02-05
39bc55a6d467711b,b7ab6a76332a3704,phone,general,7.2,unresolved,6.3,774ec0b9da094a62,2024-10-21
047acdd94f0e6b6d,25a2fefaa45a6219,branch,billing,3.1,resolved,3.3,2cd0bba07e3f4cdf,2024-11-16
c5deb5df8c9be3e2,2df30e5e5dd0ca06,app,technical,0.3,unresolved,6.3,0addca0233b2a77d,2024-12-28
e2181b16c3c07e52,097fd8b6f9a08ae3,chat,billing,3.5,resolved,3.4,5b7627488b739561,2024-07-15
24fb28fd4a04d000,59e97c496d5f4822,app,general,1.1,unresolved,7.0,af4f3115ae880ef1,2024-02-11
d5e1a83a6cb290fd,5a928ed4234138f0,email,technical,7.1,resolved,4.8,3370822d9a67b2b4,2024-02-27
b6172278bacff5de,4a4756cc2cdaeaa0,email,complaint,0.6,unresolved,4.7,2305400ca286a6be,2024-04-25
0a55278cfd015bfa,84ccf3119a3a106d,chat,billing,6.7,resolved,2.4,3c4fd57ee2769348,2024-08-02
d6d2139199a89abe,f148d5c44b2f2680,chat,cancellation,5.5,resolved,2.7,fedc2b2956802007,2024-09-02
dab5c8edd8da2d32,4a178282c5ca18d1,app,cancellation,30.6,unresolved,9.8,d62a03403b96385d,2024-11-30
ea34a359bd631299,58fe68b77b986d50,branch,general,2.1,resolved,8.5,b7dff30912eb0039,2024-02-25
672a05c570750cec,486b5d75cd1afdcb,branch,general,5.8,resolved,1.9,af4f3115ae880ef1,2024-11-10
be6f4ec1259fbbde,8223a60e4286692e,phone,general,1.5,resolved,9.4,1a74383a109cb319,2024-05-20
8411b653a19917f9,7edd7493d09fd63a,app,technical,0.3,resolved,5.5,adeaddf287e0ac93,2024-03-19
77857d4b4f5a0316,f2caa0becd2c7c50,email,technical,9.7,unresolved,2.3,1a74383a109cb319,2024-11-25
ebcff5a6717236f9,7a7c8d4f2020eaf9,app,upgrade,12.8,resolved,6.3,4cc9a85ce7df38b6,2024-04-21
5d581f80c9c03760,cb3a7a12ac0f2654,email,complaint,12.6,resolved,9.9,1fa6b70d2a59204a,2024-11-08
0d06567b8b70d1c8,ef5f35f62ea79582,chat,complaint,1.7,resolved,4.4,399b6a1f1b2a5ad4,2024-11-06
19fb75aa4216be0c,d4178519491ed4e0,email,cancellation,1.4,unresolved,1.4,fedc2b2956802007,2024-11-01
aee245d5e1372f55,38d200e0e0f438ff,phone,complaint,1.7,resolved,5.1,cac0551db5e3f05d,2024-12-24
2060f76fa595a019,2bc450148c28b47a,branch,billing,2.1,resolved,5.5,2305400ca286a6be,2024-10-16
0adad7d4f6ec7755,f18e4304c474cbd8,email,billing,2.3,unresolved,8.6,adeaddf287e0ac93,2024-05-02
64b07e9d6407f457,d588d79aa4e13ad0,phone,upgrade,8.5,resolved,8.8,1a74383a109cb319,2024-08-15
90d00046090c4498,d627159aece184f2,phone,upgrade,3.5,unresolved,3.9,d62a03403b96385d,2024-05-08
78c23be8c616f8e4,882794bbead75d88,email,technical,8.4,resolved,8.8,f058f69146fde5a4,2024-05-27
bb95f3394890459f,1a7e0a3bed5c2d81,app,cancellation,2.4,resolved,9.6,d62a03403b96385d,2024-05-24
f6e4dfb8f779d5ce,4e5f8e83ea0b0ed8,app,complaint,12.0,resolved,5.2,b7dff30912eb0039,2024-04-21
610efcd04e7cd01c,e97b3e0b20a99c99,branch,billing,10.3,resolved,4.7,1fa6b70d2a59204a,2024-12-21
705e15c1dad6ef71,c8548340e292f8ae,chat,technical,6.0,resolved,1.9,adeaddf287e0ac93,2024-06-02
7a2eb9d6fe7f7bb0,62b313b1a9ca029d,phone,technical,10.6,resolved,2.4,b6e6bbe380a4ecfa,2024-05-17
0c48b06825bc9814,9add13dae81ea94f,phone,general,19.3,escalated,6.6,b4b0a9df62e6341e,2024-08-18
62636778b4891448,4ae94faa21f10177,phone,upgrade,2.8,resolved,3.7,399b6a1f1b2a5ad4,2024-11-07
971367c2c96bb62f,21074e734f33a890,phone,technical,7.7,resolved,2.1,bac5f7879d67307f,2024-01-15
d524709dac4d2b1e,c6ef2a45ddd2f617,app,billing,1.9,unresolved,1.9,4cc9a85ce7df38b6,2024-04-09
f7ac7fc418947414,276e5ae6c75a8b32,chat,technical,4.6,resolved,5.1,cfa1407a0ddbe71e,2024-11-10
c7177c983ba53d16,e7f8b23a62389cc1,app,technical,1.9,unresolved,3.1,fb850b9cfc684926,2024-08-28
0de1ba266db41246,f7af4dc3737fd9e4,chat,upgrade,0.4,unresolved,3.0,399b6a1f1b2a5ad4,2024-09-15
501b18602e90ef3b,5b528c377e06dea8,branch,cancellation,10.7,resolved,4.8,56de770f703fbd3c,2024-08-29
449034a69b36f327,36872988ee4f71b3,chat,upgrade,1.5,resolved,6.4,4cc9a85ce7df38b6,2024-12-29
a56df4bfa4f78903,a20770f994d8bc93,app,upgrade,6.6,resolved,3.7,fedc2b2956802007,2024-08-23
fe88623f9936aa7e,411fd7c0b7f9a803,app,billing,2.7,resolved,6.4,ec398133ae662ffd,2024-06-19
aebff78e6e3a5400,1e14b7c74622ac4b,app,technical,9.6,resolved,9.3,8168c84b4d453f19,2024-06-07
6bafa9e72c3deee7,f4aebc96462e6b0f,app,cancellation,5.3,resolved,6.5,dfec25d33cc2bf76,2024-06-15
e5b028933fc85e6c,f61e060c86948745,chat,upgrade,2.3,unresolved,9.8,c423299841bcd116,2024-05-18
b685fbf83a76f839,5978de5f61ca21c5,app,billing,1.6,resolved,7.3,b42c3b95cba63112,2024-02-03
bcc373ab5002987f,22d658778894acd9,email,billing,11.3,resolved,6.0,bac5f7879d67307f,2024-09-30
ba12443a82189db8,dd4bc80c6125668a,branch,general,0.9,resolved,1.2,6454d581c167ce15,2024-06-06
3ff6cfe65d17ed9c,692868edafe1ed22,phone,technical,3.4,resolved,8.8,ec398133ae662ffd,2024-07-14
46fdf67fc4bc8073,ed76426daca5391c,app,cancellation,7.3,unresolved,7.5,399b6a1f1b2a5ad4,2024-02-06
ccb6eb59261a40af,84a767726dc564b9,app,technical,7.3,unresolved,2.7,774ec0b9da094a62,2024-09-10
ea4dea1914eb8ead,4ae94faa21f10177,chat,general,0.6,escalated,7.8,5b7627488b739561,2024-06-17
33fe95b82cc42c5d,2aef673b253b3d58,email,complaint,21.2,resolved,4.2,cfa1407a0ddbe71e,2024-10-16
118e977ddf189b41,3c988be854d19cf7,branch,upgrade,3.4,resolved,9.5,56de770f703fbd3c,2024-07-26
299e371262a66606,2589298c9144818b,email,general,0.5,unresolved,9.3,1c39c989cc2a171c,2024-02-16
2b11c3f45bd3e94b,a8167c6a875a70a9,app,cancellation,0.2,resolved,9.4,56de770f703fbd3c,2024-10-14
88786f0579e28e11,1513d2d5ae9abd60,email,cancellation,2.4,resolved,2.7,56de770f703fbd3c,2024-11-17
4737bf08d5266af8,533bbbafa1feecc9,chat,cancellation,0.3,resolved,6.0,8f76ee50d48b6eb3,2024-08-19
b805c77e32a81aa0,63d18335b39fbaff,chat,upgrade,5.1,resolved,9.7,c76eb8bd11bd6115,2024-06-08
61fc4042ae30e289,6ad8a65f8b886422,phone,complaint,3.7,resolved,9.9,3c4fd57ee2769348,2024-02-11
8135aefed48273a2,2aa6d7b211ac3c1c,branch,general,0.1,unresolved,9.6,f058f69146fde5a4,2024-09-02
2d4a78b592efd54c,f61e060c86948745,email,general,3.8,resolved,9.0,f058f69146fde5a4,2024-01-06
d439d5e01f769e87,7be3f805babdce8a,phone,billing,16.5,unresolved,6.3,8f76ee50d48b6eb3,2024-05-16
47aefe1d14f6d866,e11c4b4d9ebc35d0,chat,upgrade,2.0,resolved,1.0,4cc9a85ce7df38b6,2024-06-21
ca0f555a415a803d,d386115847af95a5,email,cancellation,6.3,resolved,2.9,d62a03403b96385d,2024-01-05
70475e19b1559dde,c9b87801e32ab2ac,app,cancellation,1.1,resolved,2.2,3370822d9a67b2b4,2024-08-06
bce3ec64e5350265,66768ab0b72b95b0,chat,technical,13.3,unresolved,2.2,ec398133ae662ffd,2024-10-23
ce404792f841ef06,9a6c0061bbe97014,app,upgrade,0.4,unresolved,6.6,399b6a1f1b2a5ad4,2024-09-25
373b3222690fc1b4,3e042f9b7a6568c1,email,complaint,6.6,resolved,5.6,d62a03403b96385d,2024-05-16
e784200f5baa805e,e7e53eb4fc92f441,phone,general,4.5,resolved,2.7,c5c4ea45c9fa7128,2024-09-04
fa2df2c43c0e263d,70e5fb5880e41b74,email,upgrade,1.1,resolved,2.8,0addca0233b2a77d,2024-10-02
a5e93459d4cb4f40,f4aebc96462e6b0f,email,billing,4.4,unresolved,3.5,dfec25d33cc2bf76,2024-09-16
d327e20bc77a2b19,6e4f134425053dd5,email,technical,5.1,resolved,4.7,544a618267704438,2024-05-31
f324ba8aecb54013,15cf0c8a9792e50a,phone,cancellation,1.9,resolved,8.1,dad25bdc2eb28efc,2024-10-19
0978b6557d4a3205,399d361b0b750759,phone,technical,6.9,unresolved,7.1,dfec25d33cc2bf76,2024-08-11
d37f21e89adafad6,833572166df65733,email,upgrade,5.9,resolved,3.0,82fe407f64b38d82,2024-09-14
e0bfcf875b616467,8a7bd3275b901b34,chat,general,5.3,resolved,3.9,4cc9a85ce7df38b6,2024-12-21
778d0b2fa8ec4c71,9714754ba9ca7aa1,email,cancellation,15.9,unresolved,6.1,ddf170a476086c6f,2024-07-08
96648e0c7f67aae1,3b3d64cca5a929f3,phone,upgrade,0.4,resolved,2.1,399b6a1f1b2a5ad4,2024-03-06
e5a0504fc1eba63d,7dca056d1b851684,phone,technical,16.7,resolved,2.3,c76eb8bd11bd6115,2024-02-05
6fc04ba7bd90f9d1,478afcd83d763d72,chat,general,7.4,resolved,8.5,cac0551db5e3f05d,2024-01-24
e0a09b0ced1ee768,cb48b465991a6367,phone,complaint,2.0,unresolved,3.7,05793679970dfe83,2024-09-24
1712ed97d4abb4a0,8e8ef9b2d63288e9,branch,cancellation,4.8,resolved,2.8,d120a5423d6b9809,2024-08-15
2acfe5e1a5ad8e7e,8a7bd3275b901b34,email,upgrade,10.9,resolved,7.0,c7c7ef357b5ecde0,2024-05-24
f3c9088a17ffc42a,f1a71cf26fe20f2b,chat,technical,2.5,resolved,8.3,32bd638578fd7f8f,2024-01-03
2512c08db034fbdc,87dc8c4342f67013,email,complaint,9.0,unresolved,4.5,8168c84b4d453f19,2024-10-12
f0521de47c8de9a1,05994ecc6b269fd8,chat,complaint,3.6,unresolved,6.1,56de770f703fbd3c,2024-05-29
756a56fed7a8c0ae,023873d9a8327222,branch,upgrade,9.7,escalated,1.7,609f4a1d006cc5d0,2024-11-19
782de78871daac24,9cca632d144505eb,phone,complaint,17.9,resolved,1.8,fb850b9cfc684926,2024-06-09
b254b16b215f60d8,fc7409b846103218,chat,billing,17.6,resolved,5.3,3370822d9a67b2b4,2024-01-10
09bc8580beab648c,3fc342302a9bcaff,app,general,8.7,unresolved,8.3,fedc2b2956802007,2024-10-07
b1182a57cb4f6fb4,5eb10f0cd7a891d2,phone,cancellation,12.0,resolved,7.9,82fe407f64b38d82,2024-03-12
09895b5b3d0bacfc,486b5d75cd1afdcb,phone,upgrade,9.5,resolved,6.8,1c39c989cc2a171c,2024-04-01
cf2bd63d44e74b80,8595ddc66d3b9017,email,general,5.2,resolved,9.9,5b7627488b739561,2024-08-02
378ff819c693577b,87a48f2a1473fa26,app,general,7.2,unresolved,1.7,d120a5423d6b9809,2024-10-11
934599a4cccb875c,097fd8b6f9a08ae3,branch,billing,1.6,unresolved,1.7,fedc2b2956802007,2024-07-05
eda6d7ee55c83588,da1ce756a9266d28,branch,general,2.7,resolved,2.8,adeaddf287e0ac93,2024-02-13
ff28113f7483a5b7,2996ac5bda773a5c,phone,general,0.6,resolved,3.6,b6e6bbe380a4ecfa,2024-05-08
011cf30d842038f7,77145db08d2500c4,app,general,4.1,resolved,5.8,56de770f703fbd3c,2024-11-03
913a35a1d30ba6fb,87dc8c4342f67013,phone,upgrade,0.3,resolved,3.1,3c4fd57ee2769348,2024-10-14
ddd5194d07e9cce3,93102f8c8c50d21e,chat,complaint,0.9,escalated,2.6,f058f69146fde5a4,2024-03-02
16252b0b298c9386,342bc2899163338d,phone,technical,0.6,escalated,9.4,ddf170a476086c6f,2024-05-17
93d32081eae871e8,79b34c7dbd15f98b,app,cancellation,10.4,resolved,7.3,fedc2b2956802007,2024-10-16
72bcfb1c145b86b2,cbe05534a3641062,chat,technical,2.0,escalated,5.0,b7dff30912eb0039,2024-02-17
60b6a579638f8096,ceabfd7dba2cdcee,email,billing,2.6,resolved,9.9,ec398133ae662ffd,2024-09-11
899d946cd4615b7a,398ecad6590ed45f,chat,billing,1.2,resolved,5.3,c7c7ef357b5ecde0,2024-05-28
fc61d343cb457f8f,299b90f63d80b474,app,upgrade,0.2,resolved,9.9,64b696c958ad6331,2024-05-15
e802bb9d335d4d33,bbbdc5bdd5d4f50a,email,cancellation,3.2,unresolved,9.9,d120a5423d6b9809,2024-12-06
aea191dadcb9e101,f4e1e3e2c455372c,branch,general,1.2,unresolved,2.1,609f4a1d006cc5d0,2024-12-11
0dce37106ba3130c,09151ed2d74d2e19,app,technical,4.8,unresolved,2.7,bac5f7879d67307f,2024-04-26
5af2010a70983d70,ef86800f494052d6,email,general,3.4,unresolved,1.3,dfec25d33cc2bf76,2024-01-26
c0ec6104a84af7dd,efd0f0ed55635551,phone,upgrade,2.9,resolved,4.4,b6e6bbe380a4ecfa,2024-04-17
3f43c53fbd27cfca,ce52540e7c6e8d1c,app,general,2.0,resolved,7.0,ee08771c9d0f0715,2024-01-19
12436af0939b6ca1,299b90f63d80b474,app,complaint,3.4,resolved,5.8,32bd638578fd7f8f,2024-11-13
589ec250552e8a79,f7af4dc3737fd9e4,email,cancellation,0.1,resolved,2.9,82fe407f64b38d82,2024-07-28
1a03e5abbffd8612,d708cdd5a1ab5147,branch,technical,0.3,resolved,7.2,82fe407f64b38d82,2024-10-30
cdb41ad9be2922a1,a93aa7dace01d135,chat,technical,9.7,resolved,1.2,8168c84b4d453f19,2024-02-18
fa2b0cfefdac2951,8d55b3cfeea097d0,email,cancellation,0.9,unresolved,5.6,0addca0233b2a77d,2024-10-04
c3557d83fc1d0a99,ea077a5eb6803562,chat,billing,15.6,unresolved,1.1,b7dff30912eb0039,2024-07-17
edb5a620eede6c02,5aea0f8418c788e7,phone,complaint,0.6,resolved,9.0,4cc9a85ce7df38b6,2024-08-24
24ded60b515b3e28,7606fac68580d2c7,branch,general,0.7,resolved,5.1,1fa6b70d2a59204a,2024-05-31
cfbe954dcc6e8872,7be3f805babdce8a,chat,general,8.2,unresolved,9.1,ec398133ae662ffd,2024-09-28
56fbbd1de753519e,1513d2d5ae9abd60,email,complaint,2.3,unresolved,5.6,1fa6b70d2a59204a,2024-03-12
2e9d475ed73c8847,32b732435b773ec8,email,upgrade,2.6,resolved,6.0,399b6a1f1b2a5ad4,2024-10-26
ee15972e8b59a8f2,0fe90c42e16ec1ac,app,upgrade,0.8,resolved,1.3,b7dff30912eb0039,2024-08-03
32ff832b96d96bb3,82c0794d896302f7,email,billing,3.1,resolved,9.7,f390a7f3d461cad8,2024-12-16
d2c609ce66fbf467,d1bcbf944b97b4cc,phone,complaint,15.0,resolved,3.9,b7dff30912eb0039,2024-05-23
1548a856d629c2e0,66e075ad1e08433b,chat,cancellation,2.1,resolved,8.9,82fe407f64b38d82,2024-07-06
f5cb9f73cd6f4d13,567c594223514ff3,phone,cancellation,2.6,resolved,9.3,b4b0a9df62e6341e,2024-01-30
e5ae7b6e6c15bc32,788179f07895627a,email,cancellation,4.5,resolved,6.1,544a618267704438,2024-05-23
fdb912fa9e7f40e0,0c98212079c46664,chat,general,1.4,resolved,3.2,c5c4ea45c9fa7128,2024-03-23
c722505a85fb388f,882794bbead75d88,chat,complaint,4.8,resolved,7.7,c76eb8bd11bd6115,2024-06-11
fa267debef8766ce,7d5e2b48e263f4d1,app,cancellation,2.7,unresolved,4.2,b42c3b95cba63112,2024-07-27
de4d83252c0671e9,2449bfe37a9e012a,phone,technical,2.1,resolved,6.6,ddf170a476086c6f,2024-10-21
d01980f2fcfa5723,7875d35007f73b07,app,upgrade,8.3,resolved,5.3,b42c3b95cba63112,2024-07-21
40d464d88fd66b7f,77145db08d2500c4,email,upgrade,17.4,resolved,9.7,b7dff30912eb0039,2024-05-15
db1c658d5bae6848,c2417da8ecc86cd2,phone,technical,0.0,resolved,4.3,399b6a1f1b2a5ad4,2024-11-30
158ad0b7b9495c0e,de4ae09d9f2d9531,branch,technical,3.3,resolved,4.7,3c4fd57ee2769348,2024-09-22
ce694e564f8408a4,9d6b41bf80784c2d,phone,complaint,0.3,escalated,9.9,544a618267704438,2024-08-10
e11553cc1ed64af8,87665a30c225f102,branch,billing,13.0,resolved,6.0,609f4a1d006cc5d0,2024-04-15
f4505fb918b92fd2,b53861bc6e140d22,app,upgrade,0.5,unresolved,1.2,7c89d0af87939122,2024-11-20
3e68f8c282b6ed88,1e0df9c532a06351,branch,billing,5.5,resolved,8.9,609f4a1d006cc5d0,2024-03-15
d61012948b7e1e7c,c960159cb291b2db,app,billing,0.5,resolved,6.6,d120a5423d6b9809,2024-05-05
4f288fec2ea92c8d,5e69702a05aeb8c9,branch,technical,3.3,resolved,1.4,82fe407f64b38d82,2024-07-23
c1aec1baa0bc0052,988481da002ff954,phone,technical,0.5,resolved,2.4,c5c4ea45c9fa7128,2024-02-09
4bdfbea684b19a45,fc66fb484f6ff20a,email,cancellation,19.2,resolved,9.5,64b696c958ad6331,2024-10-02
6237c4453e5fe6ce,32be5eb671304318,email,complaint,4.6,resolved,6.7,2cd0bba07e3f4cdf,2024-11-17
cbe1d1fc5a9a0c68,ff107396f163c985,app,general,1.8,resolved,7.5,c7c7ef357b5ecde0,2024-07-10
323b61f6f2855666,7dca056d1b851684,phone,technical,0.5,resolved,4.4,c5c4ea45c9fa7128,2024-12-13
e2888637d78cee01,f33e73bdea47d5d7,app,billing,7.9,resolved,9.8,fb850b9cfc684926,2024-06-04
fb8ee24d2ec69d74,c4f7fe339ce44579,chat,complaint,1.4,resolved,4.8,cfa1407a0ddbe71e,2024-09-06
e72bd61cc8d7fa5a,61b8edd0c82a20ae,app,technical,11.8,resolved,6.5,5e638881d60146cc,2024-07-14
c1b0722d43272d50,d96ba76dbed500bb,email,upgrade,0.8,resolved,10.0,bac5f7879d67307f,2024-08-05
a04b6cf920e14ce5,81d95c143c333ee7,email,cancellation,2.5,unresolved,9.9,b42c3b95cba63112,2024-03-31
1e3cc1b8f23b14ca,f3949495d1d258f1,chat,complaint,22.7,unresolved,3.9,d120a5423d6b9809,2024-10-26
659a9a973ce629e3,2a2d3abde32ffed3,chat,general,5.0,escalated,4.7,1a74383a109cb319,2024-02-22
25ed060508a21150,455d12da511ab656,chat,complaint,0.8,resolved,1.3,2305400ca286a6be,2024-02-13
fe8c0b6e09c131cf,023873d9a8327222,email,complaint,0.2,unresolved,8.7,af4f3115ae880ef1,2024-02-14
a8ee889ba36bc008,a2ff8127a2edf96f,phone,cancellation,0.9,resolved,8.6,544a618267704438,2024-10-08
b1f6aacb627f2472,1c977db147f46222,branch,technical,0.6,resolved,8.6,dfec25d33cc2bf76,2024-01-08
e67894a28c250953,5f45a4b8ebe17768,branch,complaint,0.4,unresolved,6.5,b4b0a9df62e6341e,2024-02-18
6e0006592576ae6e,e6f577c090d9035b,phone,billing,7.5,unresolved,2.6,c423299841bcd116,2024-08-23
e0f73427568289e2,7f53cb886f1e2ff1,app,general,1.8,resolved,9.6,adeaddf287e0ac93,2024-09-08
ad5b67f055fb6d63,f431ecb7711615b0,email,cancellation,4.6,escalated,5.7,5e638881d60146cc,2024-12-28
5919b61ad1b083d6,0144e4b8227cbf3f,app,complaint,18.8,unresolved,8.6,dad25bdc2eb28efc,2024-04-01
dc5a44759e261823,94c152bdf68cc6af,phone,complaint,2.2,unresolved,3.4,f390a7f3d461cad8,2024-06-19
7cc29cd8ecbf96a0,58ff24853040e0ab,phone,technical,4.9,resolved,3.1,dfec25d33cc2bf76,2024-09-04
d1d994ace60ddce8,9030765f9f6a676b,chat,technical,2.1,unresolved,5.9,af4f3115ae880ef1,2024-11-16
32107d73b4307939,e6f577c090d9035b,email,billing,0.7,unresolved,7.6,bac5f7879d67307f,2024-06-27
d08302082ec043db,bb1163efc37aff0d,chat,upgrade,2.7,resolved,5.6,64b696c958ad6331,2024-03-14
4b66a1843669b3ec,99606e9a057b6340,app,technical,5.6,unresolved,8.6,ec398133ae662ffd,2024-05-19
0942898447473104,caffab3ed0242dd1,chat,billing,5.4,resolved,6.8,b4b0a9df62e6341e,2024-11-16
2b5b1015265ab082,66e075ad1e08433b,branch,technical,1.3,resolved,7.7,5b7627488b739561,2024-08-30
68333240f08a9018,36872988ee4f71b3,branch,upgrade,5.2,resolved,2.8,32bd638578fd7f8f,2024-03-15
02dd62728b834cb3,caffab3ed0242dd1,app,technical,1.0,unresolved,5.5,c5c4ea45c9fa7128,2024-03-24
85b6ced22f5cccc7,124941d12cb83091,chat,technical,4.0,resolved,8.0,dfec25d33cc2bf76,2024-06-08
ef33bc32a7756055,2cf007913545eeb5,app,complaint,0.3,resolved,3.4,d120a5423d6b9809,2024-04-13
2df5c41dbab37da9,cd57fcebe948e59f,branch,technical,0.4,unresolved,4.9,b42c3b95cba63112,2024-12-30
a04d9fd88750fe17,30888b723f760fac,phone,general,2.3,resolved,6.1,32bd638578fd7f8f,2024-05-18
275e94bb9ff9d5cd,a7847bb3573d03ed,branch,technical,3.7,resolved,4.4,2cd0bba07e3f4cdf,2024-02-18
24db07ce0a5c06c4,87665a30c225f102,app,complaint,0.4,unresolved,4.3,cfa1407a0ddbe71e,2024-02-15
a600b60bc975fe8d,0856888b48e8a7ac,chat,billing,3.6,resolved,1.6,c423299841bcd116,2024-04-26
2d9fd8e2e7b3a79a,70af6a05166575bf,phone,billing,0.2,unresolved,6.0,dad25bdc2eb28efc,2024-11-02
070f48282641bbb9,e2cbadb8db971ce1,phone,billing,9.7,resolved,3.3,1a74383a109cb319,2024-06-02
60de9a7861ad06d9,262d379b1a935bf1,chat,cancellation,4.3,resolved,9.5,82fe407f64b38d82,2024-07-17
14dec771d11b2d85,39ca2dc771d824bf,chat,cancellation,9.9,unresolved,4.4,3c4fd57ee2769348,2024-01-09
5e7f36e37039ac05,886a3db278c0c1a3,chat,complaint,3.1,resolved,7.1,c7c7ef357b5ecde0,2024-10-15
0cb6eba90c59e610,bdce091f2454ef15,phone,technical,22.1,resolved,6.7,3c4fd57ee2769348,2024-01-03
ebfa8e5f1dc806bf,371ff7cf2e7b362f,phone,billing,0.8,resolved,8.8,3370822d9a67b2b4,2024-02-27
3818b309120c4609,1c0b4f39057c26ff,branch,cancellation,0.2,resolved,9.0,af4f3115ae880ef1,2024-04-11
40f49712a86c616d,703456167a7acd17,app,billing,2.9,resolved,6.5,ec398133ae662ffd,2024-06-30
d4eefea95520ba67,882794bbead75d88,chat,upgrade,2.2,resolved,5.1,af4f3115ae880ef1,2024-10-10
ee42f7d35056a51f,5aea0f8418c788e7,chat,technical,0.4,unresolved,5.7,c76eb8bd11bd6115,2024-08-19
b5fe919f47e7a549,04591516c0cb3ee1,chat,technical,6.1,resolved,3.8,d62a03403b96385d,2024-12-16
af70a3a2b9fe9643,7ab12b5ccac8b8c8,chat,upgrade,0.9,resolved,3.6,ee08771c9d0f0715,2024-07-20
4760633dfda3f4e4,d63e94a07a59a8cf,email,cancellation,8.6,resolved,4.0,fb850b9cfc684926,2024-12-13
9c87f9111a34e8fd,28c2b9d5a3056adf,chat,upgrade,1.3,unresolved,9.4,0addca0233b2a77d,2024-01-28
dc4013e81e2a6520,e56433ed5346f95f,phone,cancellation,0.9,resolved,1.8,b7dff30912eb0039,2024-09-24
fb027106cac4af90,9351b9869bfd640b,app,complaint,0.7,unresolved,5.0,f058f69146fde5a4,2024-05-11
183f5005b9fff55a,409ac406fa85dadc,app,technical,1.1,resolved,7.6,f058f69146fde5a4,2024-11-14
0d27babcc802cd62,3248a73959fbd3f3,phone,upgrade,0.6,escalated,9.6,1c39c989cc2a171c,2024-01-16
46d5818d7c18d18c,32be5eb671304318,email,technical,5.5,escalated,8.2,fb850b9cfc684926,2024-03-19
3613edccae79da44,398ecad6590ed45f,chat,cancellation,9.6,resolved,3.5,2305400ca286a6be,2024-05-22
e45ebd8f86766b5d,f1a71cf26fe20f2b,email,billing,1.1,unresolved,8.8,5b7627488b739561,2024-10-05
a4311469fb38575c,2ef53364280f236e,branch,billing,2.2,resolved,9.2,05793679970dfe83,2024-01-24
a03d372e9b64807b,7be3f805babdce8a,branch,general,1.0,resolved,2.4,3c4fd57ee2769348,2024-11-28
62a97c4652a3b653,2c3888e2386d6cb4,email,cancellation,4.8,resolved,6.1,3c4fd57ee2769348,2024-09-22
297977d30d72fc6d,0469899baa19afb3,chat,technical,1.1,escalated,7.6,b4b0a9df62e6341e,2024-06-27
bbe386cbafbf1de6,8c1114da6e55d308,chat,complaint,10.2,resolved,8.1,1c39c989cc2a171c,2024-03-18
809d6fa6ecbd79e2,dc04c42ebfeda16c,phone,billing,3.5,unresolved,9.9,b42c3b95cba63112,2024-07-11
39afdb9a32b47bf0,7606fac68580d2c7,branch,general,1.7,escalated,1.5,399b6a1f1b2a5ad4,2024-01-22
0d31865441d96170,e00949f19b733cdb,app,upgrade,0.7,resolved,1.6,c423299841bcd116,2024-10-10
c508feac37d2bb39,4587b25745585a05,email,upgrade,5.0,resolved,1.5,7c89d0af87939122,2024-09-06
19c47734fc8166f6,6463222113544c6b,app,technical,0.0,unresolved,1.5,82fe407f64b38d82,2024-12-18
43cc0616c472e0db,73782229d955b453,app,general,0.9,unresolved,9.6,bac5f7879d67307f,2024-07-07
1317fd1b009e39ef,aa3b32f4bbac4e77,email,technical,2.4,resolved,4.1,bac5f7879d67307f,2024-08-24
af73f0d93823e23d,27e36276d98cabee,chat,upgrade,14.8,escalated,6.0,56de770f703fbd3c,2024-06-22
71a7179673c43dd2,a2e84703fc42e1ed,branch,technical,5.3,resolved,7.9,609f4a1d006cc5d0,2024-04-06
a8d6660bdcc00809,097df5566b051546,branch,billing,2.7,resolved,6.1,dad25bdc2eb28efc,2024-11-05
42b9b588f81e459f,124e6a8ca5919757,branch,upgrade,5.1,resolved,3.0,fedc2b2956802007,2024-08-22
4d3e3377b0c87912,bfde2e0db1f91226,email,billing,10.6,resolved,3.9,0addca0233b2a77d,2024-03-10
a62d2116dee492aa,207fe588bb4392c5,phone,upgrade,25.0,escalated,2.2,3c4fd57ee2769348,2024-07-27
09ecc13db827e67c,2084cdf8c9db19c7,chat,technical,0.5,resolved,6.2,bac5f7879d67307f,2024-08-02
260ba078a72112a1,3ecd8c40e835c185,email,upgrade,0.4,escalated,3.5,64b696c958ad6331,2024-02-25
f4026cc1bfcd9532,c50eda8600c290eb,app,billing,6.0,unresolved,7.8,b6e6bbe380a4ecfa,2024-01-27
9c9878842620f7ab,a4fac714a2933aff,chat,cancellation,9.4,escalated,8.2,ee08771c9d0f0715,2024-04-15
972b574eceedb942,0ef584decd975f31,app,billing,13.7,resolved,5.6,64b696c958ad6331,2024-07-13
ae9116ca992b4fb8,535a3d7407a53ec9,branch,upgrade,0.4,resolved,6.2,dfec25d33cc2bf76,2024-12-14
a9aaed439cbd5fe8,ef86800f494052d6,chat,technical,5.3,unresolved,1.1,2cd0bba07e3f4cdf,2024-11-17
1564dc1e9ee50837,a83327220e8416d4,chat,cancellation,9.5,resolved,4.5,0823317874a6b052,2024-08-08
7062ea1ff78c2ba2,2adba5dc0b7356e1,chat,complaint,1.9,unresolved,1.8,b6e6bbe380a4ecfa,2024-11-09
90170a0496f1f339,a9cb620e782da676,email,complaint,5.3,unresolved,6.6,cac0551db5e3f05d,2024-01-06
2cd91e8f3c875254,cbe05534a3641062,branch,upgrade,3.2,resolved,5.8,5b7627488b739561,2024-10-04
47e50874eddfc532,387997a756b60d48,branch,technical,1.2,resolved,6.5,2cd0bba07e3f4cdf,2024-12-16
39d2918723f724bc,2adba5dc0b7356e1,app,general,1.1,unresolved,9.0,6454d581c167ce15,2024-04-07
e3a43eb1a266f402,224fb9a274e0418f,email,upgrade,1.7,resolved,5.6,64b696c958ad6331,2024-06-22
cadeae827c160f21,ecbd219bc9e40207,branch,general,1.3,resolved,5.3,c5c4ea45c9fa7128,2024-04-27
bcfa387615a18fce,c2a56da4cd451785,app,upgrade,6.0,resolved,9.2,2305400ca286a6be,2024-02-22
9edbcf1be0b5e0e4,487acc9ed4a526be,email,technical,4.5,escalated,6.2,8f76ee50d48b6eb3,2024-02-25
955e983b74d7fbf7,d7ab65598d82d494,app,general,2.7,unresolved,8.7,399b6a1f1b2a5ad4,2024-08-02
cc6e4db8c12df189,33027c5d86ee9f67,phone,billing,9.9,resolved,4.3,d62a03403b96385d,2024-05-24
76d8dd2f1a020ecc,ec2d062aff8a7a9f,app,upgrade,6.9,resolved,5.5,af4f3115ae880ef1,2024-12-03
38a0f03c46821465,350d9ea9aab807a6,chat,complaint,1.7,resolved,1.7,32bd638578fd7f8f,2024-07-22
1da2d480693ad8b0,11bccca6fdc498bb,app,general,2.3,resolved,9.6,1fa6b70d2a59204a,2024-02-08
1da7028bdba85238,a186648bf6fd0472,phone,technical,11.9,unresolved,1.9,fedc2b2956802007,2024-10-15
b7922dbcc2ab2244,bc5b3d83c4f94cac,email,general,13.3,resolved,2.9,1fa6b70d2a59204a,2024-03-27
0bc8ce6c138540c8,9138a33ef327e1ff,branch,technical,8.9,unresolved,4.1,3c4fd57ee2769348,2024-11-17
62b562023d4893cf,0469899baa19afb3,chat,upgrade,6.9,resolved,2.8,b7dff30912eb0039,2024-03-22
4b6aa36ea99cb149,bbbdc5bdd5d4f50a,phone,technical,0.8,resolved,6.5,3370822d9a67b2b4,2024-01-22
f8817e4d3a8ab166,79f31847f0a1fb1e,app,cancellation,8.5,escalated,7.8,b4b0a9df62e6341e,2024-06-16
7b32d5ccc9a58db6,a38f7ac494b6d0a0,chat,complaint,1.2,resolved,3.1,05793679970dfe83,2024-04-29
c7eca66280cef7b8,9160299cf45a5954,app,cancellation,8.8,resolved,1.4,ee08771c9d0f0715,2024-04-07
93a051d6de292bcb,788e7f53c9a7b524,chat,general,0.3,unresolved,3.8,7c89d0af87939122,2024-10-04
e28bd2296bfc05b5,2cf007913545eeb5,app,cancellation,6.0,resolved,7.0,7c89d0af87939122,2024-05-28
99d98d8051fac14c,24deac2b448e263c,chat,cancellation,13.1,escalated,4.1,544a618267704438,2024-10-21
b4844f81d281da43,38918cd5b3bd7fba,app,cancellation,2.6,unresolved,8.1,8168c84b4d453f19,2024-07-03
8812c60f3ea09dfb,9a6c0061bbe97014,branch,complaint,4.5,resolved,9.1,b6e6bbe380a4ecfa,2024-06-28
2b7f58532e3d004d,d6b0aeb2a47ebd4f,email,technical,0.7,resolved,3.8,c5c4ea45c9fa7128,2024-08-27
717a1c23ab704c9c,a80ba8b8e4eff13f,branch,cancellation,2.7,resolved,2.4,609f4a1d006cc5d0,2024-04-10
653309aac4dd8978,ec8204acdd2ac64a,app,complaint,4.6,resolved,3.5,1c39c989cc2a171c,2024-03-29
b9b82dbdd16c7694,f1a71cf26fe20f2b,branch,billing,7.9,resolved,9.7,af4f3115ae880ef1,2024-01-05
9ab9861d45c2ea68,cb145f30d0513f9d,chat,upgrade,4.3,unresolved,1.2,06ca84ca3e4fe39c,2024-05-24
6fa77a3a59e2fd82,d3654c09e096b5bd,chat,upgrade,13.8,resolved,2.0,2cd0bba07e3f4cdf,2024-06-06
47115a73204c3d86,a7847bb3573d03ed,phone,complaint,9.0,resolved,2.5,d120a5423d6b9809,2024-11-07
ae80399f24a13003,fd57168b9f5ac39a,phone,upgrade,5.8,resolved,4.8,f058f69146fde5a4,2024-01-28
7658c60360de0387,7cc3d9f09d5d18c2,branch,cancellation,26.3,escalated,3.8,ee08771c9d0f0715,2024-12-09
176831ec43d0c539,b6778ac3599a9a75,branch,upgrade,3.6,resolved,9.9,0823317874a6b052,2024-03-01
25325affc7ca1f6e,0dc17c506a1ce18f,app,billing,2.8,unresolved,5.9,06ca84ca3e4fe39c,2024-08-15
60e36e9f20c00cf0,fedfe36dcf07da5a,phone,complaint,2.5,unresolved,5.3,8f76ee50d48b6eb3,2024-09-08
8bcc5872918be1fd,caffab3ed0242dd1,branch,cancellation,9.0,unresolved,4.4,8f76ee50d48b6eb3,2024-08-27
72f473dc06c4a9f0,1c0b4f39057c26ff,branch,billing,2.8,resolved,6.1,b7dff30912eb0039,2024-07-08
be8ab8ae14449bf7,5c03a23a3401daf8,phone,cancellation,7.7,resolved,8.1,f058f69146fde5a4,2024-10-09
052c0042b88fe778,cf3ced1a30242c1c,chat,upgrade,0.8,resolved,3.2,d120a5423d6b9809,2024-07-29
6d1400c83acdb8a2,66e2c13454481652,branch,complaint,5.7,resolved,6.0,6454d581c167ce15,2024-06-06
036e7d12392ce1e7,fd1289ab928cde5d,phone,general,1.7,resolved,3.5,ee08771c9d0f0715,2024-02-27
bfc8a7a06d49a6b9,c03ffd1693bec76d,branch,cancellation,1.9,resolved,5.6,3c4fd57ee2769348,2024-12-06
d6e13372d155ae25,fb35e6d2e1868891,app,technical,0.5,resolved,1.1,0823317874a6b052,2024-11-22
561baf17f17fc362,7477e882990d2bcf,email,upgrade,11.5,unresolved,4.2,b6e6bbe380a4ecfa,2024-08-12
3ea90727bc720995,b5a871cf7cc52ccd,chat,billing,3.5,resolved,6.8,cfa1407a0ddbe71e,2024-04-22
fbe226fd5bcf10c4,60bf64ac291e0e1d,branch,cancellation,16.8,resolved,5.3,b42c3b95cba63112,2024-09-04
fcfc0a5ba01129f5,299b90f63d80b474,phone,general,4.1,unresolved,7.7,544a618267704438,2024-08-07
63864d24b27ca9f8,ecbd219bc9e40207,app,technical,3.6,escalated,9.5,774ec0b9da094a62,2024-10-24
ed95d8d1094ef58a,cfd4f236ea9babb7,branch,complaint,3.3,unresolved,4.9,b6e6bbe380a4ecfa,2024-12-24
60ba306b77d4b142,bfb5e25d1defb1ce,chat,complaint,26.0,resolved,1.3,b42c3b95cba63112,2024-05-07
135a937fb806d3dd,c8c37fc4912b4fd6,chat,cancellation,6.5,unresolved,1.8,8168c84b4d453f19,2024-09-25
56af79fc89d39a77,e94a724da12595f8,chat,general,2.6,resolved,8.2,06ca84ca3e4fe39c,2024-10-08
55f5d82e1802614c,8b531b21e41bc3a2,app,technical,6.2,unresolved,8.2,c76eb8bd11bd6115,2024-08-01
5c3388fa63b98d5b,bbfdcbef0e34347b,branch,upgrade,1.0,resolved,1.2,1a74383a109cb319,2024-12-19
f59fac139b79113a,3df83a86d1de18b2,phone,complaint,1.3,resolved,1.4,b4b0a9df62e6341e,2024-05-22
7c7d35ab89608ccb,81d95c143c333ee7,phone,billing,8.7,resolved,3.5,c5c4ea45c9fa7128,2024-06-06
885fa059bde85866,2a4b2a53c4e04c71,phone,complaint,0.2,resolved,8.9,c5c4ea45c9fa7128,2024-08-22
93cb54a70a0ae110,2f018d859cd898b5,email,technical,8.4,resolved,4.2,dad25bdc2eb28efc,2024-08-01
15d4d00dcdee9503,ba6854b5e65567f3,phone,cancellation,5.2,resolved,2.3,ddf170a476086c6f,2024-01-30
c437d0b9acf5af7a,8a7bd3275b901b34,branch,upgrade,4.2,resolved,5.5,b6e6bbe380a4ecfa,2024-04-12
1ad90a33a0b3e25e,66768ab0b72b95b0,email,cancellation,2.1,resolved,2.6,b6e6bbe380a4ecfa,2024-01-01
95ef8c2bae0750df,fb09b981a66b5455,app,billing,13.5,resolved,4.3,b7dff30912eb0039,2024-08-24
8893ee0590509796,0469899baa19afb3,phone,billing,8.7,unresolved,9.6,05793679970dfe83,2024-09-15
3c4e63a642293dca,39063b88013afa8a,email,upgrade,4.6,escalated,6.2,c423299841bcd116,2024-01-23
701dc9e8b12c3dcb,2a31bcca5f725981,phone,cancellation,3.7,resolved,5.7,adeaddf287e0ac93,2024-07-09
e1401e87c86507ec,564c3c628e93587c,phone,technical,7.3,resolved,6.9,c423299841bcd116,2024-04-05
ecc11688d94a4308,72849230b2f67e32,branch,technical,2.0,unresolved,9.2,c423299841bcd116,2024-02-07
fcb9d13f3b38294a,79ae08fe23fd6203,phone,upgrade,3.6,resolved,7.9,b6e6bbe380a4ecfa,2024-06-28
e5a32e9da69bf02e,ea077a5eb6803562,branch,technical,10.2,resolved,5.8,b4b0a9df62e6341e,2024-06-17
b1e49b3f3b9a7b1d,a1e470ef13acbf82,chat,complaint,3.1,resolved,5.7,d120a5423d6b9809,2024-08-31
c973242881b0fca3,cc721155c46c346a,phone,general,4.6,resolved,2.7,ddf170a476086c6f,2024-12-27
3ae4d3039a615330,a4fac714a2933aff,app,technical,4.0,unresolved,5.8,1fa6b70d2a59204a,2024-10-07
3d1a83c6d7c3e286,1afdd1a2c9be1455,app,upgrade,0.1,resolved,3.8,7c89d0af87939122,2024-01-28
95f12815b570edc6,673514b88fe6c0c7,chat,complaint,0.5,resolved,4.2,dfec25d33cc2bf76,2024-10-03
3f30cac49f1e1fa0,3b9b7927f45a9da6,chat,complaint,0.8,resolved,4.6,5b7627488b739561,2024-10-14
a02cdd9e0fcf65bb,c883193555c4b7ec,chat,billing,0.6,resolved,1.4,8f76ee50d48b6eb3,2024-10-04
5407403d912241de,b626377d5234383c,branch,general,0.0,resolved,4.6,64b696c958ad6331,2024-11-01
bc5bdd6926282049,5e971feb22cb149b,email,upgrade,0.1,resolved,5.6,1a74383a109cb319,2024-06-16
4fd1aeefafe4bbe3,796eb45bf61bbdbb,email,technical,1.3,escalated,4.5,2305400ca286a6be,2024-03-31
30ecc87f7b8f2b78,8c725f3e249643b8,phone,complaint,8.9,resolved,3.8,3370822d9a67b2b4,2024-02-10
5d7b8a5c2cfac7a6,262d379b1a935bf1,phone,general,5.5,unresolved,3.9,3c4fd57ee2769348,2024-09-23
ac7f530a98ffe40a,465c21f02308e1c6,phone,upgrade,3.9,escalated,9.4,56de770f703fbd3c,2024-02-13
e565f2aa69bec967,b0b6dd3d1297e56c,email,billing,1.9,unresolved,8.6,dad25bdc2eb28efc,2024-03-19
40b37aaec40843a8,70b4ff1afa97020e,branch,complaint,0.8,escalated,7.0,544a618267704438,2024-05-17
c960ad95a76a4e57,7d5ee2993338f28b,chat,upgrade,7.8,resolved,1.5,544a618267704438,2024-02-03
88d9075c5a0a97b1,e52768c960a35996,email,billing,10.2,unresolved,8.7,f390a7f3d461cad8,2024-02-11
340271cd7aba901b,edb39a7fbdf3edaa,email,upgrade,1.3,resolved,5.3,d120a5423d6b9809,2024-07-05
7539e9b5bd82f9be,409ac406fa85dadc,email,complaint,1.3,resolved,9.1,b4b0a9df62e6341e,2024-02-11
5507b880207addad,83202fd60562511d,email,cancellation,0.1,resolved,3.8,609f4a1d006cc5d0,2024-06-02
0d7250a2eeeb05d8,624fa59c72776852,app,general,12.1,resolved,9.9,774ec0b9da094a62,2024-01-07
6962719859debd88,84ccf3119a3a106d,chat,complaint,16.3,unresolved,4.1,06ca84ca3e4fe39c,2024-08-09
5eebd0340ce5b223,cf24922037aeb96d,email,upgrade,3.8,unresolved,5.7,05793679970dfe83,2024-12-25
991cbcd997857bd5,61dfb3c3e2866b8c,email,general,0.7,unresolved,5.9,7c89d0af87939122,2024-06-03
daa5ecf66128784d,63b8194152c1fb98,branch,cancellation,5.1,unresolved,2.3,d120a5423d6b9809,2024-03-25
02d3318f0d95c8b0,0bb1d61fa1b0f993,app,complaint,5.2,resolved,6.6,c423299841bcd116,2024-06-17
b261d49dcd1ae42f,2a4637feda49b45d,phone,cancellation,6.1,unresolved,4.4,bac5f7879d67307f,2024-05-19
e5b0c4d7c7f11621,7f4335560a6a3524,phone,billing,7.1,resolved,5.3,cfa1407a0ddbe71e,2024-08-27
845d075e2286ac38,e719af81c6c44bc2,phone,complaint,4.7,escalated,2.4,8f76ee50d48b6eb3,2024-02-25
8d98bb1d980d4344,875c96b52ad634b5,phone,upgrade,5.8,unresolved,2.3,64b696c958ad6331,2024-04-05
16ae4868c50dfbac,9009b7941abcc0b2,phone,general,2.1,unresolved,3.5,b7dff30912eb0039,2024-12-28
87f79796d216ae87,a8167c6a875a70a9,phone,general,6.1,resolved,10.0,3370822d9a67b2b4,2024-12-12
86e8462854582f97,1f732e168ad4e2df,phone,general,6.8,resolved,7.7,8168c84b4d453f19,2024-01-20
01879b1403400689,81124da40b852087,email,complaint,0.8,resolved,8.7,0addca0233b2a77d,2024-07-30
22e01658b6578ed0,875c96b52ad634b5,chat,billing,4.5,resolved,6.2,ec398133ae662ffd,2024-06-27
f6a87b582c12dc09,ada3958d08916f0f,chat,cancellation,10.1,resolved,1.5,56de770f703fbd3c,2024-10-03
145f827aa7d866e5,35a88194863ed22a,email,complaint,11.8,resolved,8.6,774ec0b9da094a62,2024-08-20
61aae423a7908b61,319fdc2d4e45cd71,email,billing,12.2,unresolved,2.1,adeaddf287e0ac93,2024-01-11
eb57ab7215016a2c,af5787ae6bd8ac75,branch,general,7.7,unresolved,3.9,dad25bdc2eb28efc,2024-10-18
ad5c05c6c0fbb7e6,cf5b8dacc43023aa,branch,billing,0.6,resolved,1.0,5b7627488b739561,2024-10-04
b8764349477ad08c,8c61369cacedb868,branch,billing,2.6,unresolved,3.3,f390a7f3d461cad8,2024-02-24
ce068f26dd53761c,c366faef9cbfbfd6,chat,upgrade,8.1,unresolved,2.4,c5c4ea45c9fa7128,2024-01-17
9a44769908c82566,70a47eb6dcfc057c,branch,billing,0.7,resolved,6.8,64b696c958ad6331,2024-04-02
253c4e82246defd1,e2c7515469a1306d,phone,complaint,13.5,resolved,1.4,3370822d9a67b2b4,2024-05-08
ed13b2897e1faec0,58fe4ef80ba65ab8,chat,general,2.6,escalated,7.2,8168c84b4d453f19,2024-08-04
134b55a146522181,9d25b2247e76feda,app,upgrade,4.5,unresolved,4.1,3c4fd57ee2769348,2024-10-27
c967ce84355c2325,448e54f978934d2e,phone,billing,8.5,resolved,6.4,ee08771c9d0f0715,2024-08-04
5d4de731ce1011a9,26a276ce458d11ed,branch,upgrade,11.3,resolved,2.3,1a74383a109cb319,2024-10-04
3b01621625c7c632,e00949f19b733cdb,app,technical,9.2,resolved,2.7,cfa1407a0ddbe71e,2024-01-17
ea7761df77fe0961,b871cd71bfe8e9d8,phone,billing,9.4,resolved,5.0,cfa1407a0ddbe71e,2024-01-22
6a3988a49370aa6b,e471fdaf173e9a5f,chat,general,4.1,resolved,4.4,ddf170a476086c6f,2024-03-13
527af72c39089319,fd1289ab928cde5d,phone,technical,1.5,resolved,9.5,c5c4ea45c9fa7128,2024-10-18
e42e56e020764a0e,2adba5dc0b7356e1,email,upgrade,3.5,unresolved,4.9,399b6a1f1b2a5ad4,2024-03-25
2a04b9239867663b,c8bd83145603e477,chat,cancellation,3.3,resolved,8.7,cfa1407a0ddbe71e,2024-08-09
a8ab50f6d682c35a,6f22cea9eb529737,email,complaint,4.6,resolved,5.7,d62a03403b96385d,2024-09-26
35422584daec2aac,129fe03886f1f5d5,branch,technical,9.7,resolved,6.9,cac0551db5e3f05d,2024-07-12
bad1e3c8af45ad6f,e0ff36e4a2450b1a,chat,complaint,0.7,resolved,5.7,0addca0233b2a77d,2024-03-28
7c635917539fabd3,f3949495d1d258f1,chat,complaint,0.4,escalated,8.4,64b696c958ad6331,2024-08-02
68127038f09550b8,6208e28482f81294,branch,general,3.3,unresolved,1.3,06ca84ca3e4fe39c,2024-09-10
ea934321d52d8f7a,d89bfd5e918e6684,app,complaint,7.2,resolved,7.4,1c39c989cc2a171c,2024-02-23
25967fdccd945f90,f6b58d54c79a7cd6,chat,billing,21.8,unresolved,9.2,3c4fd57ee2769348,2024-11-08
a080e587d80dc505,f61e060c86948745,phone,technical,1.4,resolved,4.2,5e638881d60146cc,2024-04-08
51caeec91a9a379a,149396c4c5912808,email,billing,3.0,unresolved,6.3,ec398133ae662ffd,2024-05-31
7125e82cd98b8c98,639fffe8f52ba3ca,branch,complaint,1.8,resolved,1.9,b7dff30912eb0039,2024-05-25
e03ab77c1c4f8a86,1f732e168ad4e2df,phone,cancellation,13.5,resolved,6.9,6454d581c167ce15,2024-07-09
71e2498bcf229772,ac0d58c6f453e585,branch,billing,5.2,resolved,3.4,05793679970dfe83,2024-06-10
1a0de011096cb3c3,d4178519491ed4e0,app,cancellation,3.1,resolved,2.7,ee08771c9d0f0715,2024-04-25
eba21ccf5b99c029,839cdd252273f04f,chat,upgrade,0.5,escalated,3.6,f390a7f3d461cad8,2024-08-07
95b6fea64d629f6b,4d2ab5de3d01f17e,email,complaint,6.7,resolved,1.7,b4b0a9df62e6341e,2024-06-23
253d982b0239a302,5d596698634b376f,app,cancellation,6.3,escalated,7.3,609f4a1d006cc5d0,2024-04-16
222374ff37c0a953,38d200e0e0f438ff,phone,upgrade,0.1,unresolved,4.5,dad25bdc2eb28efc,2024-01-26
19506392089130ff,123d24d4a082ef24,branch,billing,4.6,unresolved,1.7,774ec0b9da094a62,2024-03-12
3a48f9327a2f3414,f17b1c284520d4e3,email,cancellation,5.1,unresolved,2.5,1c39c989cc2a171c,2024-07-06
12898169022ca2f8,bd9181189c0df7c0,phone,cancellation,3.4,resolved,7.5,b42c3b95cba63112,2024-05-07
19568e1c4174560d,79f31847f0a1fb1e,chat,technical,23.9,resolved,9.2,5b7627488b739561,2024-12-02
f998bd425912efd8,e2cbadb8db971ce1,email,general,15.0,resolved,1.8,dad25bdc2eb28efc,2024-08-05
5a095877b7460991,254969382f22011a,branch,general,4.2,resolved,3.6,06ca84ca3e4fe39c,2024-03-08
b3f71fa8b96c3f98,5c80404db6afbf5c,phone,cancellation,2.6,escalated,2.0,ee08771c9d0f0715,2024-04-20
8091048b85f65ab7,1ef74de24738db7d,branch,billing,12.2,unresolved,9.0,fedc2b2956802007,2024-02-13
ee39f6054b7f2f8e,fd57168b9f5ac39a,email,upgrade,1.4,unresolved,4.8,1fa6b70d2a59204a,2024-07-27
f42bc1b7ed8da5f1,046fa5773922c5d8,branch,general,0.4,resolved,2.0,adeaddf287e0ac93,2024-10-24
b45506c49b49fa81,244a999dbc2e7573,app,upgrade,14.5,resolved,4.4,64b696c958ad6331,2024-05-01
dd8ab83fac498a53,989b641dee963b54,phone,general,2.4,resolved,7.8,ddf170a476086c6f,2024-05-24
95effa8b3ef320f4,097df5566b051546,branch,general,0.6,resolved,4.5,609f4a1d006cc5d0,2024-10-31
b504681b2142431b,93e4ee0c621c6c0d,chat,billing,4.4,escalated,9.1,5e638881d60146cc,2024-09-23
cb5f1128d882f07e,97b20d27eeac7dcf,chat,technical,4.1,unresolved,1.0,3c4fd57ee2769348,2024-05-17
321080cdf507bea9,3b9b7927f45a9da6,chat,cancellation,12.2,resolved,4.8,dad25bdc2eb28efc,2024-07-02
f4a5cebde55ba9b3,9a95dfb5a96b3ab2,app,general,5.4,escalated,1.8,d62a03403b96385d,2024-12-13
fbb27342386fdad3,a0cb6f1e5ae6809a,app,general,4.5,resolved,7.6,3c4fd57ee2769348,2024-01-22
34bf59bca2d0012c,f4aebc96462e6b0f,app,complaint,4.6,escalated,8.0,ee08771c9d0f0715,2024-03-28
879d76dfc71b6520,d9fcace36fdc8173,phone,technical,6.8,resolved,7.3,3370822d9a67b2b4,2024-08-23
7e271917230fd4b6,23edc044f01da22f,branch,technical,5.3,resolved,4.7,5b7627488b739561,2024-07-10
5dc0730ab07cef36,97d0e5ed91f5a295,app,upgrade,2.2,resolved,1.3,f390a7f3d461cad8,2024-10-10
59c948967bf74f59,25a2fefaa45a6219,chat,technical,3.0,unresolved,1.1,c423299841bcd116,2024-06-04
d78ff9de22df6832,1316e2a487ca2390,branch,cancellation,7.9,unresolved,5.0,c7c7ef357b5ecde0,2024-12-23
866123f817d98941,87665a30c225f102,chat,general,4.6,escalated,8.5,06ca84ca3e4fe39c,2024-09-14
75d0cd263e40f1d8,9add13dae81ea94f,email,complaint,1.8,escalated,1.6,5e638881d60146cc,2024-09-24
874b2384716cf38f,ff888cd20c715b33,email,complaint,0.3,resolved,2.0,64b696c958ad6331,2024-07-13
47224b5928170360,ad007edf2917d996,email,technical,2.2,resolved,6.8,774ec0b9da094a62,2024-11-05
85c0850ba9f6dee3,1c0835fbe30d5c34,app,cancellation,0.1,resolved,2.9,6454d581c167ce15,2024-03-13
59f11f1dafc191c6,ff107396f163c985,email,general,4.3,escalated,8.3,05793679970dfe83,2024-11-02
a40b824301bc7d86,9346d0d6814428d4,phone,cancellation,10.1,resolved,2.5,06ca84ca3e4fe39c,2024-06-03
8c7a4ca6aaf7e54e,149396c4c5912808,chat,technical,5.6,escalated,5.2,399b6a1f1b2a5ad4,2024-08-25
5936f4722a5cc3c4,1316e2a487ca2390,email,technical,1.6,unresolved,6.7,c7c7ef357b5ecde0,2024-01-29
fac34a44d25409f2,1ab01430c33d21c2,branch,general,1.7,resolved,1.4,82fe407f64b38d82,2024-11-25
b88ab655fe304157,0a46b465bfb2b2b8,branch,technical,5.9,resolved,5.1,7c89d0af87939122,2024-10-03
e4aef1652506c18b,3a60297550f4327d,phone,cancellation,11.1,resolved,3.7,cfa1407a0ddbe71e,2024-11-05
4e53605d20af8af5,58ff24853040e0ab,chat,technical,2.2,resolved,8.2,6454d581c167ce15,2024-09-18
2a7543d1c16292d2,7d3b0e86e95f0ad8,email,technical,3.4,escalated,9.0,ec398133ae662ffd,2024-09-19
d8e2c4cd89c4264d,5f315e5c16f4d768,branch,general,0.9,resolved,6.5,399b6a1f1b2a5ad4,2024-12-16
ec820e6e30ccc1da,45f6093c8d51c7cf,app,upgrade,4.1,resolved,10.0,d62a03403b96385d,2024-07-28
70d6157da9cd6ab9,2084cdf8c9db19c7,email,technical,1.5,resolved,4.2,1a74383a109cb319,2024-01-17
0a2cb764d4eb64aa,d160a2c8cadfb301,email,upgrade,4.0,resolved,7.2,609f4a1d006cc5d0,2024-01-13
3c4b3920f8c4ed4a,de042e0dc8e22bd7,phone,general,0.0,resolved,2.9,5e638881d60146cc,2024-11-26
155c747ef1780934,ca1290690bd7ba4f,branch,technical,3.5,resolved,2.6,399b6a1f1b2a5ad4,2024-09-08
1509fb941898e088,a38f7ac494b6d0a0,phone,general,15.1,unresolved,9.7,56de770f703fbd3c,2024-05-17
49f55c9fab3a2a72,89f7acc482b0f4c5,phone,cancellation,0.7,resolved,3.1,cac0551db5e3f05d,2024-03-27
d1710857ca3ced89,58ff24853040e0ab,app,upgrade,4.6,unresolved,5.6,fb850b9cfc684926,2024-06-10
5abbe46873ba707f,2940524866b1c70b,branch,complaint,21.3,resolved,4.4,774ec0b9da094a62,2024-05-29
5e2ee6c34b50b027,79f31847f0a1fb1e,chat,cancellation,1.0,unresolved,9.4,5e638881d60146cc,2024-08-29
c1a0a45cc1fa5f6c,d215733731d66368,branch,technical,14.0,escalated,9.0,0addca0233b2a77d,2024-03-19
956dfebf1fee52ec,c4f7fe339ce44579,chat,cancellation,6.3,resolved,3.9,f058f69146fde5a4,2024-09-28
fe2dc957c2cf496b,1c0835fbe30d5c34,app,billing,7.2,escalated,9.0,544a618267704438,2024-07-24
8c4da8d27d6217f3,c2417da8ecc86cd2,branch,upgrade,9.9,resolved,7.4,c7c7ef357b5ecde0,2024-06-13
1c56beb06e9cbab2,fd1289ab928cde5d,chat,billing,5.0,resolved,7.6,3c4fd57ee2769348,2024-03-11
35876c0acc7b06f3,5c80404db6afbf5c,branch,complaint,3.1,resolved,4.4,06ca84ca3e4fe39c,2024-01-25
3301b6db9e5db43b,b871cd71bfe8e9d8,phone,billing,0.9,resolved,7.8,fedc2b2956802007,2024-05-02
7878f6fe96492a90,5722d73095abd727,chat,upgrade,7.0,escalated,9.8,f390a7f3d461cad8,2024-06-09
3584a595f1c58149,5426c51613baed1d,email,upgrade,4.8,resolved,4.4,adeaddf287e0ac93,2024-05-06
f67cf879ab2c0360,141beb494b8b7b27,phone,technical,8.7,resolved,6.4,1fa6b70d2a59204a,2024-07-24
5417ca0ac61fe36d,f1a5c01046388dbf,chat,upgrade,4.9,unresolved,5.1,3c4fd57ee2769348,2024-05-25
49ffcbede6a90ada,3d4dab7a8ecbf677,branch,general,28.3,resolved,6.3,8f76ee50d48b6eb3,2024-01-23
06a0667ed8c53b5b,1df807fa2247cd59,email,billing,1.2,resolved,2.6,1c39c989cc2a171c,2024-07-12
1aed44009eabea80,299b90f63d80b474,chat,billing,4.7,resolved,4.9,b42c3b95cba63112,2024-09-02
abf3324080a5ea33,7c7af75cffc2d2e2,branch,billing,7.8,resolved,4.6,3c4fd57ee2769348,2024-05-21
6827935b5f3f587d,73c62aac5c083e57,app,technical,12.6,unresolved,1.5,06ca84ca3e4fe39c,2024-04-10
cc2db4aed9a919e3,788055dac7b97bee,chat,upgrade,16.2,resolved,7.4,64b696c958ad6331,2024-10-24
a24583318a747fae,58ed68e151539877,email,general,1.0,unresolved,4.9,3c4fd57ee2769348,2024-01-01
44a667ac0166219a,8e8ef9b2d63288e9,chat,billing,5.0,resolved,1.9,dad25bdc2eb28efc,2024-08-14
a6c397b03dd2b65e,5b528c377e06dea8,app,general,4.5,escalated,7.6,82fe407f64b38d82,2024-08-22
de14573d6b6fb152,4d6eb45fd05d56fd,branch,billing,1.4,escalated,1.3,399b6a1f1b2a5ad4,2024-12-13
bf9f3e8130ac7d2d,4e0fa5ddd9a7dac2,phone,billing,0.1,resolved,8.6,5e638881d60146cc,2024-03-27
c6dc0dcf4e5b5636,e6f577c090d9035b,branch,complaint,1.5,unresolved,2.3,bac5f7879d67307f,2024-12-26
626779c2dae9e157,28b1bf21489bea06,phone,cancellation,11.1,unresolved,7.0,ec398133ae662ffd,2024-10-01
263ba0cf705e5436,ddec1d52a8577332,email,complaint,5.7,resolved,7.1,56de770f703fbd3c,2024-11-29
7e3a7d7776787d5a,caffab3ed0242dd1,app,general,1.6,resolved,7.8,fb850b9cfc684926,2024-10-30
292edb7b193cf418,a8e77b8a8ffb5b81,app,billing,3.5,resolved,5.2,adeaddf287e0ac93,2024-06-22
490672db4aa18654,876b001890d3aca4,app,complaint,2.6,resolved,8.0,ddf170a476086c6f,2024-06-05
0cd36469175523b8,1e0df9c532a06351,branch,general,0.4,resolved,6.1,4cc9a85ce7df38b6,2024-09-01
43f0dba2e2decb6d,2a4637feda49b45d,phone,general,5.2,resolved,5.4,d62a03403b96385d,2024-05-12
f4d417c863e0b049,6c14a166a64d8b13,phone,complaint,4.8,resolved,3.4,ee08771c9d0f0715,2024-08-22
e03482a7149024d5,5e971feb22cb149b,app,technical,3.7,resolved,3.3,4cc9a85ce7df38b6,2024-10-02
b877e684b3b66a48,ccebfc7b59f7809a,chat,complaint,0.9,resolved,5.9,b4b0a9df62e6341e,2024-11-18
456ddf7cc098fdfd,79f31847f0a1fb1e,app,cancellation,7.3,resolved,9.5,b4b0a9df62e6341e,2024-03-24
24d5712709ca6ac1,62b313b1a9ca029d,branch,technical,0.4,unresolved,2.2,56de770f703fbd3c,2024-02-14
830010751ecc7004,7be3f805babdce8a,app,billing,1.6,resolved,4.7,fedc2b2956802007,2024-03-12
340c271ce37ad90f,3571056f372526fb,phone,general,2.0,resolved,4.5,b7dff30912eb0039,2024-12-25
415038b73d95ac29,f1a5c01046388dbf,email,billing,5.7,unresolved,4.0,64b696c958ad6331,2024-10-15
0fa5fd869d15d230,47e9e5a660861f66,chat,billing,3.5,unresolved,6.4,b4b0a9df62e6341e,2024-09-11
7b7a4ddca81c595b,0144e4b8227cbf3f,phone,billing,9.5,unresolved,6.5,399b6a1f1b2a5ad4,2024-08-16
4f320053d69fed37,7dca056d1b851684,email,complaint,6.8,resolved,9.6,1fa6b70d2a59204a,2024-11-17
d34c23690396d19e,fd1289ab928cde5d,branch,cancellation,0.3,escalated,2.0,1c39c989cc2a171c,2024-10-30
7593f2f2efcba485,b99db9927fd6de2b,app,complaint,0.5,resolved,9.2,5b7627488b739561,2024-10-29
8a5979fa4b3ed917,6ad8a65f8b886422,app,upgrade,3.8,resolved,6.6,4cc9a85ce7df38b6,2024-03-31
b9250f8719e43cc8,129fe03886f1f5d5,email,technical,8.8,resolved,7.2,ec398133ae662ffd,2024-04-18
9290e9f68bad5f7b,238a336ea811dc5f,branch,cancellation,0.7,unresolved,4.3,d120a5423d6b9809,2024-05-03
34c077c8a62628da,65495bd15778eb48,phone,billing,5.5,unresolved,5.6,3c4fd57ee2769348,2024-08-14
45d48eea842d737b,53900e3fadc042d3,chat,cancellation,6.7,escalated,8.0,5b7627488b739561,2024-12-06
e9c2f84df101bbda,58fe4ef80ba65ab8,app,cancellation,0.8,resolved,6.2,1a74383a109cb319,2024-06-28
96041830c233aaf8,2449bfe37a9e012a,chat,billing,18.4,escalated,7.9,2cd0bba07e3f4cdf,2024-03-07
bb7eeba31cb08aa2,09b6ec1156b1654d,phone,complaint,3.1,resolved,2.8,f390a7f3d461cad8,2024-11-26
2779bffe233e8ac0,0312fa2a05021b8f,branch,complaint,1.5,resolved,6.1,544a618267704438,2024-08-29
24267c6ba5ca4646,75296ede9828066e,phone,technical,2.3,resolved,7.4,ddf170a476086c6f,2024-12-14
aa19ea10869953b7,9351b9869bfd640b,email,upgrade,5.0,resolved,9.1,3c4fd57ee2769348,2024-09-08
8fc8897cc4cc2f25,4f503dea81961fa6,app,technical,2.9,resolved,1.6,774ec0b9da094a62,2024-09-07
fdca3ce2bc24d4c9,18f69bcd2f9cc9c3,phone,billing,0.2,resolved,3.2,609f4a1d006cc5d0,2024-04-22
83bd64d10b74ccf0,174082e445371ba1,phone,technical,4.4,resolved,6.5,c423299841bcd116,2024-05-09
908301a5133bac7b,a4390b8020481075,email,cancellation,0.9,unresolved,6.7,d62a03403b96385d,2024-12-07
ba23d8673fa0e52c,35d53b5d84d3da8d,branch,upgrade,5.8,unresolved,3.7,399b6a1f1b2a5ad4,2024-03-31
3de2d2095532cfde,70a47eb6dcfc057c,branch,upgrade,2.6,resolved,5.9,1c39c989cc2a171c,2024-02-15
e5c86eccdf714796,20d0575d08c7416f,phone,upgrade,2.7,resolved,6.7,ec398133ae662ffd,2024-09-06
c64aa0ad2a029b14,9c7ccf173ddb81cf,branch,complaint,4.2,unresolved,8.5,ddf170a476086c6f,2024-10-14
b7a7ccf8c1212a8b,0fe90c42e16ec1ac,branch,general,6.2,unresolved,8.5,5e638881d60146cc,2024-12-04
dc9012bc3658a109,36d6a41bcef939ab,app,technical,2.9,resolved,4.3,06ca84ca3e4fe39c,2024-12-08
afc868d138994fb3,f68f4bdc055c2fa3,phone,upgrade,2.5,resolved,5.7,fb850b9cfc684926,2024-12-22
204f1405aaed64db,5ce4a8318d8f92e9,phone,complaint,6.7,unresolved,8.9,7c89d0af87939122,2024-11-12
584f52e7408d94bf,76c5701c80ac9f13,app,general,0.8,resolved,6.8,5e638881d60146cc,2024-11-01
e70ead9cf6493744,f1a71cf26fe20f2b,app,cancellation,3.2,resolved,4.1,544a618267704438,2024-06-25
84b42e8f2de03cfa,8764514397de911c,chat,technical,9.6,escalated,4.0,0823317874a6b052,2024-09-17
345f4c72dfae5cdf,7c7af75cffc2d2e2,app,complaint,2.3,escalated,2.2,ee08771c9d0f0715,2024-03-13
0c81ac4e2cf1f95a,75d65b878316d8b6,email,billing,0.8,resolved,2.0,cac0551db5e3f05d,2024-12-06
dab130907d5b0d94,66e2c13454481652,email,complaint,9.7,resolved,5.8,1c39c989cc2a171c,2024-02-14
4db10980761d2661,839cdd252273f04f,chat,billing,5.4,resolved,9.9,d120a5423d6b9809,2024-12-25
cb8ea73c75a9e293,4b486e2e8f378290,phone,complaint,2.4,unresolved,3.3,b7dff30912eb0039,2024-05-01
1747610e8a37f376,7e015b7901717851,email,complaint,11.7,resolved,7.3,5e638881d60146cc,2024-08-28
134e7f4e03aba6a4,92d22d40618e5f53,phone,general,7.6,resolved,5.2,5e638881d60146cc,2024-04-18
e410ead798a25505,2f6a7cc25b5c97ab,app,general,11.0,resolved,7.5,2305400ca286a6be,2024-06-21
f437b6e62f2903c3,c71d88a3c296fdf2,branch,technical,25.7,resolved,2.1,b7dff30912eb0039,2024-03-12
a0df4229af68be1a,5c84c467820b3240,branch,cancellation,5.4,resolved,9.0,b4b0a9df62e6341e,2024-01-09
872cea5c70199d7d,4e2019446be70d5a,chat,complaint,0.1,resolved,7.6,82fe407f64b38d82,2024-02-12
49304edbaacc76c4,124e6a8ca5919757,branch,complaint,2.7,escalated,9.4,b6e6bbe380a4ecfa,2024-11-06
74f4d5e6a5552c1c,285ea4ca8c35e49e,chat,billing,2.0,resolved,9.8,5b7627488b739561,2024-04-10
615739f439cc063b,0c98212079c46664,app,technical,0.5,unresolved,2.2,5e638881d60146cc,2024-07-02
ae691a6abb12c718,387997a756b60d48,phone,technical,7.6,escalated,1.7,609f4a1d006cc5d0,2024-06-20
792a61df3d828fe6,788179f07895627a,chat,complaint,5.3,resolved,5.8,56de770f703fbd3c,2024-06-21
03d81eef514c2bda,525cbd86c4dd39e9,branch,complaint,8.4,resolved,4.5,ddf170a476086c6f,2024-01-28
649c9eeabb50f618,c50eda8600c290eb,chat,cancellation,4.3,escalated,7.1,b6e6bbe380a4ecfa,2024-01-01
4290649bda32a6bd,686c007f83d0eac1,phone,billing,0.1,unresolved,9.4,ddf170a476086c6f,2024-07-02
7934908d9c34b9a4,ce668b20709dbda4,chat,general,1.8,unresolved,6.8,1fa6b70d2a59204a,2024-08-21
fa1fae4270f04a20,2547a6de8a3897bd,email,technical,6.0,unresolved,7.6,609f4a1d006cc5d0,2024-04-13
299f1302b52851be,ccd42e485671dcd6,branch,billing,6.4,resolved,4.8,1fa6b70d2a59204a,2024-10-15
d726573de885a937,7edd7493d09fd63a,app,complaint,10.6,resolved,8.5,5e638881d60146cc,2024-02-20
ca5a23ba3fea3994,5a412311b1b38c82,chat,upgrade,27.4,resolved,6.9,ec398133ae662ffd,2024-09-04
8eb94df762c9eeb1,3bb87dfe7d08315a,phone,general,0.6,escalated,9.3,d62a03403b96385d,2024-11-23
ab320f80d09eac10,76d068488532d560,branch,upgrade,1.5,resolved,7.4,f390a7f3d461cad8,2024-06-02
0f696845789464d0,6a7e697c2a185547,branch,upgrade,3.4,resolved,8.3,adeaddf287e0ac93,2024-06-02
610b520533a054a8,19283f997756204e,app,technical,0.9,unresolved,3.1,adeaddf287e0ac93,2024-06-26
14bc45c460bae666,7f08e90a594767b7,app,billing,9.4,resolved,7.1,dad25bdc2eb28efc,2024-03-07
742d135afbe51cf3,6cacffc716869f24,branch,billing,2.8,resolved,9.9,1a74383a109cb319,2024-11-26
d83a31cf4e3a8577,ce52540e7c6e8d1c,branch,billing,0.8,unresolved,2.0,adeaddf287e0ac93,2024-04-20
1743a529e6f10807,a0cb6f1e5ae6809a,branch,complaint,0.8,unresolved,1.8,ec398133ae662ffd,2024-09-24
eb2a90acf4db9dbf,f7af4dc3737fd9e4,chat,technical,7.2,resolved,2.8,82fe407f64b38d82,2024-06-21
b10805ccf9e9c2c8,890b4fd5337e8ae0,app,upgrade,1.5,resolved,3.4,c423299841bcd116,2024-03-06
0eb1e37cb51abdb7,a0cb6f1e5ae6809a,email,billing,1.6,resolved,2.7,64b696c958ad6331,2024-09-20
a77c3026d95a2eb1,90aea48fe5e82c00,chat,cancellation,6.9,unresolved,1.7,5e638881d60146cc,2024-10-04
114d524c0c131735,7cc3d9f09d5d18c2,chat,upgrade,6.8,resolved,6.7,ec398133ae662ffd,2024-07-04
7699a722e11d5978,00df7022ce2e0386,app,cancellation,4.1,resolved,3.6,d120a5423d6b9809,2024-04-27
5092db2cd9c62c3c,a550dc9ed573b250,chat,technical,0.5,resolved,7.9,fb850b9cfc684926,2024-01-17
8d9e97d6b127cc14,cd00dc8810df1048,phone,upgrade,10.2,unresolved,3.1,3c4fd57ee2769348,2024-07-14
15ad1fd3d02f9a56,20d0575d08c7416f,phone,general,11.2,unresolved,9.2,8f76ee50d48b6eb3,2024-02-24
3f59066b8dab2349,ae2d1158bfce8bb7,phone,upgrade,5.0,resolved,5.4,399b6a1f1b2a5ad4,2024-07-10
d4f0a73cc55fffa8,66e075ad1e08433b,branch,upgrade,0.6,resolved,8.8,dfec25d33cc2bf76,2024-02-08
b2e44de083033a2b,ca1290690bd7ba4f,branch,cancellation,13.6,escalated,10.0,f058f69146fde5a4,2024-02-23
9a5b27086cff3e2e,7650e7960a7a4e2a,chat,billing,8.9,resolved,2.5,d62a03403b96385d,2024-08-19
9db25650b9bfadaf,c34245c3d61ac215,chat,complaint,2.3,escalated,5.7,cfa1407a0ddbe71e,2024-09-19
527281b6443cdf22,d4178519491ed4e0,chat,complaint,5.9,resolved,9.7,774ec0b9da094a62,2024-03-04
d2350036cda7eb5a,e9c2978b46367476,branch,upgrade,1.4,resolved,4.7,c423299841bcd116,2024-04-22
28c0e522aa5d3781,bbbdc5bdd5d4f50a,chat,complaint,0.8,resolved,5.3,4cc9a85ce7df38b6,2024-04-28
518d8724e3aa6213,c960159cb291b2db,email,complaint,5.1,unresolved,3.1,f390a7f3d461cad8,2024-12-25
ebe8a65a620efdd8,d74b06ffbaac2f60,email,upgrade,4.0,resolved,7.5,c423299841bcd116,2024-06-24
1d9a5c8859247525,3d1981c5ee371d67,app,cancellation,4.0,resolved,1.4,c76eb8bd11bd6115,2024-09-16
10c97293fd244bae,7cc3d9f09d5d18c2,branch,upgrade,7.1,resolved,4.5,06ca84ca3e4fe39c,2024-06-30
ecea538d01d6a40c,39154da45e2b9586,phone,upgrade,2.3,escalated,4.8,56de770f703fbd3c,2024-07-19
e14905beb7f8e326,5c92fcc0db6d8ab7,chat,technical,1.1,resolved,1.7,dfec25d33cc2bf76,2024-12-05
8ae705110287283b,b2fdf2de15f490e9,phone,upgrade,4.2,resolved,8.5,ec398133ae662ffd,2024-05-20
ee6d2544af0f4568,7f53cb886f1e2ff1,email,upgrade,5.5,resolved,3.8,ec398133ae662ffd,2024-04-02
f6394c75269cf9de,aa70cf27e477cd4e,chat,general,4.0,resolved,8.0,0823317874a6b052,2024-09-03
dc164fdf201858fe,e63445ba373e1c9e,app,billing,3.3,resolved,4.6,f058f69146fde5a4,2024-12-07
b65fd9d243030c03,51310eeba67238b6,email,billing,13.0,unresolved,5.1,af4f3115ae880ef1,2024-01-29
bf81de566b22b41a,4837f180d0eb561f,chat,technical,3.1,escalated,4.6,3370822d9a67b2b4,2024-02-25
0427a6c2ab47b079,cf3ced1a30242c1c,phone,cancellation,1.0,resolved,6.8,b6e6bbe380a4ecfa,2024-03-05
e6c89f56a2501e20,fd8b048c9dcc4187,email,general,10.1,resolved,7.4,4cc9a85ce7df38b6,2024-05-19
f2d57f92ac21b6d8,ef5f35f62ea79582,branch,cancellation,3.8,resolved,4.2,06ca84ca3e4fe39c,2024-04-27
8ad42d518e542d04,1c0835fbe30d5c34,branch,billing,7.8,unresolved,2.8,b42c3b95cba63112,2024-02-27
007d8fc8c3bdbfb3,4d3e5e5ed93e8130,chat,billing,9.2,resolved,2.1,64b696c958ad6331,2024-07-09
ce37712c38d625f4,016ff9d51a4486dc,branch,billing,9.5,resolved,6.3,1c39c989cc2a171c,2024-05-09
4fda9cc58b614653,394b8efc30a36396,email,billing,2.6,resolved,8.7,64b696c958ad6331,2024-10-14
6bab4949a529df54,4e0d9e14e02c2a34,email,upgrade,5.5,unresolved,2.2,f058f69146fde5a4,2024-03-25
457638029f5ad500,1c0b4f39057c26ff,branch,complaint,8.0,unresolved,6.6,544a618267704438,2024-10-23
3e07b874bc5286fe,550a120e7736895e,app,billing,3.0,resolved,7.1,544a618267704438,2024-11-09
f545410d0b97f92a,f5c1f4185201b43e,chat,general,7.1,escalated,6.3,b7dff30912eb0039,2024-12-30
bf6f9c7132505d7e,84ea5afb81d31843,phone,general,11.0,resolved,7.8,1a74383a109cb319,2024-03-23
2cca8e88afb0ebe4,21dc0452e33bdfe1,branch,general,3.1,resolved,4.4,1fa6b70d2a59204a,2024-04-17
4285db9d43578321,93bf1e687d737a40,branch,billing,12.0,resolved,7.1,b7dff30912eb0039,2024-07-14
e60c61dcd68b2b17,7dca056d1b851684,email,general,3.2,resolved,3.8,dad25bdc2eb28efc,2024-01-04
bd9aba2522b25bfa,f87bb15bd53e109e,chat,cancellation,7.1,unresolved,4.2,2cd0bba07e3f4cdf,2024-05-08
d1b13a5bf053fae5,220587bd50b23c82,email,billing,0.3,resolved,4.2,06ca84ca3e4fe39c,2024-05-08
7c0f0fe42a8e7b9d,de77ec1f76a7aec8,email,cancellation,1.4,escalated,4.7,609f4a1d006cc5d0,2024-03-30
ba7861c84864ac31,9346d0d6814428d4,phone,upgrade,4.2,resolved,9.8,05793679970dfe83,2024-02-23
8418154d5b05fa5d,25a2fefaa45a6219,app,general,2.4,resolved,4.1,fb850b9cfc684926,2024-02-08
f352a34b041a2a04,1095343f2be478c8,phone,upgrade,0.1,resolved,9.8,8168c84b4d453f19,2024-04-01
d22b1415d71f7380,535a3d7407a53ec9,chat,billing,9.2,escalated,6.2,5e638881d60146cc,2024-06-23
7ed8d4557fa602e1,95c371cdc09012db,email,upgrade,4.3,resolved,4.9,2305400ca286a6be,2024-03-13
d296808771f0a618,dfa892259253e955,email,complaint,1.2,resolved,1.9,2cd0bba07e3f4cdf,2024-07-05
b60db30d45fd188d,9422e52706549680,branch,technical,1.2,resolved,4.5,3370822d9a67b2b4,2024-03-12
f5a833092f88b490,1a13581cb12c0831,branch,complaint,1.7,escalated,4.1,8168c84b4d453f19,2024-07-04
2cef947388e3e9aa,c2dfeb5991158ea3,branch,general,1.2,resolved,3.6,3370822d9a67b2b4,2024-04-29
cb6fb289afbebaf6,61dfb3c3e2866b8c,chat,technical,3.9,resolved,4.7,06ca84ca3e4fe39c,2024-05-09
828fa1eb791b739c,c960159cb291b2db,branch,general,7.9,resolved,7.4,ec398133ae662ffd,2024-09-13
d7d57f8f05cc9bf0,84ea5afb81d31843,chat,complaint,3.2,unresolved,9.6,f058f69146fde5a4,2024-11-23
e53663957d1cfa07,2940524866b1c70b,email,complaint,1.6,resolved,3.2,0823317874a6b052,2024-10-17
afbb999f1118359c,101d05b7bf232350,phone,complaint,0.3,escalated,5.6,05793679970dfe83,2024-09-13
af28f84d3aa71eb6,a265fd09e4a67210,email,complaint,5.8,unresolved,6.3,774ec0b9da094a62,2024-09-08
446fc03ba74406a6,1383c0e777d7e42a,branch,general,0.9,resolved,5.2,2305400ca286a6be,2024-10-08
565267fa5be119b3,36ab2c1257ef07e9,branch,technical,1.9,unresolved,2.3,c7c7ef357b5ecde0,2024-07-28
b8f29a083b73e27f,caffab3ed0242dd1,app,technical,1.3,resolved,9.6,ddf170a476086c6f,2024-07-26
9d1354af991b48f2,68a650ac8fd9caa6,phone,cancellation,1.1,unresolved,9.6,82fe407f64b38d82,2024-11-08
d68759935fbc460d,686850852cf61235,chat,upgrade,9.7,resolved,8.9,3370822d9a67b2b4,2024-03-19
e0318c1d9bac49e0,f566318da79ba3a2,phone,complaint,6.7,resolved,8.6,774ec0b9da094a62,2024-11-17
c3665917a301b4f8,129fe03886f1f5d5,phone,technical,9.8,resolved,7.7,af4f3115ae880ef1,2024-01-11
e6e464a260cb38c8,0856888b48e8a7ac,email,general,4.0,unresolved,6.5,ddf170a476086c6f,2024-02-14
bf1dee9d5b6387bf,edb39a7fbdf3edaa,chat,upgrade,5.9,resolved,6.4,544a618267704438,2024-03-25
c22577b91691e6e4,4b486e2e8f378290,app,complaint,0.9,resolved,3.3,cfa1407a0ddbe71e,2024-11-13
ef2373efef6951c4,8183e42e6ef09235,email,complaint,5.2,escalated,4.6,609f4a1d006cc5d0,2024-10-20
bbcb2192ec926acd,e9c2978b46367476,phone,billing,0.8,resolved,1.6,af4f3115ae880ef1,2024-04-05
d3d9b9fdfda9f7cc,b626377d5234383c,phone,billing,0.4,resolved,2.7,c7c7ef357b5ecde0,2024-10-02
faf5cdd2e77ec403,7edd7493d09fd63a,chat,general,4.8,resolved,8.0,2305400ca286a6be,2024-07-14
94870c1195b23bd4,50d6200e599a11a6,branch,cancellation,0.1,resolved,1.3,b42c3b95cba63112,2024-05-17
4aabfe0218488835,fc66fb484f6ff20a,phone,general,0.7,unresolved,3.3,fedc2b2956802007,2024-05-23
14b1a68c3fe54b4e,4e2019446be70d5a,phone,upgrade,3.4,unresolved,6.5,b42c3b95cba63112,2024-12-19
da084b86079309ad,e02dcdb0a4866703,email,cancellation,0.2,resolved,4.9,c5c4ea45c9fa7128,2024-07-26
dbc5f9426955688c,bb0c7a4d24a69dad,phone,billing,3.0,resolved,9.3,3c4fd57ee2769348,2024-07-12
858aaf704fa7db7e,a8167c6a875a70a9,chat,complaint,0.4,resolved,6.0,5b7627488b739561,2024-12-25
d7f3882cc7a9b5bd,833572166df65733,app,technical,5.9,resolved,5.1,bac5f7879d67307f,2024-04-07
17b34adaedf7ed06,8de66ee28c31b238,email,technical,3.1,unresolved,5.3,fedc2b2956802007,2024-04-07
c71579bb7ad4c22e,250219c2401f56a4,email,cancellation,0.0,resolved,3.3,774ec0b9da094a62,2024-03-11
652eb57dd76e7559,93921f68ad668471,email,technical,3.7,unresolved,8.1,1c39c989cc2a171c,2024-10-26
bf013ced9e827185,92d22d40618e5f53,phone,upgrade,0.7,unresolved,4.8,f390a7f3d461cad8,2024-12-13
422110e45a01a7a7,8f1e6776beeabb48,phone,general,11.8,escalated,9.7,fedc2b2956802007,2024-09-26
38dd48d852947fc3,478afcd83d763d72,email,cancellation,1.5,escalated,8.8,544a618267704438,2024-05-13
ac515ef91224b9f7,d6b0aeb2a47ebd4f,branch,billing,0.0,unresolved,6.4,8f76ee50d48b6eb3,2024-03-21
3f7d265f54b3c19e,f5c1f4185201b43e,chat,cancellation,4.7,resolved,1.5,7c89d0af87939122,2024-06-17
0b8809ef6b163722,22d658778894acd9,email,general,6.2,resolved,1.1,4cc9a85ce7df38b6,2024-12-13
dc5c6d26df3594ed,2cff3b0222aaf6d2,app,technical,5.8,resolved,9.7,c5c4ea45c9fa7128,2024-08-21
26bf49bd0e6adfaf,de4ae09d9f2d9531,chat,technical,3.6,unresolved,6.1,dad25bdc2eb28efc,2024-04-05
c0ab0a88fb3badea,8c725f3e249643b8,email,technical,4.1,resolved,1.9,dfec25d33cc2bf76,2024-12-30
82b608546b2c1e4b,487acc9ed4a526be,app,cancellation,7.9,escalated,5.0,3c4fd57ee2769348,2024-04-01
2e5e89caa8030bf5,87665a30c225f102,email,complaint,4.4,resolved,6.6,8f76ee50d48b6eb3,2024-08-17
f9140ed598af9def,73a33dcdb368fef2,app,complaint,8.1,resolved,3.9,56de770f703fbd3c,2024-11-30
a4448e4906160196,c71d88a3c296fdf2,chat,complaint,0.6,resolved,4.5,af4f3115ae880ef1,2024-03-17
eda1f288074dd0bf,7f55f073111f191a,branch,billing,3.6,escalated,8.3,8f76ee50d48b6eb3,2024-09-14
01c08b2793569fec,624fa59c72776852,phone,cancellation,2.8,escalated,7.8,56de770f703fbd3c,2024-01-29
b7e55af5fc958fb1,22727d17208d372b,phone,cancellation,5.1,resolved,4.9,1c39c989cc2a171c,2024-11-26
dd6effec811eb990,a80ba8b8e4eff13f,chat,general,5.0,resolved,6.5,b4b0a9df62e6341e,2024-02-07
4b53aa8f367b3f7a,a76efe22f6e53977,branch,technical,1.6,resolved,1.2,8168c84b4d453f19,2024-02-18
d79f1b97a902c3a7,4d6eb45fd05d56fd,app,billing,6.2,unresolved,7.5,8f76ee50d48b6eb3,2024-07-20
25c326f1ad1dec54,e09a386fb3c4160b,phone,technical,10.0,resolved,7.9,c76eb8bd11bd6115,2024-07-26
e72197a38778172d,f68f4bdc055c2fa3,email,general,2.1,resolved,1.9,2305400ca286a6be,2024-12-27
e853efdc3edc1a8e,3a60297550f4327d,chat,technical,3.7,resolved,1.8,6454d581c167ce15,2024-01-12
db3fee5099a7b669,cf5b8dacc43023aa,branch,upgrade,11.1,resolved,7.8,adeaddf287e0ac93,2024-03-07
00ab01d5fdbcd5bb,e48b15d72c48a94b,app,billing,10.0,resolved,9.4,f058f69146fde5a4,2024-04-16
1c9d52c5e46ad5be,8cfb46094b5f0108,branch,general,3.4,resolved,3.4,1fa6b70d2a59204a,2024-07-04
5bcf265b17ec5490,c03ffd1693bec76d,email,general,8.9,resolved,2.5,f058f69146fde5a4,2024-03-08
a1309e412ed478b6,de042e0dc8e22bd7,app,complaint,10.4,resolved,5.2,6454d581c167ce15,2024-11-28
e1651e5f30b3063c,36d6a41bcef939ab,chat,technical,0.1,unresolved,4.1,3c4fd57ee2769348,2024-03-27
c103c7fb28ea9346,271851a35dd63fe7,branch,upgrade,7.5,resolved,8.0,c7c7ef357b5ecde0,2024-04-28
f2f24fbb50f188c0,d0244b2e899ab6bc,app,general,1.4,resolved,3.1,3c4fd57ee2769348,2024-08-29
568e73fc65ba0a03,031a84fdde5154dc,chat,complaint,8.3,unresolved,3.7,8168c84b4d453f19,2024-04-03
66b840fbaf04b6d3,abed2df131af0962,chat,upgrade,9.2,resolved,2.1,b6e6bbe380a4ecfa,2024-05-06
d78eeedc532ad9fa,cca7ef7141361fdf,email,cancellation,7.4,unresolved,6.9,d62a03403b96385d,2024-08-05
263d9f29ea135b4d,a6e44b308296a3d0,email,cancellation,0.2,unresolved,6.3,1c39c989cc2a171c,2024-12-02
158bfea63cb5ebc2,1ab01430c33d21c2,branch,billing,2.0,resolved,2.1,1a74383a109cb319,2024-03-25
f8a9fa55ca43ee38,8ec955a8557fc25e,branch,general,24.2,resolved,3.1,d62a03403b96385d,2024-07-29
2d5e6baa48592fdb,cb3a7a12ac0f2654,email,upgrade,4.1,resolved,1.6,82fe407f64b38d82,2024-07-13
bb1da092e854de4c,a76efe22f6e53977,email,cancellation,2.1,escalated,3.9,f058f69146fde5a4,2024-01-27
fea066f507587b7b,a2fa5f5fb5b6d810,phone,technical,1.1,resolved,5.4,82fe407f64b38d82,2024-04-14
974f1a6b509071d1,1e0df9c532a06351,branch,billing,13.0,unresolved,8.5,dfec25d33cc2bf76,2024-03-29
be031ea73403db24,50d6200e599a11a6,phone,upgrade,0.6,resolved,8.8,4cc9a85ce7df38b6,2024-02-29
f1133f27a9aca318,0144e4b8227cbf3f,phone,billing,0.5,resolved,4.5,64b696c958ad6331,2024-03-13
c3cbac779d6a78f5,2aef673b253b3d58,app,technical,15.4,resolved,8.1,7c89d0af87939122,2024-08-15
1cc93496fe5be532,70e5fb5880e41b74,branch,cancellation,5.4,resolved,8.1,0823317874a6b052,2024-03-29
5a4b4c508a716847,ea76132d9f572ff4,chat,general,6.9,resolved,4.9,1c39c989cc2a171c,2024-04-15
f9accb34449652d7,123d24d4a082ef24,phone,technical,16.1,resolved,8.4,06ca84ca3e4fe39c,2024-05-28
78f0ea60d528aa76,13db5c474160f6cc,app,cancellation,7.0,unresolved,1.8,b6e6bbe380a4ecfa,2024-01-15
f4872b692ae13ea5,ce668b20709dbda4,app,general,3.7,resolved,2.2,c7c7ef357b5ecde0,2024-08-10
5cd23593fafec215,220587bd50b23c82,app,cancellation,7.3,resolved,8.8,2cd0bba07e3f4cdf,2024-09-24
0667cf31e44d16f1,2709c6d24922d50e,app,general,1.2,resolved,3.8,56de770f703fbd3c,2024-06-26
14c427138f01eb79,ddec1d52a8577332,phone,upgrade,10.7,resolved,2.2,b4b0a9df62e6341e,2024-06-28
924ef71bc8f29527,2aa6d7b211ac3c1c,email,upgrade,3.3,unresolved,6.2,adeaddf287e0ac93,2024-01-06
3f04d69962af0fff,e5b1e41da4f5a0ef,chat,cancellation,3.5,resolved,3.8,2cd0bba07e3f4cdf,2024-02-02
e57570a73bae224b,dd4bc80c6125668a,email,cancellation,1.8,unresolved,8.2,dad25bdc2eb28efc,2024-07-12
d7cc9a499545c8ab,39b28406376154b3,app,complaint,0.1,unresolved,2.7,f390a7f3d461cad8,2024-03-20
9d1dfb42206c89f7,6ee604a0b16c2ac5,email,complaint,4.5,escalated,2.8,c423299841bcd116,2024-11-28
d99975f5d37b655f,66e2c13454481652,branch,general,0.8,resolved,4.3,3c4fd57ee2769348,2024-12-02
a238b865e5d09158,9ea7371d4d87b646,phone,technical,1.0,escalated,4.0,f390a7f3d461cad8,2024-04-19
b042e52bb37ec19c,6a7a45ef56b7cc6a,branch,cancellation,7.8,unresolved,4.3,1fa6b70d2a59204a,2024-05-14
595e92f789655d1d,b99db9927fd6de2b,chat,general,3.1,resolved,2.3,ddf170a476086c6f,2024-12-02
dcf2dba9946ec02e,53900e3fadc042d3,branch,complaint,1.1,resolved,6.4,c5c4ea45c9fa7128,2024-08-26
4d48bd000b4e05d9,c848f2790122e6c2,phone,billing,4.1,resolved,1.7,0823317874a6b052,2024-08-21
82e2544f27fb4905,66240ca8805f0c13,branch,general,3.8,resolved,4.0,af4f3115ae880ef1,2024-12-21
d17ed9b3ab0de957,cfa67ed2210f6940,chat,complaint,24.5,resolved,4.5,adeaddf287e0ac93,2024-07-02
4d89a414cc937395,76de6665e38fef60,branch,billing,2.1,unresolved,9.6,cfa1407a0ddbe71e,2024-04-09
960b3b2bf6049941,044bd9f45244b936,chat,cancellation,2.5,resolved,7.8,fb850b9cfc684926,2024-02-11
a47a84aae1145f1c,9a95dfb5a96b3ab2,chat,general,1.6,resolved,5.3,bac5f7879d67307f,2024-05-18
429ce49323d68a84,ed4a16cea68d7e1f,email,cancellation,4.3,resolved,1.7,dfec25d33cc2bf76,2024-12-03
7e86fa8566819f64,9b07df76ca908edb,chat,upgrade,4.2,resolved,9.9,3370822d9a67b2b4,2024-10-13
9a24d234ae91c361,42c4eabba3c0309b,email,billing,5.4,resolved,4.3,af4f3115ae880ef1,2024-04-12
28af8a4e86f4e750,d55ad22d8e638147,email,upgrade,9.3,resolved,7.0,64b696c958ad6331,2024-10-07
8984905c47dd1e9c,05994ecc6b269fd8,phone,billing,5.5,resolved,3.2,dfec25d33cc2bf76,2024-06-24
b4363a979a906cd1,cd57fcebe948e59f,chat,technical,10.7,escalated,8.9,544a618267704438,2024-11-01
54d53dd375d01c3c,c35c0ec39826d510,branch,technical,8.7,resolved,3.6,ec398133ae662ffd,2024-03-07
68dca0112b88ea20,11bccca6fdc498bb,email,cancellation,6.2,resolved,8.6,b4b0a9df62e6341e,2024-10-30
4e283799fa57a2f2,aa33b16ff8a055f4,email,complaint,1.6,unresolved,2.2,1c39c989cc2a171c,2024-02-09
ee3e39ad9087045c,f7599fffc0d52239,chat,technical,3.5,resolved,1.9,8f76ee50d48b6eb3,2024-01-17
3012d613625238c7,a1e470ef13acbf82,chat,complaint,0.7,resolved,3.9,774ec0b9da094a62,2024-10-16
328e5d2fd7258978,0fcdd235f2ddae38,email,complaint,5.5,resolved,5.2,c5c4ea45c9fa7128,2024-12-05
75a4a8975bb5e3df,00aa6841d365e160,chat,upgrade,16.5,resolved,9.6,f390a7f3d461cad8,2024-12-27
9de98040a023dfa5,d80291ff8a609246,chat,technical,5.9,resolved,4.6,fb850b9cfc684926,2024-09-19
6aea5b6de4ae3b4e,58ff24853040e0ab,phone,upgrade,5.0,unresolved,3.0,adeaddf287e0ac93,2024-03-05
c441d661d24c1dfe,cfd3427cb3b54ffa,branch,cancellation,3.2,escalated,3.7,399b6a1f1b2a5ad4,2024-09-04
5790c890ee63b7b8,5d57564f1c1f0033,email,general,9.5,resolved,5.1,399b6a1f1b2a5ad4,2024-06-06
d465bc7878a7a186,60ec1ac35556f58d,branch,cancellation,4.3,resolved,8.8,c5c4ea45c9fa7128,2024-04-26
17abea0260172c96,1a2082882718940b,chat,billing,0.4,unresolved,1.9,c7c7ef357b5ecde0,2024-02-08
e1956c6cf9279120,b0cace3cdb71b4c7,email,technical,1.4,unresolved,6.0,06ca84ca3e4fe39c,2024-04-27
2cbdedec4193cdd3,3a34da158180a2b2,branch,technical,9.3,unresolved,7.9,1fa6b70d2a59204a,2024-12-01
9a8a424fdfd0921b,c13e306f211ed1f4,chat,general,1.8,unresolved,9.4,c7c7ef357b5ecde0,2024-08-19
d486c06ea773e6fa,ceabfd7dba2cdcee,app,billing,1.0,resolved,5.4,5b7627488b739561,2024-10-29
3db1498f523a1f29,25a2fefaa45a6219,branch,technical,2.9,resolved,6.5,bac5f7879d67307f,2024-08-13
4ed1e983a922eea8,5054f7ce5a98862d,branch,general,0.2,resolved,5.1,774ec0b9da094a62,2024-06-19
1cbef133077af32c,70a47eb6dcfc057c,app,general,3.8,resolved,9.3,6454d581c167ce15,2024-08-30
5e444ce50faff6b7,5fa82ac52c1823ed,email,billing,0.8,escalated,3.2,b6e6bbe380a4ecfa,2024-05-17
174ef68f85aa24ea,ffbe9b8483bc47c7,phone,technical,2.2,unresolved,1.5,06ca84ca3e4fe39c,2024-02-06
b263bd8c3d8b56f9,4d3e5e5ed93e8130,phone,billing,0.9,resolved,1.5,1fa6b70d2a59204a,2024-04-03
82151be19b276c6d,97aef52e361eff46,chat,complaint,0.4,unresolved,1.1,c5c4ea45c9fa7128,2024-05-26
f55ddda4fac230d0,c9b87801e32ab2ac,app,upgrade,8.3,resolved,8.5,5b7627488b739561,2024-06-17
4f1f976d6c5e9e6e,aa1ec59bd2903131,chat,general,2.5,unresolved,4.0,5e638881d60146cc,2024-06-14
5d3453e8de186fe0,ea077a5eb6803562,chat,billing,9.1,unresolved,8.4,06ca84ca3e4fe39c,2024-06-09
e7dd53539e036fb7,04591516c0cb3ee1,app,cancellation,1.8,resolved,4.9,c5c4ea45c9fa7128,2024-10-04
0c14fdfb97ecaaa6,e0ff36e4a2450b1a,phone,complaint,1.3,resolved,10.0,dfec25d33cc2bf76,2024-07-20
9ad50b96f9d94e6b,7bae829bc27e6ff4,phone,complaint,6.1,unresolved,9.8,6454d581c167ce15,2024-10-26
7df00f4f09505d42,54bbd2fc294c7d06,email,cancellation,1.0,escalated,7.3,d120a5423d6b9809,2024-02-14
cbc144840f391428,e7e53eb4fc92f441,app,general,8.8,resolved,3.4,f058f69146fde5a4,2024-09-04
27c5b9630b3e507f,a3bb335e7dd28a54,chat,cancellation,0.4,resolved,3.4,774ec0b9da094a62,2024-04-21
fc474eb5d3258643,e5847d6824a5e200,email,general,0.1,resolved,2.0,8168c84b4d453f19,2024-05-29
d63607c69157a402,fd57168b9f5ac39a,email,technical,4.6,resolved,5.6,b4b0a9df62e6341e,2024-10-08
f87684a392a03415,494d524e72dd81a6,app,technical,18.9,resolved,3.2,af4f3115ae880ef1,2024-04-24
643bd2e468818ca1,a09cd46d515e3168,branch,technical,1.9,escalated,5.0,cac0551db5e3f05d,2024-08-11
c7e08ff3fb38b0b3,8dbd3dcbcede2453,app,cancellation,2.3,unresolved,1.6,dad25bdc2eb28efc,2024-01-21
86fc31fdd1da570c,1feaa13096450730,phone,upgrade,1.3,resolved,7.4,06ca84ca3e4fe39c,2024-08-30
dcee3b5f907c543f,ff888cd20c715b33,app,upgrade,2.9,resolved,4.1,8168c84b4d453f19,2024-09-07
e7c23c87828b4dd0,7e015b7901717851,chat,technical,4.2,escalated,5.5,774ec0b9da094a62,2024-09-19
d202f23aa2c95906,7f53cb886f1e2ff1,phone,complaint,0.7,resolved,9.5,0823317874a6b052,2024-04-26
d84b53317a89e74a,425b364d849378d4,branch,technical,1.6,resolved,9.5,b7dff30912eb0039,2024-03-25
41100994183d4162,11bccca6fdc498bb,app,complaint,12.0,resolved,6.9,5e638881d60146cc,2024-03-20
2e9c74d2d9ac75bd,2ef53364280f236e,phone,upgrade,15.1,resolved,7.0,af4f3115ae880ef1,2024-02-05
9668d2f940ab45d3,d741cef7a3234a8d,app,billing,2.1,resolved,7.4,544a618267704438,2024-03-25
7a1a96bf42de997a,90d800f496e91751,branch,complaint,6.0,resolved,2.3,0addca0233b2a77d,2024-07-02
c91638bffb908d53,f042952598001d4d,phone,upgrade,2.0,resolved,3.4,bac5f7879d67307f,2024-07-27
d7d3232c7f4acc50,4c6e10ec5a72e468,phone,complaint,8.8,resolved,5.6,609f4a1d006cc5d0,2024-11-19
d075d51f5ea07c2b,2cf007913545eeb5,phone,general,0.5,escalated,8.7,399b6a1f1b2a5ad4,2024-02-17
1b211a1f7f88c1b5,bbfdcbef0e34347b,phone,billing,4.1,resolved,1.8,3370822d9a67b2b4,2024-09-19
a7194b419bfa4bfc,1a13581cb12c0831,phone,cancellation,5.1,resolved,2.7,4cc9a85ce7df38b6,2024-03-11
7554eda9c697949e,7bae829bc27e6ff4,email,technical,1.7,resolved,8.7,56de770f703fbd3c,2024-10-15
ed441317052f4998,6ea67b24b77eb9f4,chat,billing,3.0,unresolved,2.6,af4f3115ae880ef1,2024-05-24
8656d10055077ade,caffab3ed0242dd1,email,upgrade,0.7,unresolved,9.6,fb850b9cfc684926,2024-08-10
9b98a4889b31b99c,def76f599c8e96a7,email,technical,4.3,resolved,2.6,06ca84ca3e4fe39c,2024-04-28
2ad9fea3684669cd,0301680e7e8045c6,branch,cancellation,0.6,escalated,7.3,ec398133ae662ffd,2024-03-09
bb286b44c6ea60c4,2aef673b253b3d58,app,upgrade,0.0,unresolved,5.8,b7dff30912eb0039,2024-06-26
bf13bf9b653b84b8,9ea3c99ef5cf605a,chat,complaint,4.2,resolved,5.3,c76eb8bd11bd6115,2024-02-23
87da3bcf1c5612f2,9160299cf45a5954,branch,complaint,13.0,unresolved,1.7,b6e6bbe380a4ecfa,2024-09-27
2cc7aaf4b03046b6,f358e079224e09b4,branch,general,3.4,resolved,9.6,bac5f7879d67307f,2024-03-01
960eea6db2f6ee1a,f403324a35c8b2f5,app,cancellation,6.9,resolved,2.5,2cd0bba07e3f4cdf,2024-12-01
c7eb0b389f3ded19,fd3a42681c37c3be,app,cancellation,4.9,unresolved,1.8,bac5f7879d67307f,2024-02-29
443502afc914dc1e,7d3b0e86e95f0ad8,phone,billing,1.0,escalated,4.9,c423299841bcd116,2024-05-05
544d8cb1ee75d83d,6a7e697c2a185547,phone,complaint,8.2,resolved,8.0,5b7627488b739561,2024-07-02
a19c5130300551c3,32693de0c6c167a7,chat,general,0.1,resolved,2.7,b4b0a9df62e6341e,2024-10-28
20aee4cd92b5a100,09151ed2d74d2e19,chat,cancellation,5.4,unresolved,3.8,fb850b9cfc684926,2024-05-28
4678c61dc2fa0dfc,fd1289ab928cde5d,branch,upgrade,2.4,escalated,3.7,1fa6b70d2a59204a,2024-11-05
34e8cd07f41ea1be,5c84c467820b3240,branch,upgrade,2.5,resolved,9.6,1fa6b70d2a59204a,2024-08-12
68b23caef774a600,a981098a586ce8bd,branch,technical,0.6,resolved,1.6,774ec0b9da094a62,2024-03-24
a041d0962a3cb0d3,7cfe910d5ae635ea,phone,technical,5.6,resolved,1.3,5b7627488b739561,2024-02-16
901964bdb7fb396e,470265a8c14c52e0,branch,cancellation,8.4,resolved,4.4,b4b0a9df62e6341e,2024-11-12
93a764d3ca112cf5,398ecad6590ed45f,email,technical,3.7,resolved,2.1,05793679970dfe83,2024-08-08
11730f592988a716,d68e3965aa606265,email,complaint,18.2,resolved,2.9,64b696c958ad6331,2024-02-15
d3b2ac73c229d337,95c371cdc09012db,chat,cancellation,12.8,resolved,7.9,b6e6bbe380a4ecfa,2024-04-04
abbdca3ab0e7f669,2f32543265ea675a,email,upgrade,42.5,resolved,1.6,fb850b9cfc684926,2024-08-17
be9b7d38213a8f90,8dc5d38069cca211,chat,cancellation,11.0,resolved,10.0,ec398133ae662ffd,2024-05-02
a4cda110cdebbb0c,449468eb0d2d9425,branch,general,13.1,resolved,8.0,dad25bdc2eb28efc,2024-02-21
ed1afed4eeb966d8,2c3888e2386d6cb4,phone,complaint,4.6,resolved,9.7,adeaddf287e0ac93,2024-01-05
a4873db618905d72,5426c51613baed1d,app,upgrade,4.2,resolved,7.5,5b7627488b739561,2024-07-05
f626b61ca12cb2cb,28b1bf21489bea06,branch,general,1.7,resolved,4.3,3c4fd57ee2769348,2024-03-27
0c1d03a478d98980,2084cdf8c9db19c7,chat,general,1.8,resolved,5.9,8f76ee50d48b6eb3,2024-02-20
024df70e1c715b2e,448e54f978934d2e,app,cancellation,0.7,unresolved,2.0,4cc9a85ce7df38b6,2024-08-12
6d4eaa29f6b9e3d2,81d95c143c333ee7,chat,cancellation,1.0,resolved,6.5,b4b0a9df62e6341e,2024-03-16
c4f28fe926942a85,c6ef2a45ddd2f617,email,technical,6.2,resolved,5.9,d62a03403b96385d,2024-12-16
f19caae763f3fb53,1b944f8ec429e26f,chat,technical,0.6,resolved,4.4,b42c3b95cba63112,2024-11-05
1dcbe11c6f86c6c8,704d95a855bc1c1f,chat,complaint,5.9,unresolved,1.5,5b7627488b739561,2024-09-10
e6ab65bb5b88a65a,e91b18a6870ac128,phone,complaint,8.0,resolved,8.6,774ec0b9da094a62,2024-01-04
52ecfdc4ac21f2fd,c960159cb291b2db,chat,cancellation,0.5,resolved,5.6,c5c4ea45c9fa7128,2024-02-16
f485d6ec7bbf63c3,cb70054de19693ac,email,cancellation,5.9,escalated,2.7,82fe407f64b38d82,2024-04-10
02c1df8be56d38e2,1feaa13096450730,branch,billing,6.6,resolved,4.4,f058f69146fde5a4,2024-10-01
ca59efc144174a16,4407a0b264a06487,chat,billing,15.5,resolved,1.5,c76eb8bd11bd6115,2024-07-26
26853db203b6e089,5972430fab4f2beb,chat,general,12.5,resolved,6.1,05793679970dfe83,2024-08-17
45d0d526bd762e5c,22727d17208d372b,chat,cancellation,1.2,resolved,8.4,b6e6bbe380a4ecfa,2024-01-01
dcdbac36eb0979a5,2599d3f84b57199e,branch,general,12.5,resolved,9.5,0823317874a6b052,2024-10-09
2f398e3b74bbbd06,097df5566b051546,chat,upgrade,10.0,unresolved,4.4,06ca84ca3e4fe39c,2024-03-17
8997196caa04185d,94c152bdf68cc6af,email,billing,2.4,unresolved,2.9,64b696c958ad6331,2024-11-18
3719f586233e77f6,cfa67ed2210f6940,email,general,2.8,resolved,2.0,cfa1407a0ddbe71e,2024-11-15
6227c7c92770bc58,9ea7371d4d87b646,email,technical,3.7,resolved,5.1,64b696c958ad6331,2024-10-31
596acf01af477ec8,a2e84703fc42e1ed,branch,cancellation,1.7,resolved,7.3,f390a7f3d461cad8,2024-05-21
01735402ff3c278c,f6f77809b5ae8445,email,upgrade,0.1,resolved,5.1,1a74383a109cb319,2024-12-14
ae33fa3d1ad31c50,2faecd2ea9af1b38,branch,technical,1.0,resolved,9.2,ee08771c9d0f0715,2024-11-12
6cb802d048728227,2ef53364280f236e,phone,general,0.3,escalated,3.8,4cc9a85ce7df38b6,2024-10-01
cd8fce3524bebfe3,271851a35dd63fe7,email,technical,2.9,unresolved,8.0,1c39c989cc2a171c,2024-06-15
512d2fdbc2ec8b05,e97b3e0b20a99c99,chat,billing,2.8,unresolved,7.1,ddf170a476086c6f,2024-12-09
5c8e12b712a07be5,22727d17208d372b,chat,upgrade,3.8,resolved,6.4,8168c84b4d453f19,2024-09-07
ea174f8449ffbf84,6278347022e40fe1,branch,billing,1.8,resolved,6.0,c5c4ea45c9fa7128,2024-10-09
a382c240475d4b31,216e516e33710669,branch,complaint,5.8,resolved,5.6,c423299841bcd116,2024-09-03
a6f5c051fbee009d,1afdd1a2c9be1455,chat,complaint,0.3,resolved,3.4,0823317874a6b052,2024-09-08
419a2deb17b6bfb7,5fa82ac52c1823ed,branch,general,0.2,unresolved,3.5,fedc2b2956802007,2024-03-06
1fce4b74f75542d6,b9cff79f30abaf85,email,upgrade,4.2,resolved,4.3,8f76ee50d48b6eb3,2024-07-14
e61c20f982cd41e2,0301680e7e8045c6,app,billing,2.8,resolved,1.1,4cc9a85ce7df38b6,2024-05-16
3a91823c96f72d38,22727d17208d372b,app,billing,12.6,unresolved,2.0,1a74383a109cb319,2024-01-13
4203ae59dba2e5c9,390be1c29d49d018,chat,complaint,3.3,unresolved,9.1,ddf170a476086c6f,2024-03-23
e1265fd7a3c40150,2626f0f995feaad7,phone,upgrade,8.6,resolved,6.9,544a618267704438,2024-02-14
0fa6e3c930531575,14c52a5e0e180aa9,branch,general,3.3,unresolved,9.7,b42c3b95cba63112,2024-02-17
695eb6e42732a6f2,409ac406fa85dadc,app,upgrade,7.3,unresolved,7.2,82fe407f64b38d82,2024-03-13
069e64f825a74b1c,2a2d3abde32ffed3,email,upgrade,6.6,unresolved,10.0,32bd638578fd7f8f,2024-12-21
b4ae2cb343ff5c35,9b07df76ca908edb,email,technical,6.3,resolved,8.6,32bd638578fd7f8f,2024-03-14
983ce0e0fc322a9d,58ff24853040e0ab,chat,billing,17.1,escalated,7.0,1fa6b70d2a59204a,2024-08-14
8fc8dea7456503cc,9030765f9f6a676b,email,upgrade,6.6,resolved,5.3,3c4fd57ee2769348,2024-11-25
d23e0f0dfccf0f1b,023bed971c9205c8,app,cancellation,0.3,unresolved,3.4,06ca84ca3e4fe39c,2024-09-24
73c5eda9434c77f9,2e6964ef01637f02,app,upgrade,0.3,unresolved,3.1,d120a5423d6b9809,2024-09-20
6536c99052b5e523,6664780cf8339f06,branch,upgrade,3.1,resolved,4.7,ec398133ae662ffd,2024-07-16
219e91f936f98a5b,0fcdd235f2ddae38,phone,complaint,0.5,resolved,9.0,adeaddf287e0ac93,2024-03-10
98d408d7698a673b,cc57238a136e920c,phone,cancellation,7.2,escalated,7.1,fedc2b2956802007,2024-10-21
e806e2d5d5896633,7be3f805babdce8a,chat,upgrade,7.8,resolved,2.8,b6e6bbe380a4ecfa,2024-08-13
c3c9369e7cb2da2f,e52768c960a35996,branch,technical,4.8,unresolved,9.1,2305400ca286a6be,2024-08-31
664e5072b025db89,21d14a120ca4e518,email,cancellation,15.8,resolved,2.2,f390a7f3d461cad8,2024-05-12
ecfcdac1025a425d,52ad3664a4d05665,branch,general,9.0,unresolved,2.1,06ca84ca3e4fe39c,2024-06-20
b95ea6e6401ecea9,f68f4bdc055c2fa3,email,billing,2.8,unresolved,10.0,dfec25d33cc2bf76,2024-01-09
b2f01b7d06ccd624,8595ddc66d3b9017,app,cancellation,3.9,resolved,3.6,5b7627488b739561,2024-09-21
133de4f7fa6b0279,f4aebc96462e6b0f,phone,technical,2.3,resolved,4.8,ee08771c9d0f0715,2024-06-26
28c27bfe29344e8a,c9b87801e32ab2ac,email,billing,1.9,resolved,3.8,7c89d0af87939122,2024-12-21
37db01044ba62299,1933c19b3ca490f6,email,technical,24.7,resolved,9.2,8f76ee50d48b6eb3,2024-09-28
3b79690179bf85fd,39ca2dc771d824bf,branch,technical,0.6,escalated,1.5,8168c84b4d453f19,2024-01-18
1d0afa1f720105d1,75d8f06438f91d09,chat,billing,18.4,resolved,6.0,d62a03403b96385d,2024-11-04
d052be064d6b558f,18f69bcd2f9cc9c3,chat,cancellation,3.7,unresolved,8.1,8f76ee50d48b6eb3,2024-05-05
3e494a7cc6487942,6a7a45ef56b7cc6a,branch,technical,4.1,unresolved,7.2,2305400ca286a6be,2024-11-16
e64ca6911851d1d0,250219c2401f56a4,phone,technical,1.8,resolved,3.3,0addca0233b2a77d,2024-01-19
2fc572c29a63e3d6,81300e96b360deb4,email,complaint,0.5,resolved,5.8,82fe407f64b38d82,2024-10-04
d1c9f8c1b8b09d85,74f2f68548b3b883,phone,general,4.1,resolved,5.3,3c4fd57ee2769348,2024-08-26
6092b9a1c5fa2b88,95c371cdc09012db,chat,cancellation,16.4,resolved,9.0,2cd0bba07e3f4cdf,2024-05-10
0aa9575dd87bf052,1ef74de24738db7d,chat,general,10.0,escalated,8.9,2305400ca286a6be,2024-10-13
f8aa647334a45a5f,5c84c467820b3240,email,billing,9.5,resolved,8.9,ee08771c9d0f0715,2024-11-29
44f0238531f70ad9,2db647ad564ecb7a,phone,technical,5.5,resolved,1.4,399b6a1f1b2a5ad4,2024-02-02
88697eec190dfde9,141beb494b8b7b27,chat,upgrade,5.6,escalated,3.2,4cc9a85ce7df38b6,2024-06-09
94a3c689ee8f4c40,d9ce79fc0372e327,chat,cancellation,3.6,resolved,7.1,f390a7f3d461cad8,2024-12-05
b4d3e21a423e73bf,673514b88fe6c0c7,app,upgrade,3.9,resolved,7.2,dad25bdc2eb28efc,2024-10-26
3e92db1a89ff8b5e,ca1290690bd7ba4f,chat,technical,11.3,resolved,4.9,c5c4ea45c9fa7128,2024-03-29
704802179a5b2d8e,6e4f134425053dd5,branch,general,10.5,resolved,9.5,774ec0b9da094a62,2024-06-08
2707a6db40a65b82,7ab91c2ae7549b3b,branch,cancellation,1.2,escalated,9.6,82fe407f64b38d82,2024-11-01
e48e8e30ec7c9e26,876b001890d3aca4,branch,upgrade,3.1,resolved,9.6,adeaddf287e0ac93,2024-03-02
cae1625f5af6cb5e,747b4e057947688e,phone,technical,23.1,resolved,7.7,06ca84ca3e4fe39c,2024-02-02
8967a5e41743d4e5,f1a71cf26fe20f2b,branch,general,4.5,resolved,5.4,0823317874a6b052,2024-07-28
c5688a718eb272b7,f17b1c284520d4e3,phone,general,3.2,unresolved,1.3,8168c84b4d453f19,2024-02-04
d9d04ef1084b1c9e,328e8885eb7190eb,branch,cancellation,7.0,unresolved,8.6,b4b0a9df62e6341e,2024-11-28
5424fb40ee7eb6d7,148f5e94748afbcf,app,general,7.6,resolved,3.5,2cd0bba07e3f4cdf,2024-11-06
28d809f76d840a20,5e971feb22cb149b,chat,billing,3.8,escalated,7.0,2cd0bba07e3f4cdf,2024-06-15
58547475c2838511,7ec26dd45a2ecad7,chat,billing,3.0,escalated,5.5,06ca84ca3e4fe39c,2024-04-10
58cc24ba276c2273,3b9b7927f45a9da6,branch,upgrade,10.7,unresolved,6.1,64b696c958ad6331,2024-08-21
206cb2a54f09cddd,f9d1e3c71170b16f,app,general,6.9,resolved,5.7,1c39c989cc2a171c,2024-12-30
0fe65638498725dc,1b2ee82dc979a6cc,app,technical,1.9,unresolved,9.6,c423299841bcd116,2024-11-13
1e8a778db1160da3,031a84fdde5154dc,phone,billing,2.2,resolved,4.4,c423299841bcd116,2024-08-15
4e722877b2fed2e0,0fcdd235f2ddae38,phone,cancellation,0.3,unresolved,2.3,7c89d0af87939122,2024-05-09
6e8fa2086cffabaf,f7af4dc3737fd9e4,branch,upgrade,6.3,resolved,8.9,b6e6bbe380a4ecfa,2024-05-09
5d8c9e6585d3d77e,0dc17c506a1ce18f,branch,cancellation,2.4,resolved,6.0,b42c3b95cba63112,2024-12-29
a487e875ba6848f6,ed76426daca5391c,branch,technical,3.6,resolved,2.8,ddf170a476086c6f,2024-08-29
96ab09d73ffb5e39,37e788b6d70dee97,app,general,3.1,resolved,5.1,2cd0bba07e3f4cdf,2024-08-13
4463f1978d21fb00,f3ab14cdd1f7c406,email,complaint,1.4,resolved,7.1,5b7627488b739561,2024-02-17
cb00e9a749933e37,d8a42796049f954e,app,upgrade,3.6,escalated,2.4,d62a03403b96385d,2024-05-15
6d59a751ece60075,3f8912e52a75358c,app,general,1.2,resolved,8.2,ec398133ae662ffd,2024-11-16
34f18de276a6c490,1df807fa2247cd59,branch,billing,10.4,resolved,2.8,5e638881d60146cc,2024-06-14
452745a4a56636ac,89f7acc482b0f4c5,chat,cancellation,0.3,resolved,6.9,b4b0a9df62e6341e,2024-07-24
724143900c5b884b,9f0102c1e761f255,chat,cancellation,14.5,escalated,7.4,1fa6b70d2a59204a,2024-09-19
09b50a9806a71580,8cfb46094b5f0108,phone,upgrade,9.3,resolved,6.4,fb850b9cfc684926,2024-12-11
cfffc8cc30b3cdb9,5eb10f0cd7a891d2,app,complaint,17.8,resolved,3.0,cac0551db5e3f05d,2024-07-05
719cb347d1bbd8ab,466084ce02acd76c,phone,billing,5.6,resolved,2.9,06ca84ca3e4fe39c,2024-04-30
4bcd669d183e7c77,76aa547f97a0017c,app,complaint,2.0,resolved,1.6,cac0551db5e3f05d,2024-10-17
26ff18014aa07daf,76c5701c80ac9f13,chat,billing,3.7,unresolved,1.3,56de770f703fbd3c,2024-11-21
167fa78b16531115,fc66fb484f6ff20a,chat,technical,6.5,escalated,4.5,5e638881d60146cc,2024-11-13
5b24516a061a0340,398ecad6590ed45f,branch,technical,8.0,resolved,1.8,609f4a1d006cc5d0,2024-09-22
014db643273507a4,03317b602209d5a0,phone,upgrade,0.5,resolved,5.5,3370822d9a67b2b4,2024-08-30
1ff2f50f50410cf3,d3654c09e096b5bd,phone,billing,4.6,unresolved,6.9,c7c7ef357b5ecde0,2024-10-12
b20922aac2c6d174,aa1ec59bd2903131,chat,technical,1.6,resolved,2.6,cfa1407a0ddbe71e,2024-08-24
b74125c3faed522f,174082e445371ba1,email,general,28.1,unresolved,3.9,0addca0233b2a77d,2024-11-20
204c60bdaf616e06,c281620ecc16e8ea,app,cancellation,1.7,unresolved,9.8,6454d581c167ce15,2024-09-24
d7dc3b2fe303fa5b,c8d33b0935001a63,phone,billing,4.9,escalated,4.7,b7dff30912eb0039,2024-01-16
feb63115461f0f47,fae0b351876a2aca,phone,technical,3.7,resolved,8.2,ee08771c9d0f0715,2024-11-20
b0d0218e65341dfb,ff5d652884662995,phone,general,14.9,resolved,6.1,bac5f7879d67307f,2024-11-15
443e31d387d75202,535a3d7407a53ec9,email,technical,6.7,escalated,1.9,dad25bdc2eb28efc,2024-12-11
b7bf073ca323deb2,6796a86bf89380a4,phone,cancellation,0.9,resolved,8.5,4cc9a85ce7df38b6,2024-05-25
85d0776f5f8f979b,7ad3942bb15ffcaf,phone,complaint,3.8,resolved,3.8,1a74383a109cb319,2024-04-15
486ccf66d5206fc1,89e3a36ad922f12c,branch,technical,0.1,resolved,6.3,b6e6bbe380a4ecfa,2024-03-30
18a10530bcf22a02,3c67301ba053ad47,app,general,8.0,unresolved,3.0,1fa6b70d2a59204a,2024-05-12
a20d4506ffeadcb9,09151ed2d74d2e19,phone,general,11.2,escalated,9.2,c76eb8bd11bd6115,2024-04-28
2630d5ee7811cb2b,23edc044f01da22f,phone,cancellation,3.1,resolved,2.8,1fa6b70d2a59204a,2024-11-09
b7b16c632c344107,bbfdcbef0e34347b,branch,cancellation,13.8,resolved,6.6,b42c3b95cba63112,2024-02-08
2c127e44cba35b12,3ca015a11b3dab8b,app,general,2.2,unresolved,5.7,d120a5423d6b9809,2024-08-26
a894a5fb945db46f,c883193555c4b7ec,branch,technical,0.4,escalated,6.2,0addca0233b2a77d,2024-03-20
5d7b929c1d9a35dc,5c55f95768bc1eb0,chat,general,2.8,escalated,6.5,ddf170a476086c6f,2024-07-28
78328339355db078,47e9e5a660861f66,branch,cancellation,1.6,resolved,3.3,c423299841bcd116,2024-03-07
fd865049e4a3a44f,f9c769c2d2fa5c49,chat,technical,5.2,resolved,2.6,fb850b9cfc684926,2024-11-16
6e3025f52415fd43,4587b25745585a05,branch,technical,1.6,escalated,4.5,7c89d0af87939122,2024-08-09
2c887616e437fb43,478afcd83d763d72,email,general,6.2,unresolved,2.9,adeaddf287e0ac93,2024-12-25
836903b70c874230,3b522e0c4debdf10,chat,upgrade,6.1,resolved,5.7,dfec25d33cc2bf76,2024-09-05
8ccef2d38b7fd825,ed76426daca5391c,branch,upgrade,11.9,unresolved,1.4,8168c84b4d453f19,2024-10-16
564e080930038527,7f4335560a6a3524,branch,cancellation,10.4,resolved,7.6,5b7627488b739561,2024-10-20
12674172743ddd88,00df7022ce2e0386,email,cancellation,1.7,resolved,8.9,2cd0bba07e3f4cdf,2024-08-08
dbe1e7650e93a432,99e081371b7c90ab,chat,cancellation,7.0,resolved,5.3,06ca84ca3e4fe39c,2024-05-11
879076a8405a96e8,9c7ccf173ddb81cf,app,upgrade,2.7,resolved,1.5,f390a7f3d461cad8,2024-11-14
281a41f857875975,58fe68b77b986d50,app,technical,15.0,escalated,9.4,b42c3b95cba63112,2024-08-02
6dd6d05469aded32,233d3520fc2f3a34,phone,complaint,3.1,resolved,2.9,82fe407f64b38d82,2024-11-10
5668f4f8260cb470,e3d44afee8442cdd,chat,complaint,2.1,escalated,2.4,05793679970dfe83,2024-09-23
df43d7ed1719cc04,c281620ecc16e8ea,phone,general,5.4,resolved,4.5,cac0551db5e3f05d,2024-03-07
737b60dffd0b522c,7ab12b5ccac8b8c8,app,general,5.0,resolved,4.2,56de770f703fbd3c,2024-07-29
09fa5081a7d3c8a7,42c4eabba3c0309b,phone,cancellation,8.5,resolved,3.3,6454d581c167ce15,2024-04-20
932bf947bbb1ffbc,2db647ad564ecb7a,app,complaint,12.6,unresolved,1.8,399b6a1f1b2a5ad4,2024-08-08
8f535e20fab4108a,f850880759dff994,app,upgrade,3.2,unresolved,3.7,d120a5423d6b9809,2024-05-18
c882aaf6ab321ed4,32d234c08535ba67,chat,general,0.3,resolved,9.5,af4f3115ae880ef1,2024-12-05
2a39bfa9386239ef,9b07df76ca908edb,phone,technical,3.9,resolved,5.1,1a74383a109cb319,2024-10-17
c751988cd266ce8e,4aa210e4e90e7212,phone,complaint,7.5,escalated,5.8,82fe407f64b38d82,2024-09-18
a5d1e4af83db5b3e,bb0c7a4d24a69dad,app,cancellation,1.3,resolved,5.0,c76eb8bd11bd6115,2024-11-15
75f580197356af6d,ce132dfabb90cfec,phone,cancellation,11.0,unresolved,4.1,ee08771c9d0f0715,2024-01-19
4c9f69ba8a1a03f0,51bae5d5e6eb1e84,email,complaint,10.7,resolved,6.0,c5c4ea45c9fa7128,2024-11-03
1742e00584c9687a,98189c1c1e585878,app,upgrade,0.2,escalated,8.9,c5c4ea45c9fa7128,2024-03-12
e9abc81821740d1c,24876d5b2e6b42f2,phone,complaint,3.6,resolved,6.5,3370822d9a67b2b4,2024-06-28
9727c503421446a5,5c03a23a3401daf8,phone,upgrade,3.2,resolved,3.0,3c4fd57ee2769348,2024-07-08
a7ccdc607e7dcf96,7cc3d9f09d5d18c2,phone,general,7.0,resolved,9.4,fedc2b2956802007,2024-09-29
64ea4d13f637da25,d7ab65598d82d494,email,complaint,6.6,unresolved,5.8,8f76ee50d48b6eb3,2024-04-19
060c86ad207fe783,f7599fffc0d52239,phone,technical,2.8,resolved,8.9,fb850b9cfc684926,2024-10-19
d9a8a7b5732fcaa1,cf24922037aeb96d,phone,cancellation,19.6,resolved,1.0,8f76ee50d48b6eb3,2024-12-22
a24afd50faf02c7f,73c62aac5c083e57,branch,upgrade,16.7,resolved,5.8,06ca84ca3e4fe39c,2024-02-24
7b72715cf7e8d9a1,d4178519491ed4e0,phone,cancellation,2.9,escalated,3.4,cac0551db5e3f05d,2024-01-05
666b8c0f13b9a0b1,f29d7ce6de0d8623,phone,upgrade,13.9,resolved,4.5,f058f69146fde5a4,2024-02-09
cbf6becc3f7d7bd9,23e537df4abbfd88,chat,complaint,1.0,resolved,2.1,0823317874a6b052,2024-02-13
a9456bd568b4e0ee,fd3a42681c37c3be,chat,general,1.4,resolved,3.5,7c89d0af87939122,2024-11-22
78dee3cde03c42b8,cf3ced1a30242c1c,chat,complaint,5.9,resolved,1.1,cfa1407a0ddbe71e,2024-06-18
4c89e1c0a1b39b20,4fe67b56bf4bf3dd,chat,complaint,1.8,resolved,9.7,2cd0bba07e3f4cdf,2024-11-06
9e668ffbc57789f6,77e0b6a5284edb40,app,general,7.1,resolved,5.2,0addca0233b2a77d,2024-08-16
464de9f0b86324e8,310b642934f57b26,app,complaint,9.3,escalated,9.2,0823317874a6b052,2024-04-15
540403ac072062fe,90aea48fe5e82c00,chat,technical,7.3,unresolved,1.9,6454d581c167ce15,2024-06-27
4031228ea791c92a,2a2d3abde32ffed3,chat,billing,19.0,resolved,8.3,5b7627488b739561,2024-09-28
915b6e6be6e28c2d,4852c491722ca246,branch,complaint,5.3,resolved,5.7,c5c4ea45c9fa7128,2024-07-16
48a5360faf14ea72,32693de0c6c167a7,email,billing,9.3,resolved,4.4,774ec0b9da094a62,2024-04-20
0fc2f416dbd1d6d3,ccd42e485671dcd6,branch,general,5.0,unresolved,9.9,cac0551db5e3f05d,2024-10-02
51a19362e4b087ad,06a4d89404253d9e,chat,technical,5.1,resolved,2.1,0addca0233b2a77d,2024-01-08
b6ac6b05178e0ea0,72fcea085bcfb91a,chat,cancellation,5.7,unresolved,4.8,b4b0a9df62e6341e,2024-11-21
9fb2fcc6c2792ebd,cfd4f236ea9babb7,email,billing,2.6,resolved,8.2,8168c84b4d453f19,2024-06-25
dc6ca4b3b42db01a,e0ff36e4a2450b1a,app,complaint,1.6,resolved,4.1,8168c84b4d453f19,2024-08-21
4c07a6974bef56de,f1a5c01046388dbf,branch,technical,2.1,resolved,5.1,c423299841bcd116,2024-11-24
0cccc1026d5c3a21,2105f94aa6b4d33d,branch,upgrade,3.3,resolved,8.3,1a74383a109cb319,2024-06-04
a3fb9d155ed02ba3,39154da45e2b9586,email,upgrade,3.1,resolved,3.1,b4b0a9df62e6341e,2024-02-12
f00f441103e76d1b,2cf007913545eeb5,branch,cancellation,17.5,unresolved,4.3,1fa6b70d2a59204a,2024-11-28
70a3a749f9004aa5,7c7af75cffc2d2e2,email,cancellation,1.1,unresolved,8.5,774ec0b9da094a62,2024-12-09
3c8532a1e0070e06,5e69702a05aeb8c9,phone,technical,0.4,escalated,8.7,dad25bdc2eb28efc,2024-07-29
b1d53183dbcf552d,8de66ee28c31b238,chat,upgrade,0.4,unresolved,5.7,8168c84b4d453f19,2024-03-27
e039748ce833af1a,4d2ab5de3d01f17e,branch,general,4.6,unresolved,3.1,2cd0bba07e3f4cdf,2024-12-07
541b74cf1ba72ed2,686850852cf61235,phone,cancellation,2.9,resolved,1.5,3c4fd57ee2769348,2024-11-23
1d8285a95b7e2375,2e6964ef01637f02,email,general,8.2,resolved,8.7,4cc9a85ce7df38b6,2024-06-06
54369124f05999a9,6bf2a2cffbf5c19d,email,billing,0.5,unresolved,6.9,3370822d9a67b2b4,2024-02-20
ddbaae007bddcf69,ca53275e55749087,email,complaint,2.2,resolved,3.2,06ca84ca3e4fe39c,2024-07-09
004796269599f508,7d3b0e86e95f0ad8,phone,complaint,6.5,resolved,1.8,774ec0b9da094a62,2024-05-09
e8a62aa56486cc37,f6b58d54c79a7cd6,branch,complaint,2.0,unresolved,6.2,bac5f7879d67307f,2024-05-10
91d5a40128ed12f4,c58d0839909f773c,chat,complaint,3.1,unresolved,2.4,b4b0a9df62e6341e,2024-01-12
79c771fbe980ad49,63b8194152c1fb98,app,general,7.7,unresolved,9.0,06ca84ca3e4fe39c,2024-06-30
1c0a68a58f071697,48729bba3c509acb,email,technical,0.2,unresolved,8.6,bac5f7879d67307f,2024-10-14
ef31587c2a8a11b6,390be1c29d49d018,phone,technical,13.5,resolved,9.3,b42c3b95cba63112,2024-06-19
52a7420d42aa4583,2bc450148c28b47a,app,billing,1.7,resolved,5.6,ec398133ae662ffd,2024-08-31
bd9cab5257b50fe8,839cdd252273f04f,phone,complaint,2.2,escalated,4.5,c76eb8bd11bd6115,2024-04-01
01a488b126c4d913,398ecad6590ed45f,app,general,1.0,resolved,4.2,1c39c989cc2a171c,2024-05-25
1ae0d88da150a3bf,e11c4b4d9ebc35d0,phone,billing,3.1,resolved,7.1,fedc2b2956802007,2024-04-14
6cefa6d698d7a6f6,8e8ef9b2d63288e9,branch,cancellation,0.4,resolved,7.7,b42c3b95cba63112,2024-05-17
0c06c132cc2e58a3,4407a0b264a06487,app,complaint,13.8,resolved,8.9,3370822d9a67b2b4,2024-07-23
9995d33eae6bde3d,7a2ac69a18fca7d4,app,upgrade,5.9,resolved,8.9,fb850b9cfc684926,2024-11-22
59879d35d6447fdf,5426c51613baed1d,branch,cancellation,0.5,resolved,9.4,c423299841bcd116,2024-06-30
4ba000b68425964c,88256bb2a38ef014,chat,cancellation,0.8,resolved,3.6,2cd0bba07e3f4cdf,2024-01-06
4510ab0177da12a9,fb09b981a66b5455,email,upgrade,2.0,resolved,5.1,5b7627488b739561,2024-08-13
4cbdb07b5932a2ab,e4f05966f5065ee4,branch,general,12.4,resolved,8.2,b42c3b95cba63112,2024-09-30
5848f6fe81cbaa1f,27e36276d98cabee,branch,technical,4.2,resolved,4.5,56de770f703fbd3c,2024-10-19
80cf29cf905ace57,2abe76f47173a52a,app,billing,4.8,resolved,8.9,399b6a1f1b2a5ad4,2024-03-27
32543e63e8800dab,299b90f63d80b474,branch,technical,8.5,resolved,7.3,1a74383a109cb319,2024-03-28
5abc81566ec381fa,865382db3c8da506,email,complaint,3.3,resolved,5.7,4cc9a85ce7df38b6,2024-01-08
9ddccaef6da355d1,f358e079224e09b4,chat,technical,0.3,unresolved,9.5,2305400ca286a6be,2024-07-30
1740bbe0bb7658ee,2c3888e2386d6cb4,email,billing,6.6,unresolved,6.9,c76eb8bd11bd6115,2024-11-13
4b05eec7af11741a,def76f599c8e96a7,email,cancellation,4.2,resolved,7.8,cac0551db5e3f05d,2024-09-01
ed925e4d4d8132d2,59e97c496d5f4822,phone,technical,4.4,unresolved,7.2,3370822d9a67b2b4,2024-06-30
0d6ec9a103ecf815,fd3a42681c37c3be,chat,technical,18.7,resolved,3.4,82fe407f64b38d82,2024-05-11
0f6035a96fbf6eff,e0ff36e4a2450b1a,branch,technical,4.5,resolved,9.1,b42c3b95cba63112,2024-12-07
50c79981cc2e5dbb,c8d33b0935001a63,phone,general,1.4,resolved,9.2,ddf170a476086c6f,2024-09-21
2b65fab17682381c,a80ba8b8e4eff13f,chat,billing,2.9,unresolved,7.4,bac5f7879d67307f,2024-03-07
0b2295144094c265,425b364d849378d4,email,billing,17.6,resolved,4.6,fb850b9cfc684926,2024-04-11
b3ef7c1506b60302,74f2f68548b3b883,app,general,5.8,resolved,1.1,d62a03403b96385d,2024-02-04
46b610bd97dbd513,294eec57b188ae20,branch,technical,0.7,unresolved,4.0,32bd638578fd7f8f,2024-08-06
ee6a2b38fce27bb4,26a276ce458d11ed,chat,technical,1.3,resolved,7.6,1c39c989cc2a171c,2024-02-03
dbe91e624ece16a7,90d800f496e91751,email,upgrade,6.5,escalated,8.5,4cc9a85ce7df38b6,2024-04-09
98f57eed6147f2fe,097df5566b051546,branch,complaint,10.0,resolved,6.3,05793679970dfe83,2024-12-06
d79f6c46aa8f3d5b,03bb1718f53166ae,app,cancellation,6.2,resolved,9.2,06ca84ca3e4fe39c,2024-07-10
040f41722d83efce,4407a0b264a06487,email,general,4.7,resolved,8.1,fedc2b2956802007,2024-04-17
f45680c9afd68353,dad9aab4c746f6c5,chat,technical,5.5,resolved,6.1,774ec0b9da094a62,2024-04-09
70d1986375768662,88256bb2a38ef014,chat,complaint,4.2,resolved,4.0,d120a5423d6b9809,2024-02-25
4139dedb5b3abed2,3ecd8c40e835c185,email,technical,9.2,unresolved,4.1,f390a7f3d461cad8,2024-09-15
9af0ae59bfaa7519,183a499c6578411d,email,general,6.7,resolved,5.6,1a74383a109cb319,2024-05-29
d537d832a51db8e0,3cd287a648484145,email,general,2.6,resolved,1.5,d62a03403b96385d,2024-12-01
78e990e73225453f,977c64cfba67295a,chat,complaint,1.0,resolved,3.1,d120a5423d6b9809,2024-07-31
77b78d5a0055c27c,d3e937a4fe997e9c,phone,complaint,2.4,resolved,1.7,7c89d0af87939122,2024-11-23
af9da5f0c292fd7b,2589298c9144818b,phone,upgrade,2.9,resolved,4.9,c76eb8bd11bd6115,2024-03-27
2f198c2c803e6092,3a60297550f4327d,phone,technical,2.1,unresolved,1.6,2305400ca286a6be,2024-05-19
5ec7c5b257d09c33,c6ef2a45ddd2f617,branch,complaint,3.4,resolved,8.2,1fa6b70d2a59204a,2024-01-26
7b104b69fd2ff4af,d133b4740ead06a0,branch,complaint,2.7,resolved,2.2,2cd0bba07e3f4cdf,2024-09-27
f54e706f7255df67,98189c1c1e585878,app,upgrade,2.6,resolved,6.8,f058f69146fde5a4,2024-10-18
c6d440f4803699db,224fb9a274e0418f,app,complaint,10.0,unresolved,6.0,ee08771c9d0f0715,2024-10-15
ca7d20181cdd7cc0,52f2608f0fdfd28c,chat,complaint,0.3,resolved,8.8,4cc9a85ce7df38b6,2024-11-19
7412a087e3f5a71e,070840efbc93df0d,app,technical,10.8,escalated,4.6,f390a7f3d461cad8,2024-09-18
9c371a80e61fbe65,22727d17208d372b,branch,complaint,0.1,resolved,4.8,774ec0b9da094a62,2024-08-30
3d0c6eedfa7aea82,1df807fa2247cd59,phone,cancellation,5.4,unresolved,6.9,b6e6bbe380a4ecfa,2024-05-04
1c03f949199e8a10,d7ab65598d82d494,branch,upgrade,2.8,escalated,4.5,fedc2b2956802007,2024-09-23
be5e9f5e02fe7f21,dfb2d8eaac985697,email,upgrade,16.7,resolved,9.6,8168c84b4d453f19,2024-08-22
5fdd1834b25aa183,fe5695a30da60bbd,app,upgrade,0.3,resolved,1.1,d120a5423d6b9809,2024-07-03
ad773bc329224c5c,9e0ee76af6f63d14,phone,cancellation,2.5,resolved,8.5,fb850b9cfc684926,2024-06-17
9fd9523c160b7f8f,37e788b6d70dee97,email,technical,2.4,resolved,4.6,ec398133ae662ffd,2024-02-04
bd328ba1b71fbc9e,009d36e0c5c629be,email,upgrade,0.1,unresolved,6.6,6454d581c167ce15,2024-01-27
f8081c142ad4b5b9,85607fb2f086c1c1,branch,complaint,4.1,resolved,6.7,af4f3115ae880ef1,2024-05-16
a20db3bb0e7a4d05,759c7bc81a6567b8,chat,complaint,4.0,resolved,5.7,cac0551db5e3f05d,2024-05-09
c822fb5d61639754,a550dc9ed573b250,phone,billing,4.5,resolved,2.8,5b7627488b739561,2024-10-15
fede3f1a1b7cda59,99e081371b7c90ab,email,general,2.0,resolved,2.4,b4b0a9df62e6341e,2024-09-09
31da0f5e59a3c763,9ea7371d4d87b646,app,cancellation,9.5,resolved,6.9,b6e6bbe380a4ecfa,2024-07-29
4272c60292092a2a,6cacffc716869f24,phone,upgrade,9.1,resolved,4.9,ddf170a476086c6f,2024-02-13
e76ad7eda4a3cbd1,e9eb878f95923e75,chat,upgrade,6.7,resolved,6.9,b6e6bbe380a4ecfa,2024-04-04
356026bbf27c0dd8,2449bfe37a9e012a,phone,general,4.7,resolved,3.4,ddf170a476086c6f,2024-11-05
22a2c6760c286138,550a120e7736895e,chat,technical,3.2,resolved,7.3,0823317874a6b052,2024-02-03
7903b9663bf0bbe2,d627159aece184f2,chat,billing,9.4,resolved,5.0,ee08771c9d0f0715,2024-08-05
f60ca8f047460778,550a120e7736895e,app,complaint,6.6,unresolved,4.1,dfec25d33cc2bf76,2024-10-02
833ec667fce01aaf,465c21f02308e1c6,chat,billing,3.0,resolved,8.1,adeaddf287e0ac93,2024-02-07
a79914b1d92cb922,5c10d75c21d92252,phone,billing,5.6,resolved,5.9,64b696c958ad6331,2024-10-16
f62addd2c84c2abe,68a650ac8fd9caa6,email,upgrade,6.1,unresolved,5.1,06ca84ca3e4fe39c,2024-07-22
a1e98257096728ef,cfc633a0e42f4c7d,phone,complaint,10.0,unresolved,5.8,5b7627488b739561,2024-07-28
5090038a55fa7cf2,6ee604a0b16c2ac5,branch,billing,0.9,resolved,4.7,06ca84ca3e4fe39c,2024-08-04
8d0b5373906df877,623628e8186471ea,branch,billing,13.5,unresolved,1.0,8168c84b4d453f19,2024-11-04
7001dde3bb464962,697080d3446d0659,app,complaint,15.9,unresolved,4.1,b42c3b95cba63112,2024-08-18
e45638abf29b666c,023bed971c9205c8,phone,upgrade,0.6,escalated,4.4,c76eb8bd11bd6115,2024-09-18
8879c3ab1140f547,54bbd2fc294c7d06,branch,technical,0.2,resolved,6.7,399b6a1f1b2a5ad4,2024-09-20
acc37d67bb1e37cb,1f874be6a0cb1c90,phone,general,8.1,resolved,3.7,cac0551db5e3f05d,2024-10-02
43c525eff8904054,ae2d1158bfce8bb7,app,technical,15.1,unresolved,2.3,0823317874a6b052,2024-08-16
1d7d55f240a4942b,3e042f9b7a6568c1,branch,complaint,0.2,resolved,2.5,3c4fd57ee2769348,2024-05-15
2e7d53a9312bc78f,0a3a13a712776e78,app,general,0.2,escalated,3.3,fb850b9cfc684926,2024-04-18
ef881ec3854928c7,148f5e94748afbcf,phone,cancellation,9.2,unresolved,9.8,af4f3115ae880ef1,2024-11-11
b2af0fbabb28a716,c8922bed7d0e7358,app,cancellation,3.0,unresolved,8.7,2305400ca286a6be,2024-07-25
df9b841f275faa21,d3654c09e096b5bd,email,technical,0.3,resolved,8.4,c423299841bcd116,2024-04-05
24465aeddac3ba01,783822a5b1d89d21,app,billing,5.1,resolved,8.9,06ca84ca3e4fe39c,2024-03-12
1d11e3b3f3f6be1c,45f6093c8d51c7cf,phone,upgrade,14.8,unresolved,2.5,b4b0a9df62e6341e,2024-07-20
3fec0fff657b99d7,1f732e168ad4e2df,chat,general,5.6,resolved,4.4,b6e6bbe380a4ecfa,2024-05-20
8742c75dc4bdb798,2709c6d24922d50e,phone,billing,0.4,resolved,7.4,774ec0b9da094a62,2024-11-12
44c2a31b2d4ad1fa,6a5e8d62a433a4a5,chat,billing,5.4,resolved,8.7,cac0551db5e3f05d,2024-09-17
92ad745edf850848,23edc044f01da22f,branch,billing,14.9,resolved,8.8,0addca0233b2a77d,2024-04-16
bf1fe17e0a47731e,0d440c2adf3f05cc,branch,complaint,15.7,unresolved,3.9,ee08771c9d0f0715,2024-11-08
4a4ba268440d1bfe,70b4ff1afa97020e,branch,cancellation,0.8,resolved,4.0,1fa6b70d2a59204a,2024-07-14
3f37e90cbbf8b208,701e668375016da9,app,upgrade,10.5,resolved,6.5,dad25bdc2eb28efc,2024-10-19
475dc138491a32f6,2c0e7544e635fc12,phone,technical,0.8,resolved,7.3,c5c4ea45c9fa7128,2024-10-13
35f74d59594e9957,7d5e2b48e263f4d1,app,cancellation,10.2,resolved,1.9,0823317874a6b052,2024-12-23
de618c8e126a8adb,2aa6d7b211ac3c1c,app,general,5.9,resolved,2.9,5e638881d60146cc,2024-05-17
ef43745fab2bb0ea,174082e445371ba1,app,complaint,4.2,resolved,1.4,b7dff30912eb0039,2024-10-12
179e98f657c1cb76,cf24922037aeb96d,app,complaint,1.4,unresolved,6.3,f390a7f3d461cad8,2024-03-27
2c6a9cec93b2309d,f431ecb7711615b0,branch,upgrade,0.9,unresolved,9.5,2cd0bba07e3f4cdf,2024-12-24
429eac9c3da53086,ee2417daade824ea,phone,cancellation,15.2,resolved,7.8,dad25bdc2eb28efc,2024-10-18
77855c4ad3702ef5,d504b2be039b67e9,branch,general,0.2,unresolved,5.3,b6e6bbe380a4ecfa,2024-03-09
a75033dec1d3007c,21d14a120ca4e518,phone,upgrade,3.5,escalated,6.4,609f4a1d006cc5d0,2024-12-10
eed042e46df46a49,e4f05966f5065ee4,phone,cancellation,1.8,escalated,8.9,ec398133ae662ffd,2024-11-06
4769f11116a1d74e,3ecd8c40e835c185,branch,upgrade,4.6,escalated,8.6,0addca0233b2a77d,2024-08-28
9f6081695b3c0a27,6f22cea9eb529737,branch,billing,1.7,resolved,6.5,cac0551db5e3f05d,2024-11-15
5305ddfab73d5bec,bc5b3d83c4f94cac,email,general,0.8,resolved,5.8,1a74383a109cb319,2024-10-26
7ffd6af321d9a395,a186648bf6fd0472,phone,complaint,4.1,unresolved,1.0,0addca0233b2a77d,2024-11-26
96b34d1ccccd0474,90aea48fe5e82c00,email,technical,1.4,resolved,6.0,cfa1407a0ddbe71e,2024-08-14
19a96643c85e9557,c58d0839909f773c,phone,technical,1.5,resolved,5.3,56de770f703fbd3c,2024-09-11
c5062c718517611b,a97be0a50ea38d7b,chat,upgrade,3.6,resolved,9.7,0823317874a6b052,2024-01-08
276e4f5b04e96a64,76aa547f97a0017c,email,general,0.7,resolved,9.1,c5c4ea45c9fa7128,2024-05-31
994d1f758f7c9dbd,703456167a7acd17,email,technical,1.6,resolved,4.2,7c89d0af87939122,2024-01-21
705cec650e365fde,66240ca8805f0c13,app,cancellation,4.1,escalated,9.2,1c39c989cc2a171c,2024-05-06
ec4969705c58290c,0a5211e92314f9b4,app,cancellation,1.7,resolved,5.4,32bd638578fd7f8f,2024-11-22
4b27444bc711dac4,ed76426daca5391c,chat,cancellation,7.7,resolved,8.1,56de770f703fbd3c,2024-12-07
ae7873c4b99eaae2,f3949495d1d258f1,app,general,5.2,resolved,2.7,cfa1407a0ddbe71e,2024-11-05
a249c075d75917c1,5a412311b1b38c82,branch,general,5.6,resolved,5.3,b6e6bbe380a4ecfa,2024-09-09
60987ff65d7df147,399d361b0b750759,phone,technical,7.3,unresolved,3.5,ee08771c9d0f0715,2024-02-24
ac2afcc321bc2b8d,3b3d64cca5a929f3,email,technical,1.0,resolved,7.6,774ec0b9da094a62,2024-09-26
5cbdbd42db052643,63b8194152c1fb98,phone,technical,11.2,resolved,9.6,4cc9a85ce7df38b6,2024-10-11
294b1273470e3047,d741cef7a3234a8d,branch,complaint,1.9,resolved,4.2,bac5f7879d67307f,2024-01-25
484e6b992ac82ffe,494d524e72dd81a6,branch,complaint,6.7,resolved,9.7,b6e6bbe380a4ecfa,2024-01-27
8ca6e0d9fbbb59a8,3d1981c5ee371d67,email,complaint,2.0,resolved,5.6,af4f3115ae880ef1,2024-07-06
0e39c3ad2f3d2904,165af6b8bc77c4ce,email,technical,0.9,resolved,8.6,7c89d0af87939122,2024-06-07
8a39a29e923d2e56,32693de0c6c167a7,chat,general,5.0,resolved,5.8,af4f3115ae880ef1,2024-03-22
91737cd4bd6dc46d,0d440c2adf3f05cc,email,general,2.1,resolved,5.6,1a74383a109cb319,2024-10-29
840017195239c45b,ce668b20709dbda4,email,technical,2.1,resolved,7.9,2cd0bba07e3f4cdf,2024-05-30
e26caad8bf1a7b93,84ccf3119a3a106d,phone,general,0.6,escalated,9.6,1c39c989cc2a171c,2024-10-17
263a6c83356c41e3,9a95dfb5a96b3ab2,phone,billing,2.6,resolved,3.4,8f76ee50d48b6eb3,2024-11-05
498af99570d83a11,0d440c2adf3f05cc,branch,technical,9.5,resolved,1.4,fedc2b2956802007,2024-06-19
ae089fa606eb4635,dfa892259253e955,email,technical,1.4,resolved,3.1,c423299841bcd116,2024-05-16
6d3964b67a9a668b,390be1c29d49d018,branch,cancellation,3.9,unresolved,5.2,05793679970dfe83,2024-03-05
76766105b5267c76,1a13581cb12c0831,branch,general,7.5,escalated,1.1,5b7627488b739561,2024-03-05
7189e97c6c658eea,b626377d5234383c,phone,complaint,7.9,resolved,4.0,0823317874a6b052,2024-10-11
14a130f940499898,744d8a1d6cb48194,email,general,14.3,unresolved,2.3,609f4a1d006cc5d0,2024-01-28
de1620764a8f69df,3fc342302a9bcaff,email,general,5.3,unresolved,7.3,7c89d0af87939122,2024-06-02
50cc376ba3d305d8,b7ab6a76332a3704,app,upgrade,1.2,resolved,6.2,dad25bdc2eb28efc,2024-11-08
16f0285cacc84257,d4a0f77033696654,email,billing,0.9,resolved,4.3,56de770f703fbd3c,2024-10-01
86aa4f464fed51ea,79b34c7dbd15f98b,phone,complaint,11.1,resolved,8.0,dad25bdc2eb28efc,2024-02-09
6da4dd4e430fa55a,a80ba8b8e4eff13f,branch,cancellation,10.3,resolved,3.4,ee08771c9d0f0715,2024-02-15
98490dbc49acfac0,7d7df171e0105269,chat,technical,8.4,unresolved,4.5,1a74383a109cb319,2024-09-23
bcd69d6bac5ed643,d0244b2e899ab6bc,app,billing,0.7,unresolved,5.5,64b696c958ad6331,2024-09-01
3b33a1589990e554,411fd7c0b7f9a803,app,billing,1.3,unresolved,8.3,1a74383a109cb319,2024-12-29
bc9ffb565c7c7ccc,8183e42e6ef09235,branch,complaint,0.8,unresolved,6.1,1a74383a109cb319,2024-12-27
1c88e6b280b28726,ef33a9a3135f3db9,app,general,3.4,resolved,5.3,b4b0a9df62e6341e,2024-09-19
3d9ced60141e9a5c,3ca015a11b3dab8b,branch,billing,2.4,unresolved,2.0,56de770f703fbd3c,2024-11-22
dc4d81c84e2b1d24,d401c5577bb35cfc,app,general,3.7,resolved,9.5,1a74383a109cb319,2024-04-04
17c8b58c642f4f7b,016ff9d51a4486dc,phone,billing,6.0,unresolved,8.0,3370822d9a67b2b4,2024-07-04
e977b242c3fc4047,b0cace3cdb71b4c7,email,complaint,1.1,unresolved,9.1,cac0551db5e3f05d,2024-08-11
bb14bbf9237c53af,caa3f70770df65c2,phone,technical,3.6,resolved,7.0,d120a5423d6b9809,2024-10-29
7c0aebb999877926,15a29e232365fe42,phone,cancellation,4.2,resolved,7.7,0addca0233b2a77d,2024-01-12
f0b77f9f2a7fc199,ecbd219bc9e40207,app,technical,4.8,resolved,9.8,06ca84ca3e4fe39c,2024-08-03
00260f31f1da34c1,58fe4ef80ba65ab8,app,billing,4.3,resolved,4.5,c76eb8bd11bd6115,2024-08-09
8c6f67aef4c06e04,5c80404db6afbf5c,phone,complaint,2.3,unresolved,3.3,0addca0233b2a77d,2024-06-21
fc0f45b6826e94a5,6776e8e7006dfcf2,app,billing,5.7,resolved,3.4,3c4fd57ee2769348,2024-09-16
0720cfb5c65ae91f,e99c22c2b6429fca,branch,cancellation,4.0,resolved,3.2,fb850b9cfc684926,2024-11-11
0c649ac41c7ccd60,62b313b1a9ca029d,chat,upgrade,2.0,resolved,4.2,b4b0a9df62e6341e,2024-05-24
84724e5ffba92afd,dfb2d8eaac985697,phone,technical,1.1,escalated,7.6,cfa1407a0ddbe71e,2024-06-27
aac28f5150afbf97,dd286cf412365357,app,complaint,11.0,resolved,3.5,b6e6bbe380a4ecfa,2024-12-06
73347ff929c07ab6,f18e4304c474cbd8,branch,technical,5.5,resolved,7.3,56de770f703fbd3c,2024-06-11
8099acb3f3f7a5b0,3dafdba89e78ae73,email,upgrade,9.3,resolved,5.5,06ca84ca3e4fe39c,2024-11-10
be956d4df2847d73,4bff6814ca7d7561,branch,upgrade,1.2,resolved,2.4,c76eb8bd11bd6115,2024-05-20
4dd9527c9df27415,22d5bb56573939bc,app,technical,0.5,resolved,6.2,c423299841bcd116,2024-09-30
da0fa4b7155ef8c1,0301680e7e8045c6,phone,upgrade,1.6,unresolved,9.9,0addca0233b2a77d,2024-11-01
a34a217a495f7bd7,bb1163efc37aff0d,app,upgrade,1.3,escalated,9.8,4cc9a85ce7df38b6,2024-11-23
88a3dc4086920890,7d5e2b48e263f4d1,app,upgrade,4.5,resolved,9.9,c423299841bcd116,2024-04-01
002c55c32cd4e1fb,53900e3fadc042d3,email,billing,4.4,escalated,1.2,3c4fd57ee2769348,2024-07-08
72ded1c44d536ba7,564c3c628e93587c,branch,billing,2.0,unresolved,4.0,5e638881d60146cc,2024-09-15
895b3530f689ed19,9e04230ae86651f3,email,general,3.1,resolved,1.9,32bd638578fd7f8f,2024-07-08
6e4e324ee033cc82,7d5e2b48e263f4d1,email,upgrade,2.1,resolved,9.1,c7c7ef357b5ecde0,2024-07-03
a6865e5a880d0175,1feaa13096450730,app,cancellation,4.2,unresolved,5.7,fedc2b2956802007,2024-02-01
a57cf2aab3f9069c,3d4dab7a8ecbf677,phone,general,7.3,escalated,8.7,b7dff30912eb0039,2024-08-26
bd8f020f1cf9865d,dd286cf412365357,chat,complaint,1.1,resolved,2.4,06ca84ca3e4fe39c,2024-06-02
04038ed49bfb8bcb,ea077a5eb6803562,phone,general,1.7,unresolved,6.2,1c39c989cc2a171c,2024-08-13
70f31e82bad4f2b8,4fe67b56bf4bf3dd,chat,upgrade,0.2,unresolved,1.1,32bd638578fd7f8f,2024-10-01
fc3792ad32017f43,afe40b8a8f0f3d84,chat,technical,3.8,resolved,8.0,ec398133ae662ffd,2024-06-17
03f7c90a9ca01405,fc66fb484f6ff20a,branch,cancellation,1.8,resolved,7.7,1fa6b70d2a59204a,2024-03-07
edb2da998ccb12f8,c71d88a3c296fdf2,branch,technical,11.0,unresolved,7.8,0addca0233b2a77d,2024-09-22
e11e5c258ce9d8fa,8560f29217da0829,phone,billing,5.1,resolved,7.0,b4b0a9df62e6341e,2024-07-27
f73724712c81aaac,9e0ee76af6f63d14,email,complaint,5.5,resolved,9.5,5e638881d60146cc,2024-11-29
00965881a221cd0e,fb35e6d2e1868891,phone,billing,2.8,unresolved,9.6,ddf170a476086c6f,2024-11-14
2821ac9a65264d3b,50d6200e599a11a6,app,technical,0.5,resolved,9.4,1a74383a109cb319,2024-01-25
3aeba5b8c4cb2458,e2bf979250213981,app,upgrade,3.6,resolved,5.3,2cd0bba07e3f4cdf,2024-12-20
f1b28501789b2b53,1b2ee82dc979a6cc,email,technical,2.2,unresolved,6.9,3c4fd57ee2769348,2024-10-28
4f63428e33bfeb4e,e600a61f7d1ab6b4,chat,complaint,0.3,resolved,8.8,0823317874a6b052,2024-08-03
5904faed3040e578,0b80468f1b1e962d,email,general,2.3,resolved,8.4,c7c7ef357b5ecde0,2024-06-08
ac9b6bacb164b95c,0d0033838b14a9bf,phone,complaint,3.4,resolved,2.0,0823317874a6b052,2024-09-19
f93be67c69bf0434,90378b5f74c6c6ee,email,technical,1.7,resolved,1.1,544a618267704438,2024-02-24
391b05c935b9786f,ea41aee0b5febb6b,email,complaint,0.8,resolved,4.8,ddf170a476086c6f,2024-09-13
5eb1fae81132b5ab,aa3b32f4bbac4e77,chat,technical,3.6,resolved,6.7,3370822d9a67b2b4,2024-04-18
83fbdfe5770e87a7,0d0033838b14a9bf,chat,general,4.6,resolved,5.0,b42c3b95cba63112,2024-08-13
08d9d67af1b0f817,bfb5e25d1defb1ce,phone,upgrade,3.9,resolved,5.4,0addca0233b2a77d,2024-10-08
d868ace983d19b1e,09ab9c9076ff0dc4,chat,complaint,2.0,escalated,2.8,fedc2b2956802007,2024-02-26
0634072dc0aae84e,6292e6c448e5f12d,email,upgrade,3.8,resolved,1.6,0addca0233b2a77d,2024-04-06
76c6c14ba17769bd,772c09f7de4d4678,branch,billing,8.9,resolved,7.4,1c39c989cc2a171c,2024-10-22
833118e6a4ab4471,36ab2c1257ef07e9,app,general,4.2,resolved,1.3,05793679970dfe83,2024-08-27
cb116ac413dbcfb5,95d9b7dd6a49d3a5,phone,cancellation,7.5,unresolved,1.9,82fe407f64b38d82,2024-10-17
dd072f2ca5d01e8a,e4f05966f5065ee4,app,complaint,4.0,unresolved,5.5,fb850b9cfc684926,2024-01-04
8baf4ea8b19318bf,20f1826aa7875d0d,branch,technical,11.3,resolved,6.4,609f4a1d006cc5d0,2024-07-12
5ff6f184feda846e,ccde1e88c9dacee8,app,general,6.7,resolved,2.0,fedc2b2956802007,2024-07-29
ada0b94c6bb97ef0,912105a7208a1ea3,phone,upgrade,1.6,resolved,4.5,b4b0a9df62e6341e,2024-12-05
fddecb2d10c52199,30888b723f760fac,chat,cancellation,6.5,escalated,5.4,d62a03403b96385d,2024-05-02
497e26326645ddd9,5b528c377e06dea8,phone,billing,4.2,resolved,6.3,bac5f7879d67307f,2024-03-02
ea8383b770aa48c1,ffeee34bbe241244,chat,billing,6.0,resolved,5.8,c5c4ea45c9fa7128,2024-07-03
02f1d9ea85974634,3a60297550f4327d,chat,cancellation,0.4,escalated,5.1,d62a03403b96385d,2024-04-19
1f8ced79be765fbb,72fcea085bcfb91a,email,complaint,1.7,resolved,7.4,b42c3b95cba63112,2024-12-13
c7f5160cb9567516,a4747a10707f24f1,branch,complaint,2.1,resolved,3.9,5e638881d60146cc,2024-09-19
9dbe34bf2445a0e8,09fc2bea655a24f6,app,billing,5.2,resolved,2.5,0addca0233b2a77d,2024-09-10
ca8703b4f8202484,90378b5f74c6c6ee,app,upgrade,5.5,unresolved,8.7,56de770f703fbd3c,2024-09-05
dde3ce4f4e9f68dd,f5c1f4185201b43e,branch,complaint,2.9,resolved,2.7,dfec25d33cc2bf76,2024-03-23
dc56f8a04948d1c1,8c61369cacedb868,email,cancellation,5.4,resolved,2.5,1a74383a109cb319,2024-09-08
265779be2cf5bd66,b871cd71bfe8e9d8,phone,general,11.5,escalated,3.4,f058f69146fde5a4,2024-05-12
eeefda7830ea87f4,2f99b0d07788b0a1,phone,complaint,3.3,resolved,5.5,dad25bdc2eb28efc,2024-03-18
2e7acb80b101ccbf,6a7e697c2a185547,app,general,6.5,unresolved,6.0,d62a03403b96385d,2024-09-09
c2b45d1060cd857c,6664780cf8339f06,phone,cancellation,13.5,resolved,4.9,b6e6bbe380a4ecfa,2024-10-12
e70c8b9768547366,8e51ba45c280251a,phone,billing,2.3,resolved,6.0,f390a7f3d461cad8,2024-02-21
86e08205e3802ad3,305c43f9ac88e981,phone,general,0.5,escalated,3.4,3370822d9a67b2b4,2024-03-17
984d096e2f864186,24876d5b2e6b42f2,chat,upgrade,1.6,resolved,1.7,6454d581c167ce15,2024-06-19
2601e3c5a5f88930,eaeb32f2bbc92cc0,app,technical,0.4,resolved,5.3,dad25bdc2eb28efc,2024-07-02
93e8d2768dd94446,90d800f496e91751,phone,cancellation,12.2,resolved,1.5,4cc9a85ce7df38b6,2024-06-24
4b1dba07a91c9df7,550a120e7736895e,app,billing,11.3,escalated,8.5,d120a5423d6b9809,2024-08-03
c59f4a597f83752b,36d6a41bcef939ab,phone,billing,2.9,resolved,9.6,544a618267704438,2024-03-19
d5e26349419ea06c,e600a61f7d1ab6b4,app,general,2.3,unresolved,9.1,f058f69146fde5a4,2024-09-29
862cc1e6ba70c989,32be5eb671304318,app,cancellation,5.3,resolved,2.3,0addca0233b2a77d,2024-08-28
933b3793eb60dd2e,6734081fc5799be2,email,cancellation,0.3,resolved,4.5,1fa6b70d2a59204a,2024-05-28
cc422bd15579dd99,77e0b6a5284edb40,app,complaint,3.0,unresolved,4.1,b7dff30912eb0039,2024-05-28
90ef52b598e5def9,11c1d84fadb1c7c2,phone,upgrade,5.9,escalated,1.6,fb850b9cfc684926,2024-07-16
806a37c4f75b3a08,ee2417daade824ea,app,upgrade,3.4,escalated,4.0,1c39c989cc2a171c,2024-01-17
2510b1dc3f661da6,d9fcace36fdc8173,phone,upgrade,0.6,resolved,5.8,6454d581c167ce15,2024-05-23
e1bff233647c432b,20afa56bf367ac54,email,cancellation,10.4,resolved,8.8,c423299841bcd116,2024-09-03
55f17f807de7de61,b871cd71bfe8e9d8,phone,technical,0.3,resolved,7.5,4cc9a85ce7df38b6,2024-04-24
5f7704ecaadaaa5e,097df5566b051546,chat,complaint,0.4,resolved,8.0,609f4a1d006cc5d0,2024-12-29
080465e091b92366,24035e5fa3060bd4,phone,technical,11.9,resolved,9.9,fb850b9cfc684926,2024-05-26
e1b40a23a90b148b,1933c19b3ca490f6,chat,upgrade,1.6,resolved,6.5,609f4a1d006cc5d0,2024-06-16
9430a9ec23cf8bb1,ef33a9a3135f3db9,email,general,0.6,resolved,5.7,774ec0b9da094a62,2024-01-10
74e371b98c800cc0,b1f6aff0c1a0b989,phone,cancellation,13.0,resolved,1.1,c5c4ea45c9fa7128,2024-05-17
9d939715770168ce,65b92ffea23cd778,app,billing,0.6,resolved,5.1,1a74383a109cb319,2024-08-18
53d4f384a4b5c9f3,4587b25745585a05,app,upgrade,0.9,resolved,7.4,7c89d0af87939122,2024-06-11
f051a1fe60a32783,8a7bd3275b901b34,app,general,4.8,escalated,8.9,c5c4ea45c9fa7128,2024-03-11
4a4d7af65d953308,cb145f30d0513f9d,phone,cancellation,2.2,escalated,9.5,3c4fd57ee2769348,2024-10-28
520dade7ef0f4d2a,cc1a5cbbfe5d08a3,app,billing,1.5,escalated,1.1,1fa6b70d2a59204a,2024-05-17
90b2fa0d630695c4,fc7409b846103218,phone,upgrade,1.0,resolved,5.9,bac5f7879d67307f,2024-11-30
7cd2660fb064b6b7,f042952598001d4d,app,cancellation,2.9,resolved,1.8,b6e6bbe380a4ecfa,2024-06-22
2239e4cbb26d6f73,66e2c13454481652,branch,billing,1.5,unresolved,2.7,f390a7f3d461cad8,2024-05-19
084cdc02d6acbb9e,84a767726dc564b9,email,billing,8.3,escalated,8.8,cac0551db5e3f05d,2024-06-21
317937b742cd59ec,2858814fb98eb39b,chat,cancellation,4.1,escalated,10.0,fb850b9cfc684926,2024-05-31
c7b3355289096326,d3e937a4fe997e9c,branch,complaint,3.4,resolved,1.1,6454d581c167ce15,2024-09-27
2f1c4f1c0880a1c6,a4390b8020481075,chat,cancellation,3.1,resolved,8.8,06ca84ca3e4fe39c,2024-04-17
7b54bfa690e36622,a97be0a50ea38d7b,email,billing,1.0,resolved,1.5,5b7627488b739561,2024-05-04
1df14dfe21fd56b8,3889f99d1d1b1c92,email,upgrade,9.5,resolved,1.9,1fa6b70d2a59204a,2024-03-21
a23694efa6472f47,009d36e0c5c629be,chat,general,4.6,resolved,7.0,06ca84ca3e4fe39c,2024-08-17
800e87bef80ab231,8dbd3dcbcede2453,chat,cancellation,0.4,resolved,8.0,f058f69146fde5a4,2024-12-30
70711f52baed7915,58fe4ef80ba65ab8,email,billing,1.5,escalated,4.4,2cd0bba07e3f4cdf,2024-10-06
1f32559422258424,148f5e94748afbcf,branch,upgrade,8.6,escalated,2.3,2cd0bba07e3f4cdf,2024-02-22
998e157ee4728e41,478afcd83d763d72,phone,technical,6.0,resolved,3.1,bac5f7879d67307f,2024-04-03
ea4211fef0a81657,070840efbc93df0d,email,technical,2.9,escalated,3.0,3c4fd57ee2769348,2024-08-18
e4481783277f087a,5c84c467820b3240,email,billing,1.4,resolved,4.3,1c39c989cc2a171c,2024-05-04
2774fb8cddb9da64,8ed82341e506bba1,email,general,1.5,resolved,2.7,399b6a1f1b2a5ad4,2024-07-13
6db60ad3ab86835a,781a084a4e5ce34e,email,billing,0.6,resolved,6.7,c5c4ea45c9fa7128,2024-06-04
cb0c54fe7c8a3138,a4f313d7c6e5b805,branch,cancellation,5.9,escalated,7.8,1a74383a109cb319,2024-03-21
60bae34dc4f17392,6a168ae298a97d31,branch,technical,5.0,resolved,7.1,5e638881d60146cc,2024-02-09
42de4b0106945645,148f5e94748afbcf,chat,technical,3.3,resolved,7.7,0addca0233b2a77d,2024-07-08
54974ab11f6ae647,f6ccf81852a818b6,chat,billing,8.9,escalated,8.9,2305400ca286a6be,2024-04-23
9ae1bc6cdbaf7f45,cca7ef7141361fdf,branch,upgrade,0.4,unresolved,2.7,ec398133ae662ffd,2024-09-17
c25b77f213c5cd92,207fe588bb4392c5,app,complaint,1.6,resolved,5.2,3370822d9a67b2b4,2024-06-12
95c2cc61e9840c07,3ca7c76a3216d1e2,chat,general,4.5,unresolved,7.0,6454d581c167ce15,2024-11-15
8781e502d9f9b135,7f08e90a594767b7,app,billing,7.5,resolved,2.0,56de770f703fbd3c,2024-02-22
e88ba23acee4c0b7,9138a33ef327e1ff,email,billing,2.2,resolved,9.4,dad25bdc2eb28efc,2024-04-27
38af5a7a90d69043,3a34da158180a2b2,phone,complaint,0.8,resolved,6.2,3370822d9a67b2b4,2024-01-21
a72e8adefaa7928c,564c3c628e93587c,branch,upgrade,4.4,resolved,1.4,4cc9a85ce7df38b6,2024-06-01
6a8f8ee4c3cabfee,64bab06fd0cb6187,branch,technical,1.6,resolved,8.6,2cd0bba07e3f4cdf,2024-03-26
2654280649016dbb,4ae94faa21f10177,app,technical,0.3,resolved,7.8,d120a5423d6b9809,2024-04-20
b7ee8501b6db61f1,dfb2d8eaac985697,app,upgrade,12.0,resolved,1.5,f058f69146fde5a4,2024-03-16
11484e7d4738beef,a2e84703fc42e1ed,email,general,0.8,unresolved,5.3,8f76ee50d48b6eb3,2024-04-03
3ad912d547a5aef4,876b001890d3aca4,branch,upgrade,13.9,unresolved,7.8,ec398133ae662ffd,2024-01-14
05ef2653f934f9fd,aa03c6e4e5791767,phone,general,5.5,unresolved,2.5,544a618267704438,2024-06-10
d938b582128dafa6,411fd7c0b7f9a803,chat,billing,1.1,unresolved,2.9,1fa6b70d2a59204a,2024-09-16
5ae349fd43386fec,f2caa0becd2c7c50,chat,complaint,11.0,resolved,3.6,f058f69146fde5a4,2024-03-29
43e10165097d5d9d,7baf6c5fef6c48a2,email,technical,1.5,unresolved,7.8,fedc2b2956802007,2024-09-04
26118aa2c08988d2,d386115847af95a5,chat,cancellation,4.8,resolved,3.4,fb850b9cfc684926,2024-05-02
b6c43bf2d957066f,9d25b2247e76feda,chat,technical,10.8,resolved,5.3,dfec25d33cc2bf76,2024-08-16
6788b157f80fbd61,1383c0e777d7e42a,chat,general,17.3,resolved,7.1,b42c3b95cba63112,2024-10-31
6f4eb9a2ef83ea3e,3248a73959fbd3f3,app,cancellation,7.9,resolved,2.2,c5c4ea45c9fa7128,2024-11-20
748e45368a5b74f4,3ecd8c40e835c185,phone,complaint,5.0,resolved,7.9,8168c84b4d453f19,2024-12-23
8593d1f5185da228,2bc450148c28b47a,phone,billing,0.8,resolved,5.5,b7dff30912eb0039,2024-10-01
bb927e43f2c22817,23e537df4abbfd88,branch,complaint,3.3,resolved,2.1,c7c7ef357b5ecde0,2024-08-10
e9f323745b7e12f6,e92882f97b592e42,app,billing,0.7,escalated,8.2,56de770f703fbd3c,2024-04-08
5d4f2e4742445914,912105a7208a1ea3,app,complaint,2.9,resolved,2.7,b6e6bbe380a4ecfa,2024-11-30
69ea7e4539ff28dc,80bcb8bfbd90af5c,branch,technical,0.3,resolved,5.9,adeaddf287e0ac93,2024-08-26
e563e80bf9b3fb01,254969382f22011a,email,upgrade,5.0,resolved,9.6,32bd638578fd7f8f,2024-12-11
3dc70c167d9d64e6,a186648bf6fd0472,app,billing,9.8,resolved,8.1,1c39c989cc2a171c,2024-10-12
90517a3670b47304,1a2082882718940b,phone,upgrade,4.2,unresolved,5.4,b6e6bbe380a4ecfa,2024-03-11
81c3999a268120ae,c281620ecc16e8ea,chat,technical,2.0,resolved,9.1,c423299841bcd116,2024-05-06
00219ccf517aaa82,3c67301ba053ad47,branch,general,1.1,escalated,9.3,ec398133ae662ffd,2024-03-10
d33e6cd4c3f7ea24,1a2082882718940b,branch,complaint,0.5,resolved,8.8,b6e6bbe380a4ecfa,2024-04-10
e19e8170ad8b41c3,26ca3d0df8ed600d,chat,billing,1.0,resolved,1.8,b42c3b95cba63112,2024-12-22
2a7d718822b8d23d,430d5e560fc5effe,app,cancellation,8.5,resolved,5.1,dad25bdc2eb28efc,2024-05-11
911f3bd5efbc8b13,5c84c467820b3240,email,upgrade,0.6,unresolved,4.6,0823317874a6b052,2024-07-17
6c221724f70351e3,8fb1e2b799a1e70e,email,complaint,2.3,resolved,6.8,06ca84ca3e4fe39c,2024-05-07
e8d6252081893974,37f3b479dac1617b,phone,complaint,7.8,resolved,7.8,06ca84ca3e4fe39c,2024-02-11
c3fc83840407a584,3b04333b896699f3,email,billing,5.5,unresolved,1.5,ddf170a476086c6f,2024-04-20
8ef83531056f912f,e9eb878f95923e75,email,general,2.4,resolved,9.6,8168c84b4d453f19,2024-05-24
deec52dba85a5dd1,8920b5e6cbd13faa,phone,complaint,2.2,unresolved,4.1,f390a7f3d461cad8,2024-02-16
6a45f61c24bd5e64,15a29e232365fe42,app,cancellation,3.0,escalated,7.2,06ca84ca3e4fe39c,2024-02-21
781359014fe84484,a4fac714a2933aff,phone,general,22.7,resolved,4.8,f390a7f3d461cad8,2024-03-12
ce04a8a95d3a4ffd,ce52540e7c6e8d1c,branch,billing,10.8,resolved,5.1,82fe407f64b38d82,2024-02-06
1ac1af34c5d601de,833572166df65733,branch,upgrade,3.0,unresolved,7.8,c7c7ef357b5ecde0,2024-06-04
55b926fdc13009d4,d55ad22d8e638147,phone,technical,1.5,resolved,9.9,dad25bdc2eb28efc,2024-07-09
aa704ef8d8ed4b54,83202fd60562511d,branch,billing,2.0,unresolved,7.2,dfec25d33cc2bf76,2024-07-21
4bd76d6454317ba7,a80add72462cd85f,email,billing,1.9,unresolved,8.2,32bd638578fd7f8f,2024-05-08
ef952cc3a7762fa9,97b20d27eeac7dcf,phone,general,4.9,resolved,2.9,f058f69146fde5a4,2024-08-09
464543e46ce8f685,70a47eb6dcfc057c,app,upgrade,1.4,resolved,4.9,dfec25d33cc2bf76,2024-07-04
463e334540d69aca,2aa6d7b211ac3c1c,chat,upgrade,0.8,resolved,4.6,cfa1407a0ddbe71e,2024-09-24
6ad316b19728ac8d,9cca632d144505eb,phone,complaint,9.1,unresolved,2.0,c423299841bcd116,2024-02-25
5673543516f5f8be,21dc0452e33bdfe1,phone,upgrade,3.8,resolved,1.9,fedc2b2956802007,2024-09-01
ce945d99a638b799,e94a724da12595f8,email,technical,5.4,unresolved,6.3,d62a03403b96385d,2024-01-17
e468c8a1cf1b92ae,470265a8c14c52e0,branch,cancellation,0.8,resolved,7.3,cac0551db5e3f05d,2024-09-03
454ccb802e64cf88,f6b58d54c79a7cd6,phone,technical,4.8,unresolved,2.5,56de770f703fbd3c,2024-10-06
4277a88ac777fb2a,9d6b41bf80784c2d,phone,technical,0.7,unresolved,9.8,399b6a1f1b2a5ad4,2024-08-30
59e13e046b68c927,3dafdba89e78ae73,email,technical,5.3,unresolved,1.2,0823317874a6b052,2024-07-21
fab93721bd664fd4,cc721155c46c346a,email,billing,9.4,escalated,6.8,c5c4ea45c9fa7128,2024-12-06
4d40667ba4d72053,8c1114da6e55d308,phone,cancellation,0.2,resolved,2.8,ee08771c9d0f0715,2024-08-29
46a2a54ef28e6101,ff5d652884662995,chat,general,7.9,resolved,4.5,f390a7f3d461cad8,2024-12-12
06b9d4a6c14a8632,39154da45e2b9586,branch,complaint,3.1,resolved,1.5,fedc2b2956802007,2024-06-10
eb7439188f6674b9,c8212eddae834ce8,email,technical,4.9,resolved,2.8,ee08771c9d0f0715,2024-07-02
2fa86987426ea6c7,1bcfd5947f39426e,app,upgrade,2.7,resolved,2.3,32bd638578fd7f8f,2024-09-04
652b7b5e6d8ad337,f7c3852fce1b8ff5,phone,general,10.4,resolved,7.6,6454d581c167ce15,2024-05-02
8cccfc27c534c57b,aa70cf27e477cd4e,branch,billing,21.4,resolved,6.0,b42c3b95cba63112,2024-08-02
16adf669a5d9e56e,7d3b0e86e95f0ad8,email,complaint,1.8,escalated,6.1,05793679970dfe83,2024-11-23
c33ab80d33cc6705,05994ecc6b269fd8,app,upgrade,1.5,resolved,5.0,2cd0bba07e3f4cdf,2024-10-16
813c343243941b6a,7a7c8d4f2020eaf9,branch,billing,6.2,resolved,2.7,ee08771c9d0f0715,2024-07-13
157408027fe96280,465c21f02308e1c6,email,billing,1.7,resolved,3.7,774ec0b9da094a62,2024-10-03
3cc39545556cf260,220587bd50b23c82,branch,upgrade,6.5,unresolved,2.0,fedc2b2956802007,2024-08-15
f429cd035f732466,5b528c377e06dea8,branch,billing,2.6,resolved,2.7,774ec0b9da094a62,2024-09-18
0d7cce35302a7d23,e66d521b716e3bfc,chat,complaint,9.3,unresolved,8.6,b4b0a9df62e6341e,2024-04-18
fde546294e7b0c7f,81300e96b360deb4,chat,billing,0.7,resolved,9.1,bac5f7879d67307f,2024-07-01
37f426155d3a5af9,48373bfa03a95bc5,email,technical,1.0,escalated,3.8,cfa1407a0ddbe71e,2024-09-28
49c538ec95b19f9a,20d0575d08c7416f,phone,cancellation,10.8,escalated,7.4,3c4fd57ee2769348,2024-04-20
53360bbcdb05a531,42c4eabba3c0309b,phone,billing,3.4,resolved,7.9,fedc2b2956802007,2024-06-02
bfbe5047efd4e4ae,8ed82341e506bba1,phone,general,10.1,resolved,6.6,ee08771c9d0f0715,2024-03-12
c47b4952c9cf3c1a,759c7bc81a6567b8,email,general,4.0,resolved,9.1,ec398133ae662ffd,2024-01-30
4f3e5e60657f8435,2bc450148c28b47a,email,upgrade,1.3,resolved,5.2,cac0551db5e3f05d,2024-12-08
f6f5abf62fa278d6,84ccf3119a3a106d,email,technical,3.6,resolved,7.5,bac5f7879d67307f,2024-06-04
8f291f01ffe6a2f4,9a5ccc82ae06bb65,email,upgrade,1.1,resolved,2.2,b4b0a9df62e6341e,2024-01-27
f77cd0e3c3149db4,2a2d3abde32ffed3,branch,complaint,6.1,unresolved,1.5,fb850b9cfc684926,2024-01-20
feff253992fbaf04,5c03a23a3401daf8,branch,upgrade,11.7,escalated,10.0,fb850b9cfc684926,2024-07-10
b8669c8693f72bcf,0fe90c42e16ec1ac,chat,technical,8.1,resolved,4.3,ddf170a476086c6f,2024-03-19
63d339dfc49f08f0,a7847bb3573d03ed,email,upgrade,0.1,escalated,7.6,399b6a1f1b2a5ad4,2024-09-30
a812973195c9cb0d,8c725f3e249643b8,email,cancellation,1.0,unresolved,4.5,dad25bdc2eb28efc,2024-11-20
9e486f0a9cb274fb,d504b2be039b67e9,chat,complaint,4.8,resolved,2.6,d62a03403b96385d,2024-10-27
2fc6b634c0f398e5,dad9aab4c746f6c5,branch,billing,3.2,unresolved,2.6,af4f3115ae880ef1,2024-11-15
54de22bc61099fd3,aefe81416a2fabaf,app,upgrade,1.4,unresolved,7.4,56de770f703fbd3c,2024-11-20
ef9e618a2c928ee6,174082e445371ba1,branch,complaint,3.2,resolved,5.0,1a74383a109cb319,2024-12-20
4104bbdffee12530,63b8194152c1fb98,app,upgrade,9.6,resolved,4.1,b7dff30912eb0039,2024-11-14
672ca23b68c58569,262d379b1a935bf1,phone,general,1.1,resolved,4.6,b6e6bbe380a4ecfa,2024-11-25
84613b73493f72a1,27bfaa358cd59a75,chat,technical,3.7,resolved,4.1,1a74383a109cb319,2024-05-06
bef7c2f0f84744f5,cc637b3172221795,branch,complaint,4.1,resolved,1.4,7c89d0af87939122,2024-06-22
7a6e8e1e7708bbe5,a83327220e8416d4,app,complaint,0.9,resolved,4.9,d62a03403b96385d,2024-10-19
81a2fe95155899ea,9160299cf45a5954,branch,billing,1.7,resolved,6.2,6454d581c167ce15,2024-07-21
849d2a72d7b767e4,5fa82ac52c1823ed,chat,technical,20.4,resolved,9.7,cac0551db5e3f05d,2024-06-17
72d06d20ae6efd78,fec6726221782e14,email,billing,24.2,resolved,2.7,2305400ca286a6be,2024-10-08
d79b2dcd0d561fc0,3bb87dfe7d08315a,phone,technical,2.5,resolved,6.4,f390a7f3d461cad8,2024-06-14
54760eb428e89a61,7ec26dd45a2ecad7,email,cancellation,3.3,unresolved,5.8,b7dff30912eb0039,2024-09-03
de6459da736ec625,d0244b2e899ab6bc,app,technical,21.8,unresolved,5.7,64b696c958ad6331,2024-03-04
065687bb94450cce,7dca056d1b851684,phone,billing,6.3,resolved,8.8,0addca0233b2a77d,2024-04-22
82ced2609635e656,5c55f95768bc1eb0,chat,complaint,5.0,unresolved,9.6,7c89d0af87939122,2024-10-31
b1cdaecd2934407c,d1bcbf944b97b4cc,branch,general,3.9,unresolved,8.5,5e638881d60146cc,2024-01-10
650d71ee54121867,461896e94fb5a53d,app,cancellation,5.4,resolved,9.1,609f4a1d006cc5d0,2024-01-31
07ea6ab23908e139,a482af252c6703ed,app,billing,0.3,resolved,3.1,06ca84ca3e4fe39c,2024-02-26
6f48d3127038e7b4,3ca7c76a3216d1e2,branch,cancellation,11.7,resolved,6.9,1fa6b70d2a59204a,2024-01-05
050aa08d367ae669,5c55f95768bc1eb0,app,billing,0.3,resolved,5.7,2cd0bba07e3f4cdf,2024-12-07
4e41d1d6c24ac032,ebba17080438114d,chat,complaint,6.1,resolved,7.9,c423299841bcd116,2024-05-24
d8bca30de9f37902,7f4335560a6a3524,branch,cancellation,2.4,unresolved,9.8,b6e6bbe380a4ecfa,2024-11-13
0cc5f5e2d58e429c,97353626cda41f54,email,billing,3.4,resolved,5.9,1a74383a109cb319,2024-11-18
107e6bf27a7ab80c,2cc5ecdf62ff6e89,app,upgrade,10.1,resolved,7.5,f390a7f3d461cad8,2024-06-04
1adf5d5ecf95db25,dc04c42ebfeda16c,branch,billing,2.7,resolved,5.4,1fa6b70d2a59204a,2024-07-06
4b3e88c82f8d7663,36d6a41bcef939ab,phone,upgrade,0.6,resolved,9.3,6454d581c167ce15,2024-10-31
b8857ed6729bb9f3,bfde2e0db1f91226,branch,complaint,0.0,resolved,7.4,f058f69146fde5a4,2024-02-11
dc7ec33e6aeef428,a5f460d647889564,email,complaint,3.6,resolved,3.5,3370822d9a67b2b4,2024-01-21
df5ce31bc4ef4574,7bae829bc27e6ff4,chat,general,1.4,resolved,2.9,0823317874a6b052,2024-03-27
90d39db42d603fe1,cc1a5cbbfe5d08a3,email,technical,7.1,resolved,6.0,3370822d9a67b2b4,2024-02-16
576571f1baebf81b,0c98212079c46664,branch,general,1.9,resolved,6.3,b7dff30912eb0039,2024-01-27
5b1b1f3232308aae,9030765f9f6a676b,phone,general,13.5,unresolved,9.5,adeaddf287e0ac93,2024-09-19
b58e197afaeacb00,dfa892259253e955,phone,billing,8.4,resolved,8.7,2305400ca286a6be,2024-12-26
6f6d4ac38e4246bc,ff107396f163c985,branch,general,3.5,resolved,7.3,8168c84b4d453f19,2024-10-20
b8b1d2586675691f,379706e13cf85e7f,email,technical,7.2,resolved,7.8,dad25bdc2eb28efc,2024-01-23
7b2fe51a82ece2f1,9c7ccf173ddb81cf,chat,upgrade,8.8,resolved,8.3,f390a7f3d461cad8,2024-05-14
d8d78ffe54362851,60ec1ac35556f58d,chat,complaint,1.0,resolved,4.7,399b6a1f1b2a5ad4,2024-10-07
71e57297d75de692,39063b88013afa8a,email,complaint,10.2,escalated,6.4,c423299841bcd116,2024-02-04
1f6d5c23b7ce124a,e0ff36e4a2450b1a,phone,general,0.1,escalated,4.4,c7c7ef357b5ecde0,2024-10-21
24b4e2d030f91718,3a34da158180a2b2,branch,upgrade,0.0,resolved,7.7,1a74383a109cb319,2024-11-18
d5a03529535d1350,abed2df131af0962,email,upgrade,4.9,resolved,8.7,b4b0a9df62e6341e,2024-08-26
d65fb84365c5a52a,985b4d44da64c8ed,chat,complaint,7.8,resolved,4.3,05793679970dfe83,2024-06-29
50ccd9370c8e2678,79f31847f0a1fb1e,email,general,13.4,unresolved,2.4,adeaddf287e0ac93,2024-05-23
16d1084832205481,1b944f8ec429e26f,branch,cancellation,12.5,resolved,7.7,0addca0233b2a77d,2024-10-24
f9a8063cfd1ea375,93921f68ad668471,email,technical,6.1,resolved,9.5,3c4fd57ee2769348,2024-04-05
d11f8834b7f7e5fa,72849230b2f67e32,email,technical,5.9,unresolved,9.3,05793679970dfe83,2024-05-28
5a5a4a0b3c648410,06a4d89404253d9e,email,complaint,19.2,unresolved,3.1,5b7627488b739561,2024-11-03
4dcb24fd5ca4abd4,6e4f134425053dd5,phone,technical,6.4,escalated,8.8,dfec25d33cc2bf76,2024-09-02
3863465aaac2e776,5972430fab4f2beb,chat,technical,1.6,resolved,9.8,b42c3b95cba63112,2024-07-23
388212d130d4abcf,9422e52706549680,chat,technical,1.0,resolved,6.0,544a618267704438,2024-05-24
8683356a232a6373,97aef52e361eff46,app,technical,0.1,resolved,6.5,dad25bdc2eb28efc,2024-10-10
fdb3c87637fe3b35,32693de0c6c167a7,email,complaint,6.3,resolved,4.1,7c89d0af87939122,2024-05-19
98ac8a5d38d95d74,0312fa2a05021b8f,app,technical,7.4,resolved,5.5,d120a5423d6b9809,2024-05-15
732807040e08623c,5bd4c9e5956de746,phone,general,2.5,resolved,4.9,cac0551db5e3f05d,2024-02-28
9465661dff592a57,8ca025aa63ad7f19,branch,cancellation,1.6,resolved,3.1,bac5f7879d67307f,2024-08-19
20a108c7634f4f98,58fe4ef80ba65ab8,phone,general,1.7,resolved,9.1,ee08771c9d0f0715,2024-01-23
7a7132fde3775d4c,5aea0f8418c788e7,email,billing,22.2,resolved,4.0,399b6a1f1b2a5ad4,2024-07-12
da27c39fa439cb89,174082e445371ba1,chat,technical,8.6,unresolved,6.8,399b6a1f1b2a5ad4,2024-08-19
8d135f38891ffcec,a4fac714a2933aff,branch,technical,2.5,resolved,6.3,b4b0a9df62e6341e,2024-11-10
9d618a95aeecd98d,5a928ed4234138f0,branch,technical,7.3,resolved,7.9,7c89d0af87939122,2024-07-10
e97e3b4a0d2cb678,5d596698634b376f,branch,complaint,2.8,resolved,5.1,c7c7ef357b5ecde0,2024-11-18
6dcbaf50f08b05f2,a6e44b308296a3d0,chat,general,10.5,resolved,7.8,8168c84b4d453f19,2024-07-19
ff8c43da910ec471,50d6200e599a11a6,app,complaint,15.6,resolved,1.5,1c39c989cc2a171c,2024-05-07
80711421992d5b61,a2d85430341b11eb,chat,technical,0.5,resolved,9.4,56de770f703fbd3c,2024-07-24
10b8716e4858ca6d,d133b4740ead06a0,app,billing,8.6,unresolved,1.3,06ca84ca3e4fe39c,2024-01-08
ab822139e44cf8ad,a4f313d7c6e5b805,phone,upgrade,7.9,unresolved,8.9,d120a5423d6b9809,2024-01-21
8eaab29e1f221b39,61b8edd0c82a20ae,phone,complaint,4.8,resolved,2.5,cfa1407a0ddbe71e,2024-02-02
62d4be7c6cc1b05b,a265fd09e4a67210,phone,general,0.4,resolved,6.2,bac5f7879d67307f,2024-04-28
4c92c8f2086f850d,8166de5cde53c8ee,chat,billing,8.2,resolved,1.9,3c4fd57ee2769348,2024-07-16
8e35bbff519ad5c5,487acc9ed4a526be,app,billing,7.6,unresolved,4.9,dad25bdc2eb28efc,2024-12-20
1f0855fcccc7077a,289fad8aadc0b5a7,phone,billing,2.9,unresolved,4.4,1c39c989cc2a171c,2024-03-16
9ba4f7add334d162,a4747a10707f24f1,chat,billing,1.7,resolved,9.1,f058f69146fde5a4,2024-11-20
6709efde3046b86b,5eb10f0cd7a891d2,email,general,1.6,resolved,9.4,fedc2b2956802007,2024-07-10
caa7d3ecc0c82365,d95707c4e6e87efd,app,cancellation,0.5,unresolved,2.6,cac0551db5e3f05d,2024-11-03
7c5155510c3e96f6,c8bd83145603e477,email,technical,24.4,resolved,7.2,d120a5423d6b9809,2024-07-07
a7a2b54cfacb84c8,0fcdd235f2ddae38,email,general,11.8,resolved,1.9,5b7627488b739561,2024-12-27
3f9ef87295fb6b32,6664780cf8339f06,phone,complaint,2.6,resolved,5.3,1fa6b70d2a59204a,2024-12-07
3cf58dfcc1cdf017,ebba17080438114d,phone,complaint,7.2,resolved,2.4,5e638881d60146cc,2024-03-07
b766078091a2d669,4d6951c1297e4c67,phone,cancellation,7.7,resolved,1.1,05793679970dfe83,2024-07-17
a5ad97ade84648b2,83202fd60562511d,chat,technical,0.3,resolved,9.2,2cd0bba07e3f4cdf,2024-10-04
38d7a3b0f49e8472,70e5fb5880e41b74,branch,upgrade,1.1,unresolved,5.2,ddf170a476086c6f,2024-11-20
807095be80f989f1,d627159aece184f2,branch,general,1.9,unresolved,5.3,c423299841bcd116,2024-12-09
8e20b10d9ee9abff,3ecd8c40e835c185,app,complaint,4.0,resolved,8.6,bac5f7879d67307f,2024-02-16
e2174fc4046d8f59,0144e4b8227cbf3f,app,billing,3.0,escalated,5.2,d62a03403b96385d,2024-07-26
1a123d0409bd9c4b,cf5b8dacc43023aa,branch,technical,2.3,resolved,5.1,7c89d0af87939122,2024-05-26
84cab84d99062161,525cbd86c4dd39e9,branch,cancellation,1.5,resolved,8.2,609f4a1d006cc5d0,2024-11-10
ccd834e50767b198,4a64fe624ae06538,branch,billing,3.7,resolved,8.1,399b6a1f1b2a5ad4,2024-11-01
0f763a826e023a76,93e0c9c1ec54aeae,email,billing,5.1,resolved,1.8,cfa1407a0ddbe71e,2024-10-23
831a78be8393e9a3,ed76426daca5391c,app,upgrade,1.1,resolved,8.5,82fe407f64b38d82,2024-12-25
7480734db1ce1f8a,7f53cb886f1e2ff1,email,cancellation,2.4,resolved,7.0,ee08771c9d0f0715,2024-04-30
65839f234d4a9dca,38918cd5b3bd7fba,app,general,1.1,resolved,4.4,fb850b9cfc684926,2024-07-07
d29296447218b99b,0d0033838b14a9bf,phone,general,1.2,unresolved,9.8,05793679970dfe83,2024-11-09
c553e2ad48ce1486,d3654c09e096b5bd,app,complaint,3.6,resolved,4.4,af4f3115ae880ef1,2024-11-12
e4753e9c3889e166,533bbbafa1feecc9,branch,technical,6.9,resolved,9.8,64b696c958ad6331,2024-10-18
61acec305e819358,abed2df131af0962,app,complaint,7.3,escalated,6.3,d120a5423d6b9809,2024-03-24
322238a63aec66aa,267e625565404acc,chat,billing,1.5,escalated,1.9,8f76ee50d48b6eb3,2024-03-31
270ece15f56f6f02,68a650ac8fd9caa6,email,technical,29.0,unresolved,3.5,2305400ca286a6be,2024-05-18
01f3179dcf028d87,32d234c08535ba67,email,billing,9.3,unresolved,7.8,ee08771c9d0f0715,2024-03-04
6223f034ee8402a9,9a3d64fb99829a96,chat,cancellation,4.4,unresolved,4.6,2cd0bba07e3f4cdf,2024-10-20
4c971fc96b0a484a,f8229df896de7e70,email,upgrade,0.5,resolved,2.7,5e638881d60146cc,2024-05-02
f3c7fc88aa0a1ab1,24035e5fa3060bd4,phone,complaint,1.2,resolved,9.5,609f4a1d006cc5d0,2024-10-23
d11b1634b002745f,165af6b8bc77c4ce,app,upgrade,14.0,resolved,5.3,b7dff30912eb0039,2024-09-04
7b5e5f9825a752f4,dc04c42ebfeda16c,branch,general,10.4,resolved,4.9,8168c84b4d453f19,2024-08-02
c48f2dc56dadebf0,24876d5b2e6b42f2,phone,cancellation,5.9,resolved,7.6,fedc2b2956802007,2024-01-04
b0c33c2d4999428b,f1a71cf26fe20f2b,app,upgrade,4.6,resolved,3.4,399b6a1f1b2a5ad4,2024-02-04
aadff83d5d4e2f57,4a178282c5ca18d1,chat,upgrade,2.6,resolved,4.7,d62a03403b96385d,2024-02-14
29031852c2f33d6e,ed4a16cea68d7e1f,chat,billing,0.4,unresolved,3.5,c7c7ef357b5ecde0,2024-12-10
c8b490582190f1da,f6b58d54c79a7cd6,app,general,3.8,unresolved,6.3,2305400ca286a6be,2024-08-16
b9a4a7d70ce46dda,e2c7515469a1306d,chat,billing,0.3,resolved,1.3,1fa6b70d2a59204a,2024-01-02
4e4a21818465f8ab,d504b2be039b67e9,phone,general,22.3,resolved,5.3,fb850b9cfc684926,2024-01-23
c1e0bf1dc59bc023,d11d9804ea41b9cb,phone,technical,9.1,resolved,4.2,dad25bdc2eb28efc,2024-07-06
39b5e040d9542e3e,a09cd46d515e3168,phone,technical,19.6,escalated,2.1,c423299841bcd116,2024-03-09
229c02a9f6cf686b,7477e882990d2bcf,branch,cancellation,0.2,unresolved,1.2,fb850b9cfc684926,2024-11-20
e067e4f25d2cf39f,9346d0d6814428d4,phone,general,5.8,resolved,9.3,cfa1407a0ddbe71e,2024-11-02
103a8131c0ff490e,3efc9e32d7f15ec4,phone,cancellation,2.0,unresolved,7.9,774ec0b9da094a62,2024-09-08
733b94c7b304b242,c0d2834a28f7d955,email,general,1.2,resolved,1.1,774ec0b9da094a62,2024-06-25
e830cfa6f555755c,51bae5d5e6eb1e84,phone,cancellation,3.6,unresolved,3.8,b6e6bbe380a4ecfa,2024-06-17
c51f63aaad8d8b44,238a336ea811dc5f,app,general,2.3,resolved,10.0,6454d581c167ce15,2024-09-04
7aa055c2f345eda6,461896e94fb5a53d,email,cancellation,7.5,resolved,5.1,6454d581c167ce15,2024-02-19
b3fd6d51047b1a4a,12f047c9e326e9ad,branch,general,11.3,resolved,4.9,5b7627488b739561,2024-09-22
627cb777483dd4b9,d5b91e64f71dcc83,phone,technical,0.1,resolved,3.4,ddf170a476086c6f,2024-06-08
257e90aa42dfa7a6,5a412311b1b38c82,branch,upgrade,13.4,unresolved,2.2,0addca0233b2a77d,2024-06-05
9c95ad0540897d37,cd00dc8810df1048,chat,general,10.3,resolved,7.1,dfec25d33cc2bf76,2024-09-01
91525e20ecd5202a,3d1981c5ee371d67,app,billing,10.6,unresolved,3.6,b7dff30912eb0039,2024-12-19
45c267c5b3f581a7,06f74147682dd6f5,app,cancellation,8.8,resolved,5.9,2305400ca286a6be,2024-08-14
f3ad59d9e5e2d184,fd1289ab928cde5d,email,billing,2.1,resolved,5.5,774ec0b9da094a62,2024-11-29
9b483c0d710a3906,64bab06fd0cb6187,chat,billing,1.4,unresolved,8.0,fb850b9cfc684926,2024-09-23
3b2c95217e17f26a,fae0b351876a2aca,chat,upgrade,1.0,unresolved,9.9,c423299841bcd116,2024-10-14
6eeb9fedab0ec2cd,89f7acc482b0f4c5,chat,general,1.1,resolved,3.7,f390a7f3d461cad8,2024-11-18
3c302828926fe5bf,411fd7c0b7f9a803,branch,general,24.1,unresolved,4.3,c423299841bcd116,2024-04-29
c6d99b2b33a4f3e2,32be5eb671304318,chat,complaint,1.1,resolved,5.7,c5c4ea45c9fa7128,2024-04-03
3100c734baf8a194,fe5695a30da60bbd,phone,technical,4.0,unresolved,3.2,cfa1407a0ddbe71e,2024-01-03
f4530ea55be6fe2e,13db5c474160f6cc,chat,upgrade,1.0,resolved,4.5,dad25bdc2eb28efc,2024-06-25
5559287c5e2438b6,959c15d7aeddff50,chat,general,9.0,resolved,6.4,f058f69146fde5a4,2024-08-07
06310e5a894c7c29,898b90d5e7d15ebc,email,general,2.0,resolved,7.2,64b696c958ad6331,2024-03-09
65da5b97cb45d7f0,796eb45bf61bbdbb,phone,upgrade,2.1,unresolved,9.1,82fe407f64b38d82,2024-02-24
d47f17b3e4292f34,5c10d75c21d92252,chat,billing,7.3,resolved,9.0,544a618267704438,2024-03-06
a719575bfff41bb1,1316e2a487ca2390,phone,technical,2.8,resolved,1.1,f058f69146fde5a4,2024-08-28
c67a82355d899e61,f33e73bdea47d5d7,phone,cancellation,7.9,resolved,4.2,64b696c958ad6331,2024-05-21
8e7877c0bb2145f3,a8167c6a875a70a9,app,upgrade,2.2,resolved,10.0,5b7627488b739561,2024-03-22
a9aba5f0aa440dfb,65a9cbb4b5328719,phone,billing,5.4,unresolved,2.9,6454d581c167ce15,2024-11-05
99bb7782c5064996,def76f599c8e96a7,chat,complaint,4.3,resolved,4.3,1a74383a109cb319,2024-02-17
9128f8a0ec28a4ba,66240ca8805f0c13,chat,cancellation,3.6,resolved,4.6,5e638881d60146cc,2024-01-10
7c48f36106c004da,f431ecb7711615b0,app,cancellation,5.0,resolved,3.5,774ec0b9da094a62,2024-10-11
4d8adad74742d77c,fcfa4a64ddbcd24d,phone,billing,0.2,resolved,2.8,6454d581c167ce15,2024-01-30
f66716fd0d3795a0,285ea4ca8c35e49e,phone,cancellation,5.7,resolved,6.5,c423299841bcd116,2024-10-01
02d4908ba8872bd1,3c988be854d19cf7,app,technical,11.9,resolved,7.7,4cc9a85ce7df38b6,2024-04-09
8dfd2fe89ea8d1ae,f3949495d1d258f1,phone,technical,2.3,unresolved,4.5,2305400ca286a6be,2024-03-18
75adefbeae3a5627,24035e5fa3060bd4,branch,technical,0.6,unresolved,2.4,3c4fd57ee2769348,2024-10-30
a33674adb643b5d6,0ef584decd975f31,app,complaint,4.2,unresolved,6.9,3370822d9a67b2b4,2024-03-05
0a33c4eb37ee9a8b,40c70ea52c9c36e1,branch,billing,5.4,resolved,2.4,c7c7ef357b5ecde0,2024-04-03
47b31edc91b102bd,1a7e0a3bed5c2d81,email,billing,8.0,resolved,9.4,32bd638578fd7f8f,2024-08-23
8f0e432815d5f317,21dc0452e33bdfe1,branch,cancellation,6.4,resolved,6.1,32bd638578fd7f8f,2024-07-03
4ccd38f7153cc076,f2caa0becd2c7c50,chat,cancellation,0.9,unresolved,3.4,2cd0bba07e3f4cdf,2024-07-01
7afb3b36490c8c53,6e4f134425053dd5,email,upgrade,2.5,resolved,6.2,b7dff30912eb0039,2024-10-05
01a77c26e0691dca,a6bd5c48718d9b02,branch,general,0.6,escalated,4.0,64b696c958ad6331,2024-10-14
acb1e75a8afbc0d2,94c152bdf68cc6af,chat,complaint,0.7,resolved,9.2,adeaddf287e0ac93,2024-05-17
4898596bad185464,4762862489547fd2,app,cancellation,0.7,escalated,8.4,1a74383a109cb319,2024-02-11
df2bb3181b86f5cf,c960159cb291b2db,branch,technical,0.3,resolved,6.0,64b696c958ad6331,2024-06-02
7b77d86949d01104,81300e96b360deb4,branch,billing,5.5,resolved,2.5,32bd638578fd7f8f,2024-07-27
88da48b97005b94a,c35c0ec39826d510,email,complaint,0.4,resolved,8.0,d120a5423d6b9809,2024-08-11
a5c9df0d647b2382,87dc8c4342f67013,email,technical,2.0,resolved,4.3,c76eb8bd11bd6115,2024-12-02
8ad1413d0d3cc459,60ec1ac35556f58d,app,upgrade,16.8,resolved,3.1,ddf170a476086c6f,2024-10-10
399d9fb35b547b6b,d89bfd5e918e6684,phone,complaint,5.9,resolved,9.3,399b6a1f1b2a5ad4,2024-06-26
8778a8dcf135d1f2,48729bba3c509acb,phone,cancellation,2.3,escalated,7.3,ddf170a476086c6f,2024-10-11
75e238981c0c294d,e63445ba373e1c9e,app,cancellation,7.2,resolved,5.1,8f76ee50d48b6eb3,2024-05-02
2f5ba29e41cfb592,65a9cbb4b5328719,email,upgrade,22.9,resolved,4.1,7c89d0af87939122,2024-09-09
f450a17df48cddf8,2599d3f84b57199e,branch,upgrade,14.3,resolved,7.2,fedc2b2956802007,2024-09-02
dff9e72964283b00,3b9b7927f45a9da6,phone,cancellation,6.8,resolved,5.5,d120a5423d6b9809,2024-07-06
0aed201efb27d854,2599d3f84b57199e,phone,cancellation,6.2,resolved,5.2,06ca84ca3e4fe39c,2024-08-16
edf7d1ed03e67a5c,cfc633a0e42f4c7d,app,general,1.7,escalated,1.1,d62a03403b96385d,2024-08-27
857ce3f0b3a26db8,873fe2202b6bce0c,branch,cancellation,10.0,unresolved,6.9,dfec25d33cc2bf76,2024-07-02
77742a5dd98da449,ed76426daca5391c,phone,technical,9.8,escalated,7.0,ee08771c9d0f0715,2024-09-25
f008e31c82debc86,afe40b8a8f0f3d84,chat,technical,11.2,unresolved,7.7,f390a7f3d461cad8,2024-10-12
d3961a572789251d,a6e44b308296a3d0,phone,general,12.4,unresolved,1.5,8168c84b4d453f19,2024-11-17
144ca734329f525a,54e8dabed420478c,app,billing,2.1,resolved,4.8,cac0551db5e3f05d,2024-04-13
2073f51d25d4335c,60ec1ac35556f58d,email,general,0.1,unresolved,2.9,fb850b9cfc684926,2024-01-06
4fe09148a84a6fd1,0469899baa19afb3,chat,billing,4.0,unresolved,4.0,774ec0b9da094a62,2024-11-23
1f94946d7c3d03b3,0c98212079c46664,chat,general,1.9,resolved,5.7,b42c3b95cba63112,2024-08-29
fd37e193f90a4983,601c7b8334f16768,branch,technical,3.5,resolved,4.8,64b696c958ad6331,2024-11-09
8d56d66eb4d18f6a,4b5612a18aca755d,branch,general,6.3,unresolved,7.9,0addca0233b2a77d,2024-05-29
a0a74185c415e9e8,19046af20719a933,branch,upgrade,1.4,unresolved,1.7,b4b0a9df62e6341e,2024-11-24
abee0020cf571e95,692810cfefcfecae,app,cancellation,10.4,resolved,7.4,dad25bdc2eb28efc,2024-01-28
1498f4f639a35918,c366faef9cbfbfd6,phone,upgrade,7.3,resolved,3.2,64b696c958ad6331,2024-09-11
1efb1c7d9db1925e,efd0f0ed55635551,phone,cancellation,2.5,escalated,10.0,f390a7f3d461cad8,2024-04-13
d91f1549bc98bfbe,513c2e73b6e607e2,phone,complaint,7.0,resolved,7.4,399b6a1f1b2a5ad4,2024-11-25
3d270c947e0b43db,d627159aece184f2,phone,technical,5.2,resolved,9.8,3c4fd57ee2769348,2024-02-04
6c55ce9f82432c44,4ef34e24367ad7d4,app,cancellation,6.5,unresolved,3.3,c7c7ef357b5ecde0,2024-08-19
3a1ad93b4b65aa64,e3d44afee8442cdd,email,complaint,2.2,resolved,3.8,2305400ca286a6be,2024-11-08
e93224b70eace787,c70667064ebd7fff,chat,cancellation,11.9,resolved,1.5,64b696c958ad6331,2024-12-26
b809b09978e82b6d,4d6eb45fd05d56fd,chat,cancellation,2.3,escalated,8.8,d120a5423d6b9809,2024-12-05
c1afc0ea23d07c29,3bb87dfe7d08315a,phone,billing,4.1,unresolved,6.0,2cd0bba07e3f4cdf,2024-06-28
730f3c3ae3fdd1f5,719634f087c58b78,app,complaint,4.9,resolved,5.9,1fa6b70d2a59204a,2024-07-20
6bf0d6db519e91e5,cc1a5cbbfe5d08a3,branch,upgrade,7.4,resolved,4.8,ddf170a476086c6f,2024-09-21
bc1d2169a40cf407,2589298c9144818b,email,billing,0.8,unresolved,5.9,c423299841bcd116,2024-04-08
66bcecc3056dded1,8ec955a8557fc25e,branch,technical,7.2,resolved,3.7,ee08771c9d0f0715,2024-08-17
67b6982f9ad99f3b,e2c7515469a1306d,email,cancellation,1.9,resolved,9.1,82fe407f64b38d82,2024-10-28
521c33fd01a10229,c0d2834a28f7d955,phone,upgrade,2.4,resolved,6.8,ec398133ae662ffd,2024-09-09
9cb72cc0d8663660,f566318da79ba3a2,chat,technical,8.2,resolved,1.6,ddf170a476086c6f,2024-02-20
32333d9fee17499c,3e042f9b7a6568c1,phone,general,4.2,resolved,9.6,fedc2b2956802007,2024-11-21
2bbf5f6ae2b95e64,21d14a120ca4e518,phone,technical,5.1,unresolved,6.8,609f4a1d006cc5d0,2024-05-25
ce5c08c1833f9e86,9ea3c99ef5cf605a,chat,cancellation,0.2,escalated,4.6,06ca84ca3e4fe39c,2024-04-26
2fd5311081168cb0,639fffe8f52ba3ca,phone,technical,9.5,escalated,2.6,dad25bdc2eb28efc,2024-10-13
7485acccb1e493ee,c0d2834a28f7d955,app,complaint,6.4,resolved,3.1,56de770f703fbd3c,2024-05-11
c652b010d0fb755d,87a48f2a1473fa26,phone,billing,8.5,resolved,2.2,8f76ee50d48b6eb3,2024-11-22
eb2815ac9ffc37e3,9ea3c99ef5cf605a,chat,billing,5.7,resolved,8.6,2305400ca286a6be,2024-02-23
0dd1209607d9018d,58ff24853040e0ab,app,billing,0.3,resolved,8.9,adeaddf287e0ac93,2024-06-25
f5e6b419437f0936,edb39a7fbdf3edaa,phone,upgrade,1.3,unresolved,9.6,0addca0233b2a77d,2024-04-18
d0e9a0c8645c3804,50d6200e599a11a6,email,technical,5.1,resolved,4.3,ec398133ae662ffd,2024-11-03
b3849172bda65fe7,207fe588bb4392c5,phone,billing,4.7,resolved,1.4,1a74383a109cb319,2024-01-28
834cff7ff0b0bb00,890b4fd5337e8ae0,email,technical,7.6,resolved,3.3,bac5f7879d67307f,2024-02-05
85d663efd258bdac,5c84c467820b3240,email,cancellation,7.3,unresolved,2.9,544a618267704438,2024-01-04
f5b5c6c5dd97b1d0,6a168ae298a97d31,email,cancellation,11.5,escalated,8.0,0addca0233b2a77d,2024-11-18
47186cf734be8bbc,51567c4b4d22a582,email,general,4.9,resolved,8.5,2305400ca286a6be,2024-06-10
7dfadf8515d031f0,d8a42796049f954e,branch,cancellation,2.5,resolved,2.5,544a618267704438,2024-04-15
ac206c8298ead94e,ac0d58c6f453e585,chat,cancellation,0.6,resolved,4.9,06ca84ca3e4fe39c,2024-09-20
cd0b21fcb910962d,cfc24bfff76187ec,email,complaint,1.2,unresolved,5.4,0addca0233b2a77d,2024-04-22
80da4e47ecd187ab,f61e060c86948745,phone,cancellation,4.0,unresolved,8.3,64b696c958ad6331,2024-02-20
ba7aab5e0f246322,bd246b4341e55fef,chat,upgrade,0.7,escalated,3.1,f058f69146fde5a4,2024-11-12
425d8a211d2e3781,e6f577c090d9035b,branch,billing,4.5,resolved,1.2,adeaddf287e0ac93,2024-01-22
460f5e7623565704,5c10d75c21d92252,app,billing,2.5,resolved,2.9,b7dff30912eb0039,2024-06-12
b5df49f404278107,7c7af75cffc2d2e2,app,billing,0.1,resolved,8.9,fedc2b2956802007,2024-08-31
3c94d7cef1393c7f,141beb494b8b7b27,email,billing,6.6,resolved,7.9,7c89d0af87939122,2024-05-03
efed73b442977c06,99606e9a057b6340,phone,general,20.2,unresolved,6.4,b6e6bbe380a4ecfa,2024-07-26
7d08c85443a72dfb,82c0794d896302f7,chat,complaint,3.6,resolved,6.3,399b6a1f1b2a5ad4,2024-09-22
f73f25945469d4b2,15dd59d98f96fd43,email,complaint,5.1,resolved,3.5,b4b0a9df62e6341e,2024-08-28
ceff1e1862246b86,76c5701c80ac9f13,email,billing,1.4,resolved,6.4,b7dff30912eb0039,2024-04-20
f18c21f80d6de187,13ddef20378fc798,email,general,0.6,resolved,6.4,ee08771c9d0f0715,2024-01-31
d68806efe5de9482,47b414bee807800f,app,complaint,7.2,unresolved,3.4,2305400ca286a6be,2024-07-27
0e47fabd722fc9e2,ccd42e485671dcd6,chat,cancellation,5.0,resolved,2.2,5e638881d60146cc,2024-03-09
678d4b20c4a78696,05fcfd677ff4a2aa,email,technical,0.3,resolved,8.9,adeaddf287e0ac93,2024-06-27
4f9fbb673dd51dc1,60bf64ac291e0e1d,chat,complaint,2.3,resolved,1.8,ddf170a476086c6f,2024-07-07
94e8c3b94ec519be,c50eda8600c290eb,email,general,13.2,unresolved,4.3,cfa1407a0ddbe71e,2024-08-20
124ff6935e634e75,430d5e560fc5effe,app,cancellation,8.5,resolved,5.9,ec398133ae662ffd,2024-01-04
2587b55ebbd60d71,7d5e2b48e263f4d1,chat,billing,3.7,resolved,9.5,fedc2b2956802007,2024-02-04
e6c991e724708052,79f31847f0a1fb1e,chat,cancellation,3.4,unresolved,8.6,8168c84b4d453f19,2024-07-05
455094b39c8a3da7,c883193555c4b7ec,phone,complaint,1.4,resolved,5.6,adeaddf287e0ac93,2024-11-09
e6b59a14dc2349bd,390be1c29d49d018,chat,general,2.7,resolved,1.9,8f76ee50d48b6eb3,2024-07-27
d352d6fcfaea974d,2f99b0d07788b0a1,phone,complaint,3.2,resolved,3.7,ee08771c9d0f0715,2024-02-18
9b45d0b230c6c520,9e04230ae86651f3,phone,complaint,16.3,unresolved,6.4,3c4fd57ee2769348,2024-11-11
c30ebee218b728f8,ed4a16cea68d7e1f,email,upgrade,3.2,escalated,9.2,0addca0233b2a77d,2024-09-15
69ba7e07ecd3224c,2c0e7544e635fc12,branch,cancellation,9.3,resolved,5.5,c76eb8bd11bd6115,2024-03-01
bda5e2b74f522879,1a7e0a3bed5c2d81,email,general,0.3,resolved,1.9,b4b0a9df62e6341e,2024-08-01
39a03b26bb35a3a8,32b732435b773ec8,chat,technical,1.6,resolved,4.9,1c39c989cc2a171c,2024-04-20
14ca520a69481bd3,7f55f073111f191a,phone,technical,4.6,resolved,5.3,b6e6bbe380a4ecfa,2024-02-08
80ef5785446adcd9,0d440c2adf3f05cc,app,complaint,1.7,resolved,6.2,399b6a1f1b2a5ad4,2024-04-13
d22e702cc3f59b23,ccebc0d1a8068733,app,upgrade,1.8,resolved,4.1,c7c7ef357b5ecde0,2024-03-12
8262fecb34284913,1b944f8ec429e26f,phone,upgrade,9.9,resolved,7.8,fedc2b2956802007,2024-12-15
21a1dfeb9704cbeb,87665a30c225f102,email,complaint,9.7,resolved,6.5,b42c3b95cba63112,2024-08-25
0334532b97d35027,89e3a36ad922f12c,phone,cancellation,2.8,unresolved,7.6,1fa6b70d2a59204a,2024-02-28
ec7aa4b30f619676,bfde2e0db1f91226,email,complaint,0.4,resolved,1.5,5b7627488b739561,2024-05-17
9109aa30065ada70,f4e1e3e2c455372c,chat,upgrade,0.8,unresolved,8.4,ee08771c9d0f0715,2024-06-22
5147e0160ffcdbdd,cc721155c46c346a,branch,upgrade,0.5,resolved,10.0,1a74383a109cb319,2024-06-28
b92b3d879c3e9381,009d36e0c5c629be,phone,technical,2.4,unresolved,3.2,cac0551db5e3f05d,2024-02-21
353eb35c470d8f12,2449bfe37a9e012a,branch,complaint,5.7,unresolved,9.0,3c4fd57ee2769348,2024-11-17
8f1708a17278f602,515cff74d51e2c28,branch,general,0.9,resolved,3.6,4cc9a85ce7df38b6,2024-01-17
4c3dc82177cfcbf6,4e2019446be70d5a,email,complaint,0.9,resolved,9.6,7c89d0af87939122,2024-07-11
4eb0d84cf4f46c5b,5f315e5c16f4d768,branch,cancellation,10.6,unresolved,5.6,cac0551db5e3f05d,2024-07-18
f5aef81a45e961bf,070840efbc93df0d,app,billing,1.6,resolved,6.7,cfa1407a0ddbe71e,2024-04-16
9342f12362b667f2,407b37d85e83dd32,email,cancellation,6.5,escalated,7.9,b7dff30912eb0039,2024-08-08
d46158b392aeff0c,19046af20719a933,app,upgrade,13.2,resolved,8.4,fedc2b2956802007,2024-06-10
