transaction_id,customer_token,transaction_amount_eur,transaction_type,channel,hour_of_day,day_of_week,country_code,is_foreign_country,transactions_last_24h,is_anomaly,transaction_date
58f51b4f2d5ccab8,d370bf88bb1fed68,136.3,purchase,api,21,2,AT,False,20,0,2024-06-06
06c989aa3b666ebd,cf6a24668294f154,313.6,payment,atm,8,0,DE,True,12,0,2024-11-19
4ca65520b9f48c97,cc3e28643aee16ef,62.39,payment,mobile,12,6,DE,False,10,0,2024-04-05
918669461c740689,22a8ddf01d9d2df3,374.03,purchase,branch,9,3,AT,False,16,0,2024-09-28
9a3869b64b22f49a,5f45a4b8ebe17768,47.78,transfer,api,22,4,DE,False,8,0,2024-03-09
7834850755c61b5f,5722d73095abd727,190.28,withdrawal,web,9,5,DE,False,9,0,2024-04-20
283eebdb7d13a86b,5d57564f1c1f0033,23.85,refund,atm,22,0,DE,False,4,0,2024-02-16
efe932c4dd74b82b,448e54f978934d2e,199.89,purchase,web,17,0,DE,False,18,0,2024-12-13
6870b8fd709b88bc,149396c4c5912808,88.44,withdrawal,mobile,1,3,CH,False,30,0,2024-11-09
ad15d763f66623e4,77e0b6a5284edb40,93.84,withdrawal,branch,3,3,US,False,24,0,2024-09-25
f98f6a88bafe6c38,124941d12cb83091,422.1,withdrawal,branch,3,4,DE,False,29,1,2024-12-18
76b12687d5fa80b5,6278347022e40fe1,35.1,purchase,atm,23,2,CH,False,30,0,2024-07-31
b15e29d0b5b03bdb,b622fd7faab4e0fc,35.43,withdrawal,mobile,1,0,DE,False,3,0,2024-11-23
8469891d8671c7c9,a2fa5f5fb5b6d810,107.05,withdrawal,mobile,7,3,DE,False,0,0,2024-07-27
b0dd541c45d1deed,651c548260d1130f,7.79,transfer,api,19,4,DE,False,8,0,2024-08-02
effb410f7d89adfa,fedfe36dcf07da5a,1508.24,withdrawal,mobile,16,4,DE,False,26,0,2024-01-11
f80df6d227136662,f8229df896de7e70,198.07,purchase,branch,13,6,AT,False,3,0,2024-03-06
bab81ae7457afa0e,1383c0e777d7e42a,33.03,refund,web,0,3,DE,False,10,0,2024-04-18
bcce1155d0bcf945,09151ed2d74d2e19,41.77,payment,branch,16,4,DE,False,15,0,2024-09-05
8cfad4353d0a022f,3d9d6ee6fa361a6d,412.32,transfer,api,6,4,CH,False,30,0,2024-05-03
d6a45d7780554878,9743d8af544024c4,99.84,transfer,atm,9,1,DE,False,17,0,2024-09-27
bc9671154e38d3ff,b08621aaed58ed30,70.69,withdrawal,api,23,0,DE,False,14,0,2024-01-10
8964a0d13cb5fdb1,7f53cb886f1e2ff1,346.11,refund,api,22,0,CH,False,5,0,2024-08-19
554fad634efb6124,d133b4740ead06a0,110.45,refund,api,19,5,DE,False,25,0,2024-12-02
20ad142d1268cbc2,371ff7cf2e7b362f,600.59,refund,branch,2,4,DE,False,11,0,2024-11-22
9aae8398836db6cb,72849230b2f67e32,106.26,refund,web,9,0,AT,False,18,0,2024-04-09
c43e58607cc6c896,e63445ba373e1c9e,39.41,transfer,mobile,9,6,DE,False,12,0,2024-01-29
27531912a04cb705,cf6a24668294f154,116.46,refund,branch,4,3,DE,False,13,0,2024-01-16
5207f192fd6db2dd,27e36276d98cabee,55.91,withdrawal,api,23,1,DE,False,21,0,2024-07-04
5518896405e98cf3,84a767726dc564b9,2265.65,withdrawal,web,11,3,CH,False,4,0,2024-10-16
1ccb558bee685987,ea76132d9f572ff4,78.28,transfer,branch,18,6,DE,False,13,0,2024-02-17
221a0df7eb15cc07,a20770f994d8bc93,114.89,withdrawal,branch,20,0,FR,False,17,0,2024-08-06
621821fcdc96c7e2,cfd4f236ea9babb7,277.7,transfer,mobile,16,2,DE,False,24,0,2024-04-08
5aa07ef0a78ec219,bbbdc5bdd5d4f50a,31.63,transfer,api,9,6,DE,False,1,0,2024-03-25
b28c268d84a97d25,e91b18a6870ac128,183.14,refund,branch,12,0,US,False,24,0,2024-04-13
226f828701ea535f,47e9e5a660861f66,30.92,refund,atm,0,0,FR,False,1,0,2024-05-22
2498cb709106434c,a278a47b25db6b97,30.48,withdrawal,web,14,3,AT,False,16,0,2024-10-25
9f087ae1280ff0b8,e4f05966f5065ee4,73.83,transfer,web,23,2,DE,False,0,0,2024-08-13
7fc958e65608e129,a93aa7dace01d135,125.71,payment,branch,4,5,DE,False,21,0,2024-03-11
dbcb6f9268f20835,27bfaa358cd59a75,243.84,purchase,branch,1,1,DE,False,2,0,2024-05-14
314409696942e4cd,3cdd1af24469afca,57.73,refund,atm,2,1,DE,False,2,0,2024-06-09
d22ce67de5f9f781,7be3f805babdce8a,153.52,withdrawal,branch,3,3,DE,False,0,0,2024-03-25
4751e4a40b5d118b,8920b5e6cbd13faa,11.41,payment,branch,3,1,AT,False,16,0,2024-06-11
4aa41e77ca311670,409ac406fa85dadc,77.76,withdrawal,branch,3,1,DE,False,21,0,2024-06-06
384dea4373709373,141beb494b8b7b27,180.43,transfer,api,10,0,DE,False,16,0,2024-02-18
9496f40ffb878525,d588d79aa4e13ad0,45.5,withdrawal,web,12,3,DE,False,28,0,2024-09-12
c03c67f1f9f02091,abed2df131af0962,124.58,payment,web,5,5,DE,False,26,0,2024-04-03
1d6c6dfba1d71ca8,0a5211e92314f9b4,128.68,purchase,mobile,18,4,DE,False,25,0,2024-11-06
c1fc4326b0ba55af,52978548f0059668,34.66,transfer,api,7,0,CH,False,21,0,2024-07-28
9cec5ee53fbd3f22,8a7bd3275b901b34,41.36,purchase,web,15,6,AT,False,20,0,2024-12-14
4afcf612915e9fde,a80add72462cd85f,579.92,payment,branch,15,1,FR,False,25,0,2024-01-08
fa5069b0e95d1e11,6a623adabb546f28,215.49,transfer,web,21,6,DE,False,11,0,2024-03-22
3229f62e45e42d7a,74aea4f110f27179,71.5,payment,api,20,6,FR,False,18,0,2024-10-17
a2e05a69d0b44acc,a83327220e8416d4,747.26,refund,atm,7,3,DE,False,25,0,2024-01-09
0fbbc880fdca15bc,74f2f68548b3b883,21.71,payment,api,22,5,DE,False,13,0,2024-11-02
cdce15db518fb399,32b732435b773ec8,200.31,withdrawal,mobile,9,4,DE,False,16,0,2024-02-03
622d59db03a7993f,97b20d27eeac7dcf,24.26,refund,api,14,6,AT,True,20,0,2024-07-01
c2bf5cd288c25fe2,12e63a843a011c35,64.58,transfer,api,21,1,DE,False,8,0,2024-02-09
44029593c313d354,f2136377229fb6df,207.8,purchase,branch,19,4,DE,False,27,0,2024-08-11
dbac4657d690a15a,5f45a4b8ebe17768,86.75,transfer,atm,16,4,DE,False,1,0,2024-09-29
7ccb60f74eb73ba7,9a95dfb5a96b3ab2,228.21,transfer,atm,1,5,DE,True,28,0,2024-07-18
a5cfcce36f727973,fcfa4a64ddbcd24d,181.55,purchase,api,1,0,DE,False,28,0,2024-06-24
b78d26a4aeaf630c,a482af252c6703ed,63.76,refund,branch,14,4,DE,False,26,0,2024-05-30
a8a36eef532f15ad,33027c5d86ee9f67,195.94,transfer,api,23,4,CH,False,26,0,2024-04-09
76ecda6ab12211dd,216e516e33710669,349.24,transfer,atm,2,5,DE,False,17,0,2024-09-04
fe08fe69730e927e,4e0d9e14e02c2a34,329.56,transfer,api,5,3,FR,False,22,0,2024-09-28
720b6f977376467a,9160299cf45a5954,226.0,transfer,api,3,4,AT,False,0,0,2024-09-07
235f70865e9ea7a5,72fcea085bcfb91a,40.63,refund,atm,0,4,DE,False,21,0,2024-05-13
04aa2063340a1d7c,24deac2b448e263c,716.44,refund,api,2,6,DE,False,15,0,2024-04-11
7a1d13e8a830202f,65a9cbb4b5328719,251.84,transfer,atm,1,0,CH,False,9,0,2024-05-30
0c694caa55604f45,19283f997756204e,41.17,transfer,atm,19,1,CH,False,27,0,2024-02-19
14509f67f025ed86,a1afea0794aed73b,273.97,withdrawal,web,0,4,DE,False,22,0,2024-02-25
5435b6cd6afd420b,d627159aece184f2,20.47,purchase,branch,19,4,FR,False,18,0,2024-10-14
f92927e7465ee73d,f1a71cf26fe20f2b,333.7,purchase,web,8,2,DE,False,16,0,2024-06-27
e97e45a01a571442,a4747a10707f24f1,40.28,withdrawal,api,13,3,DE,False,24,0,2024-07-31
1e6a17358eacce42,031a84fdde5154dc,280.16,withdrawal,atm,5,1,DE,False,10,0,2024-12-08
18c3db17559546fa,d6b0aeb2a47ebd4f,102.4,refund,branch,11,6,CH,False,26,0,2024-04-01
80415065017a0d83,513c87b51b9ca1fc,277.16,withdrawal,web,4,6,DE,True,4,0,2024-07-09
70b9513417c8aab0,89e3a36ad922f12c,18.57,transfer,web,7,1,DE,False,26,0,2024-06-15
e2e1fe5606848c95,0396573038648b4c,55.99,withdrawal,atm,15,0,DE,False,13,0,2024-04-03
68f2ec192ccce565,95c371cdc09012db,27.64,refund,api,19,3,DE,False,22,0,2024-09-12
fb91f63b6381e1de,f2136377229fb6df,31.87,purchase,atm,20,3,DE,True,11,0,2024-12-26
313005e18969e761,350d9ea9aab807a6,302.48,payment,api,6,6,CH,False,25,0,2024-03-09
d36bd39b66bbd905,f3949495d1d258f1,198.84,refund,mobile,20,0,DE,False,1,0,2024-01-05
ff0163fdd9fc2690,39154da45e2b9586,29.43,withdrawal,branch,5,1,AT,False,0,0,2024-08-29
a3dfcf1a0c6328db,fc66fb484f6ff20a,93.89,purchase,mobile,5,2,DE,False,23,0,2024-10-14
6029fa06679189e2,3c988be854d19cf7,51.51,transfer,api,1,2,DE,False,26,0,2024-12-08
4df9bfc6be018dc6,a186648bf6fd0472,34.73,refund,mobile,23,0,DE,False,5,0,2024-03-02
48ba5fce5c0fe958,2aa6d7b211ac3c1c,84.05,transfer,mobile,14,6,AT,False,18,0,2024-04-05
eb18ea7431bc6121,cca7ef7141361fdf,41.45,refund,api,6,5,DE,False,3,0,2024-06-16
b63f30e2f2f5dc93,75d65b878316d8b6,36.36,transfer,mobile,5,2,DE,False,7,0,2024-10-03
fcb3a4b035a9ee02,ddec1d52a8577332,52.1,purchase,branch,7,1,CH,False,30,1,2024-06-19
71907e8967300dbf,bd9181189c0df7c0,534.34,purchase,api,22,5,DE,False,19,0,2024-10-25
1266d846490af2d1,2e6964ef01637f02,77.71,withdrawal,mobile,21,4,DE,False,15,0,2024-04-19
cf17e89892247e26,7f6ec6efeb9e17fd,939.51,transfer,api,17,4,DE,False,25,0,2024-02-20
ae3b30b44d3e0bb4,63686e65207e190f,245.01,payment,api,6,1,DE,True,24,0,2024-11-06
05c9de047137e1be,297073f7a7ee6b4f,97.28,refund,branch,11,5,DE,False,22,0,2024-12-07
41affc4fb578503a,63b8194152c1fb98,61.27,refund,branch,1,6,CH,False,26,0,2024-04-13
1025da5cd150f0f8,445cbc8cafc91178,46.78,purchase,web,18,6,AT,False,14,0,2024-03-24
1ed7566d7e3ec335,e63445ba373e1c9e,10.03,payment,web,4,5,DE,False,23,0,2024-06-27
dcc9e4c34d2eeb08,0ef584decd975f31,22.08,purchase,atm,20,6,AT,False,19,0,2024-01-03
c3762ecbe971d8f6,ef5f35f62ea79582,64.85,transfer,api,15,0,DE,False,12,0,2024-03-18
2c5be1e253dff405,63d18335b39fbaff,36.44,payment,branch,13,3,AT,False,3,0,2024-12-10
d052e3cd87022121,7ab91c2ae7549b3b,25.01,payment,mobile,5,0,DE,False,14,0,2024-06-24
37b73b746ea3fc86,c2ae9458e7377ef2,259.98,purchase,mobile,6,4,AT,False,9,0,2024-08-08
a91305554fa0e78c,de4ae09d9f2d9531,43.73,transfer,branch,20,5,CH,False,3,0,2024-05-24
1008e367d1eafc00,a98b26f89fb60041,28.52,refund,branch,20,4,DE,False,0,0,2024-06-16
844b39532c50527c,63686e65207e190f,32.79,transfer,web,18,1,AT,False,30,0,2024-07-13
87dea2d746cd3650,aa03c6e4e5791767,111.78,refund,branch,0,6,DE,False,3,0,2024-04-07
fd4b8913db950c25,3d9d6ee6fa361a6d,658.15,refund,atm,12,2,AT,False,27,1,2024-02-08
9117c4335c16e09b,04591516c0cb3ee1,162.71,transfer,branch,1,3,DE,False,15,0,2024-09-10
6b8f2cb47cc6efd3,6edd14d4d87db171,9.42,payment,branch,23,5,US,False,27,0,2024-07-30
0882854877130609,66240ca8805f0c13,288.68,payment,atm,10,2,US,False,28,0,2024-11-24
bf9721be5a4566d7,ed4a16cea68d7e1f,12.47,withdrawal,web,7,0,DE,False,29,0,2024-09-11
f3da0ef3c81227ec,5e971feb22cb149b,960.59,withdrawal,branch,9,4,DE,False,21,0,2024-06-27
f121ac837c18e0da,ccebc0d1a8068733,5.32,transfer,atm,15,6,DE,False,8,0,2024-01-02
bb803932670c4176,101cbc670c03679a,33.79,purchase,api,7,0,DE,False,30,0,2024-03-23
2eb2de15182e6010,796eb45bf61bbdbb,96.89,refund,web,23,5,DE,False,18,1,2024-02-25
c6a8ce66d231de6a,4aac019c2c5db85b,63.77,payment,mobile,16,0,DE,False,1,0,2024-04-27
4596947401597587,d5b91e64f71dcc83,296.78,refund,atm,15,2,DE,False,3,0,2024-01-13
84a2438f0a47c917,445cbc8cafc91178,106.04,refund,api,21,2,DE,False,19,0,2024-01-16
5115b3b69c6a4372,478afcd83d763d72,13.68,transfer,api,12,1,CH,False,14,0,2024-08-11
9eebeae3b9c0082b,aa70cf27e477cd4e,26.09,payment,atm,18,0,DE,False,22,0,2024-01-10
ae9ea5f0e0ead2c2,016ff9d51a4486dc,26.03,purchase,branch,3,2,US,False,0,0,2024-02-29
487d24336568e465,bd246b4341e55fef,72.79,purchase,web,8,0,DE,False,18,0,2024-10-09
e0b40893e3a88ba1,cd00dc8810df1048,407.39,withdrawal,api,0,2,DE,False,2,0,2024-03-29
aa4e38e0c5271f1a,39063b88013afa8a,24.86,payment,api,9,5,CH,False,29,0,2024-11-06
a59fb906a4b2a3cb,5a4f09026b5bd8b5,131.67,refund,branch,21,0,CH,False,17,0,2024-02-22
45a1aa1a71854726,79f31847f0a1fb1e,22.08,payment,branch,15,4,DE,False,5,0,2024-08-11
9ba6865f8cf089e7,1ef74de24738db7d,13.29,refund,api,19,2,DE,False,19,0,2024-01-08
fb6077b20df88b04,875c96b52ad634b5,26.81,transfer,web,6,3,DE,False,28,0,2024-03-28
8c839ee578046750,40c70ea52c9c36e1,11.0,payment,atm,3,6,FR,False,30,0,2024-02-12
0b6d4302f6ffe2b3,90aea48fe5e82c00,36.53,refund,api,16,4,DE,False,18,0,2024-03-16
eb5aaba632378527,333346881cc05374,110.65,withdrawal,api,0,6,CH,False,17,0,2024-05-13
0ec5871d794d0699,9743d8af544024c4,98.11,payment,branch,11,4,DE,False,18,0,2024-09-16
03babd19974b2fed,a2fd300705d48a59,79.06,transfer,web,0,2,DE,False,10,0,2024-02-17
09613ef42f514cc6,25a2fefaa45a6219,68.75,refund,branch,2,6,DE,False,5,0,2024-09-12
f08a5c3b603f7458,046fa5773922c5d8,220.27,transfer,api,21,3,DE,False,14,0,2024-07-19
269a212f4b546909,299b90f63d80b474,761.62,payment,atm,1,4,DE,False,8,0,2024-02-15
aecba96f0fb09f19,1f874be6a0cb1c90,108.62,purchase,web,15,4,DE,False,9,0,2024-12-19
499095f44ae8a340,4b486e2e8f378290,107.73,purchase,atm,3,6,FR,False,27,0,2024-12-09
76b105ae3b44ecda,1a13581cb12c0831,66.92,payment,api,13,5,DE,False,12,0,2024-05-07
2272b46d3a33ec2e,30888b723f760fac,25.86,payment,atm,14,4,DE,False,0,0,2024-06-22
5c9236cd38c1b942,0a5211e92314f9b4,68.07,withdrawal,api,7,6,DE,False,17,0,2024-09-14
26a5bd522fa92e20,26ca3d0df8ed600d,185.29,transfer,atm,17,3,DE,False,19,0,2024-08-11
2ab56074516aee52,7edd7493d09fd63a,469.12,transfer,api,14,4,DE,False,19,0,2024-02-15
13cfc0a0c1be292a,0a3a13a712776e78,127.06,transfer,branch,3,1,DE,False,28,1,2024-04-05
e8ce76344e7c3dd8,f2caa0becd2c7c50,25.54,refund,api,3,3,DE,False,0,0,2024-07-03
63d6b578f1856436,fb35e6d2e1868891,88.92,refund,web,13,2,DE,False,22,0,2024-01-15
975f422d8cbd4a67,129fe03886f1f5d5,113.46,payment,branch,23,3,CH,False,2,0,2024-03-05
a5f098b365a59df2,8a21706ad64d5905,30.7,refund,web,17,4,US,False,27,0,2024-10-09
27fbbb7b55b5ac11,ef33a9a3135f3db9,33.9,payment,mobile,10,4,DE,False,12,0,2024-10-06
5cc839cbc401a69b,e1918468b5de668e,151.32,transfer,api,12,5,DE,False,29,0,2024-10-17
ea78acd7996b071c,3ecd8c40e835c185,1660.29,withdrawal,atm,18,2,US,False,1,0,2024-11-10
f9cccd48c2fefb66,bc5b3d83c4f94cac,375.59,payment,branch,11,1,DE,False,22,0,2024-02-28
463b90668a81aa28,2709c6d24922d50e,82.19,payment,mobile,19,4,AT,False,12,0,2024-06-09
23ada7f21c5b772a,f2caa0becd2c7c50,47.85,transfer,web,16,4,DE,False,1,0,2024-01-04
639f3a40669a4e26,fb31b871b8a3adab,194.85,withdrawal,api,18,2,DE,False,12,0,2024-12-15
017d1fbd614370a7,e52768c960a35996,617.25,purchase,branch,13,0,DE,False,5,1,2024-06-08
c6da2efb1dcebbe7,4762862489547fd2,70.29,purchase,atm,17,0,DE,False,9,0,2024-04-23
d1583b624ab3ca94,0fe90c42e16ec1ac,1760.44,payment,branch,4,1,CH,False,25,0,2024-07-14
72f80296849a7d49,a20770f994d8bc93,11.31,purchase,atm,22,2,DE,False,10,0,2024-06-26
79f83c813f694d0e,73782229d955b453,423.14,transfer,web,5,1,DE,False,25,0,2024-09-01
9090815a05ec016e,c71d88a3c296fdf2,143.71,transfer,atm,19,0,DE,False,5,0,2024-02-21
8e3afb50240ad6c1,c2dfeb5991158ea3,105.55,refund,api,20,3,US,True,28,0,2024-01-08
ef367e6d1556245e,310b642934f57b26,80.79,purchase,branch,22,3,US,False,27,0,2024-10-22
7e9c0f59d6f95b35,12c49e91ba41f800,307.09,payment,atm,14,1,US,False,8,0,2024-11-22
4838dc8d18a0d568,9a5ccc82ae06bb65,75.11,payment,mobile,1,1,DE,False,24,0,2024-06-24
9793ac96b7ccdf2d,66240ca8805f0c13,56.03,purchase,api,1,3,DE,False,20,0,2024-05-15
26ec060cac27a37c,9030765f9f6a676b,93.87,payment,api,22,6,DE,False,8,0,2024-05-17
b681924eba800fce,f7af4dc3737fd9e4,20.99,withdrawal,branch,10,5,DE,False,28,0,2024-03-12
ea8e1142ff1c374d,ba6854b5e65567f3,124.83,purchase,api,23,6,US,False,28,0,2024-04-15
ae90c2560d82ad47,0856888b48e8a7ac,233.71,transfer,branch,5,0,DE,False,17,0,2024-03-27
370db1f8e586ea8d,14e24b971303e94d,16.87,payment,api,1,6,CH,False,12,0,2024-01-22
ad758007214d341e,d133b4740ead06a0,34.27,payment,branch,19,6,US,False,17,0,2024-03-15
444b31f5b821cdac,a3bb335e7dd28a54,125.41,transfer,atm,0,0,CH,False,25,0,2024-02-23
4950f02f5a3dd7d1,ceabfd7dba2cdcee,70.29,refund,web,13,2,US,False,8,0,2024-07-03
e2253489a73a16b1,bd9181189c0df7c0,53.63,refund,mobile,17,2,DE,False,19,0,2024-12-26
a8ed747be845b11e,0312fa2a05021b8f,100.46,withdrawal,mobile,20,4,DE,False,30,0,2024-12-04
11c694297f2bc982,d133b4740ead06a0,382.94,purchase,api,16,4,AT,False,24,0,2024-02-01
81fdfc0c2efee969,20afa56bf367ac54,108.53,purchase,web,8,6,DE,False,12,0,2024-02-15
1db8ed2f92050986,8cfb46094b5f0108,290.85,purchase,atm,5,2,DE,False,17,0,2024-10-30
588084be27141644,692868edafe1ed22,36.3,refund,web,4,0,US,False,15,1,2024-03-21
779e519335ee9318,fb09b981a66b5455,243.33,transfer,api,16,0,AT,False,6,0,2024-03-03
88227ac2e95e213e,0dc17c506a1ce18f,59.45,payment,web,0,4,CH,False,27,0,2024-12-12
3255d4aa6f8a69a7,c8bd83145603e477,148.95,refund,web,9,1,DE,False,9,0,2024-04-30
f70185b6068064ae,52f2608f0fdfd28c,414.93,transfer,web,18,4,AT,False,8,0,2024-10-08
9f6fd5f265cd8746,1a13581cb12c0831,30.36,purchase,api,10,6,DE,False,0,0,2024-01-09
ac446484df05c014,e00949f19b733cdb,286.77,transfer,web,11,6,CH,False,30,0,2024-07-13
458de3d3d313caf1,52978548f0059668,251.81,payment,branch,13,5,DE,False,2,1,2024-11-27
15d892b27ad81b59,69ab54f2b5e0c129,305.59,payment,web,22,6,CH,False,9,1,2024-08-16
24c9ce1ec299a2ac,28c2b9d5a3056adf,49.26,refund,atm,19,3,DE,False,11,0,2024-04-09
eac8ceda46896d29,515cff74d51e2c28,73.17,refund,mobile,12,4,AT,False,12,0,2024-11-06
edddfea43ab123de,898b90d5e7d15ebc,311.85,refund,branch,17,4,DE,False,3,0,2024-12-15
09cc8d0e46388e8f,e9eb878f95923e75,339.5,payment,atm,0,2,CH,False,11,0,2024-02-09
51bc8cd3efb70428,ae7d9d97fe6e5f3d,77.44,refund,mobile,4,0,FR,False,28,0,2024-07-02
7c3758afbedde0ab,f148d5c44b2f2680,631.99,refund,api,5,3,DE,False,17,0,2024-10-19
38e53a7993e51fee,fec6726221782e14,224.78,refund,atm,3,3,DE,False,2,0,2024-03-11
638fe961899d390d,32693de0c6c167a7,31.46,payment,web,17,5,AT,False,4,0,2024-11-07
9606d1b0ef26549d,2abe76f47173a52a,2126.68,purchase,atm,5,1,DE,False,10,0,2024-02-08
8f370bddf9a3028d,692868edafe1ed22,184.59,transfer,web,17,2,DE,False,26,0,2024-06-12
61e5256743ebcc39,f9c769c2d2fa5c49,173.93,refund,mobile,4,6,CH,False,0,0,2024-01-10
4893b6ff22e4cec8,13db5c474160f6cc,150.66,purchase,mobile,22,2,DE,False,14,0,2024-03-10
7f1385fd156159d1,d386115847af95a5,347.31,transfer,api,5,4,DE,False,28,0,2024-01-03
4686dc32968291ff,8dc5d38069cca211,15.43,refund,mobile,5,5,DE,False,2,0,2024-08-02
1d77b83410c6dc92,bdce091f2454ef15,2.87,withdrawal,web,15,0,DE,False,17,0,2024-01-31
176a189774420bfc,ac0d58c6f453e585,25.59,payment,api,5,6,DE,False,26,0,2024-06-10
d6ad50f5125c3b33,33027c5d86ee9f67,49.8,payment,atm,7,6,CH,False,26,0,2024-04-12
b47e2ac74d5db86a,24035e5fa3060bd4,73.0,payment,web,15,2,FR,False,20,0,2024-09-15
07ac16e6bd55505b,2cf007913545eeb5,343.71,withdrawal,atm,7,6,DE,False,16,0,2024-10-30
7ebf0ceb3b33e40c,901cca668dced61d,274.83,purchase,atm,4,4,DE,False,24,0,2024-02-15
2a778fe84046c93b,84fab9f7a7dc984a,225.38,transfer,branch,6,6,DE,False,6,0,2024-02-06
a5be24be28215e91,b30511c26c4cf80e,44.89,refund,branch,7,5,DE,False,9,0,2024-07-03
a267dce76a74c11b,52978548f0059668,10.72,transfer,atm,4,3,DE,False,8,0,2024-08-10
ac1c8f35ee835a90,7b9f9dd5e6c6017e,224.67,refund,api,7,5,US,False,29,0,2024-04-09
5d90222fbf42e1b9,22727d17208d372b,55.09,transfer,branch,20,6,DE,False,17,0,2024-06-20
6e653f52965a22d0,8b531b21e41bc3a2,73.56,withdrawal,web,12,2,DE,False,2,0,2024-07-22
d9640c6f08ba042d,c50eda8600c290eb,42.92,payment,api,1,4,FR,False,10,0,2024-09-09
b251b3b62d435f7f,3fc3ba49c9dc124c,414.54,refund,web,7,0,US,False,14,0,2024-07-17
a20100bef7d1fc1c,9e04230ae86651f3,174.82,transfer,atm,9,5,FR,False,1,0,2024-03-31
e2ac798f74d86800,cc57238a136e920c,143.16,refund,atm,7,2,CH,False,22,0,2024-12-15
8e24ed4ba5a121e5,a2fbd00f815aca53,137.01,withdrawal,api,11,6,US,True,27,0,2024-12-24
4c6a093494f1e7f2,93bf1e687d737a40,23.13,withdrawal,mobile,23,1,FR,False,25,0,2024-12-17
50d0bfb4a1fe0fa3,a7847bb3573d03ed,23.31,refund,atm,1,3,DE,False,15,0,2024-08-14
10051384be54d9e6,624fa59c72776852,43.39,refund,api,1,2,AT,False,11,0,2024-04-28
6e5113e72b6f1dbd,114f7360cdf50a16,156.5,payment,branch,9,5,DE,False,24,0,2024-04-14
35e44a03d6fe0ac7,2f32543265ea675a,53.29,payment,mobile,13,0,DE,False,24,0,2024-02-06
2c4351181d3e166b,36ab2c1257ef07e9,31.01,payment,mobile,20,2,CH,False,5,0,2024-07-02
db06b25b65f60827,66e075ad1e08433b,182.65,withdrawal,api,10,1,DE,False,1,0,2024-09-06
0dab528b46d5a887,ae7d9d97fe6e5f3d,100.04,purchase,branch,15,2,DE,False,7,0,2024-09-13
4d64cf342d63f694,a3bb335e7dd28a54,142.24,transfer,mobile,18,6,DE,False,30,0,2024-04-25
af225370c40b6dbf,13ddef20378fc798,17.0,transfer,atm,10,0,DE,False,26,1,2024-09-09
ea216af40a653a23,2858814fb98eb39b,385.54,transfer,branch,5,2,DE,False,5,0,2024-11-17
95f548cebd78fd1a,e56433ed5346f95f,195.98,transfer,mobile,7,2,DE,False,0,0,2024-01-17
363f6dc28eef23e8,9138a33ef327e1ff,54.69,withdrawal,mobile,0,5,AT,False,29,0,2024-05-09
b2d2a9d093818dc5,0856888b48e8a7ac,25.0,purchase,mobile,4,4,FR,False,21,0,2024-08-21
185ecfaf73723cdb,40795a3e29c51480,44.51,transfer,web,5,4,AT,False,9,0,2024-01-24
942b209e5880aa4d,d504b2be039b67e9,307.41,transfer,web,22,1,DE,False,5,0,2024-08-24
b17c75caa6fb97e5,781a084a4e5ce34e,223.37,refund,web,5,1,DE,False,3,0,2024-11-07
c0bb547fd0e5b296,5c92fcc0db6d8ab7,128.23,refund,web,16,4,FR,False,21,0,2024-02-18
9d2d2a2775989462,238a336ea811dc5f,67.94,withdrawal,api,17,0,AT,False,18,0,2024-12-19
7306f48af7e0246f,1bcfd5947f39426e,73.29,payment,branch,17,4,DE,False,24,0,2024-05-01
4ff4d59d59f135ea,21dc0452e33bdfe1,131.05,refund,mobile,2,4,US,False,4,0,2024-10-24
46b4f8e4b8a92532,48373bfa03a95bc5,59.68,payment,api,4,1,AT,False,0,0,2024-10-09
98cdb6a0dda0d493,ae956de840bb1be2,150.07,transfer,mobile,21,1,DE,False,8,0,2024-05-22
b26a58f599eff57f,7cc3d9f09d5d18c2,45.41,refund,web,2,3,US,False,18,0,2024-04-10
277da82ab7f9e711,ebc260a30110adcb,117.39,payment,mobile,1,2,FR,False,7,0,2024-03-07
cfc9123d92c9d4a6,c8c37fc4912b4fd6,73.98,transfer,web,7,2,AT,True,24,0,2024-09-14
828f6497880b3ed9,4d6eb45fd05d56fd,20.36,purchase,atm,12,1,DE,False,1,0,2024-10-31
afe739dcdd3ef795,d504b2be039b67e9,445.27,purchase,atm,12,4,DE,False,4,0,2024-12-16
f0d963c51de226c4,3cdd1af24469afca,25.79,refund,web,5,4,AT,False,3,0,2024-01-15
92c155ffe9c71fc6,328e8885eb7190eb,101.21,refund,branch,12,1,DE,False,27,0,2024-03-01
49694507371cda36,2547a6de8a3897bd,85.26,withdrawal,branch,17,2,US,False,29,0,2024-01-21
181ed81c0fd2b931,09ab9c9076ff0dc4,36.45,transfer,web,18,4,CH,False,1,0,2024-05-26
c1b8b014f4797557,51567c4b4d22a582,186.17,payment,branch,13,3,US,False,19,0,2024-04-25
66139efa89927cdf,8de66ee28c31b238,75.74,refund,branch,5,3,DE,False,12,0,2024-03-01
74f6899aacfb26e4,bc7c29eefe7123ba,54.96,transfer,branch,21,1,FR,False,30,0,2024-12-22
8a54ac365ecca99c,97aef52e361eff46,51.1,refund,api,20,0,DE,False,19,0,2024-11-12
8c1c815df57748af,cfd4f236ea9babb7,34.64,withdrawal,web,21,4,DE,False,7,0,2024-06-22
415e678dc7e0ecf2,2f6a7cc25b5c97ab,48.45,withdrawal,branch,5,2,DE,False,7,0,2024-05-13
16757fc0c800ce66,e4f05966f5065ee4,208.04,payment,atm,21,4,DE,True,23,0,2024-08-27
5f74f73ee3d71e18,51567c4b4d22a582,107.7,withdrawal,branch,12,4,AT,False,8,0,2024-11-21
cda3b419058208b2,e09a386fb3c4160b,379.52,transfer,branch,11,4,DE,False,12,0,2024-10-31
e976f96da97d029a,bbbdc5bdd5d4f50a,104.82,payment,branch,6,2,DE,False,9,0,2024-10-01
d346ba6b2177bacc,e719af81c6c44bc2,643.44,refund,atm,16,0,CH,False,12,0,2024-06-14
c5e9c56720f01aa6,1533a1259c2fc740,761.02,purchase,atm,14,1,DE,False,0,0,2024-05-21
8116a547ac04ad73,b08621aaed58ed30,8.14,refund,web,8,1,DE,False,9,0,2024-12-07
aab9f07ec37727f4,e63445ba373e1c9e,31.09,transfer,mobile,5,3,CH,False,10,0,2024-04-19
2aeb88f6564296e2,455d12da511ab656,288.51,purchase,mobile,21,6,DE,False,29,0,2024-01-10
edc3fd9c45ac4555,6ea67b24b77eb9f4,112.63,payment,branch,16,6,DE,False,29,0,2024-07-07
53175999a7d55dc2,873fe2202b6bce0c,100.59,refund,atm,10,1,DE,False,21,0,2024-03-31
a8236cffbf61fae7,76c5701c80ac9f13,454.93,purchase,atm,8,6,DE,False,15,0,2024-09-11
94a5e3303a38c4fb,106b400678c3f34d,127.93,payment,api,13,6,DE,False,4,0,2024-08-15
031997a9a0bdcb80,4c6e10ec5a72e468,71.59,purchase,atm,13,1,DE,True,8,0,2024-11-26
d7a5180def67e979,8ca025aa63ad7f19,838.84,purchase,api,2,0,FR,False,20,0,2024-01-24
c2a81e78b3f657ea,a981098a586ce8bd,219.78,transfer,web,9,1,DE,False,30,0,2024-08-05
5f62f27160a6b1bf,11b0f22fe097ebd1,118.8,refund,web,6,6,DE,False,22,0,2024-03-25
163c93ebd9b31467,68a650ac8fd9caa6,61.33,transfer,api,12,1,FR,True,20,0,2024-11-19
397376358f81d0e3,3df83a86d1de18b2,86.32,transfer,atm,19,2,CH,False,21,0,2024-04-30
0fc6c790ae889be4,90d800f496e91751,13.56,purchase,mobile,22,4,DE,False,19,0,2024-05-27
8c0db50fe6fb5fd7,783822a5b1d89d21,946.07,transfer,atm,7,1,DE,False,16,0,2024-01-18
09111483f4f01d54,e7bf14a2b33d4f12,9.14,refund,branch,1,4,DE,False,25,0,2024-09-15
cb7f11c306c2088a,c03ffd1693bec76d,68.61,purchase,web,4,3,DE,False,30,0,2024-10-10
fd366d7f777e40c3,c2a56da4cd451785,561.9,refund,mobile,22,0,US,False,25,0,2024-08-10
347e42c08c775d72,12e63a843a011c35,160.58,withdrawal,branch,15,1,DE,False,4,0,2024-04-20
00395ebb74a16ffd,0fcdd235f2ddae38,8.0,payment,web,19,2,DE,False,17,0,2024-10-16
04b35fcf0c9d8259,ec8204acdd2ac64a,342.3,transfer,mobile,23,2,DE,False,26,0,2024-06-21
0e338f27472cea9b,f7c3852fce1b8ff5,68.17,purchase,mobile,20,6,AT,False,7,0,2024-11-27
05b57827c1fc02e5,7d5e2b48e263f4d1,98.42,purchase,atm,3,6,DE,False,10,0,2024-10-13
b399f45f56df50bf,e4f05966f5065ee4,56.97,refund,atm,4,0,CH,False,24,0,2024-07-24
6f6cc4d8b0517dba,e9eb878f95923e75,139.48,purchase,atm,12,0,DE,False,15,0,2024-06-12
41d87beac2201f64,c883193555c4b7ec,182.07,payment,atm,2,3,US,False,2,0,2024-12-10
088c8905715fa220,e600a61f7d1ab6b4,55.67,refund,web,18,5,DE,False,18,0,2024-10-07
4b11c9564641ec40,6a168ae298a97d31,62.85,purchase,web,4,0,DE,False,5,0,2024-02-06
b5a6e1ba8e2da805,a6bd5c48718d9b02,403.0,transfer,web,4,2,DE,False,7,0,2024-08-08
49a26959f5529a4a,c34245c3d61ac215,420.53,refund,api,20,3,DE,False,16,0,2024-02-07
1e7dec033f05f0ea,cb3a7a12ac0f2654,21.77,transfer,web,19,6,DE,False,12,0,2024-01-15
a8a865c2e8cb2738,b6778ac3599a9a75,700.95,purchase,api,13,2,DE,False,6,0,2024-12-16
b02665b0f23ff019,9138a33ef327e1ff,57.69,payment,branch,10,2,DE,False,21,0,2024-10-23
e4f696962b87ce87,101d05b7bf232350,57.78,transfer,web,5,0,DE,False,0,0,2024-09-05
2d7fee36699f58a6,c03ffd1693bec76d,114.27,withdrawal,branch,0,5,DE,False,30,0,2024-07-21
90b16058ba0bc981,20afa56bf367ac54,27.83,purchase,branch,12,2,DE,False,29,0,2024-02-15
9b8b05f67c8b1056,2547a6de8a3897bd,259.72,withdrawal,branch,22,0,DE,False,0,0,2024-06-29
dbae782c9675b5b1,4762862489547fd2,195.09,payment,api,23,3,US,False,19,0,2024-08-25
64b45d81d2c9ce5d,886a3db278c0c1a3,111.04,refund,branch,7,2,DE,False,18,0,2024-01-05
2fc25655305244bb,c848f2790122e6c2,66.33,refund,mobile,14,3,DE,False,7,0,2024-06-09
8fb8f044d87b354c,1c0b4f39057c26ff,36.26,refund,api,10,4,DE,False,13,0,2024-05-06
abb5da439e7f378c,cfc24bfff76187ec,51.96,withdrawal,web,9,4,DE,False,19,0,2024-11-07
fef7a8158cfae504,0856888b48e8a7ac,27.69,withdrawal,mobile,18,2,CH,False,16,0,2024-12-02
fa196d7e7ec6250c,8a21706ad64d5905,104.37,payment,api,10,4,DE,False,15,0,2024-04-21
577d8b44e316fa94,93e0c9c1ec54aeae,189.67,refund,api,8,0,DE,False,0,0,2024-10-19
3fa76fa29ab07f29,5c10d75c21d92252,7.59,payment,branch,1,3,DE,False,16,0,2024-05-26
653ff1e2272204b9,123d24d4a082ef24,187.8,withdrawal,branch,18,1,CH,False,7,1,2024-06-03
d74765d8e406a008,6edd14d4d87db171,222.45,purchase,web,4,5,DE,False,26,1,2024-07-01
3992eb6f82353384,21074e734f33a890,220.06,purchase,atm,16,5,DE,False,18,0,2024-12-12
9bb4baa295aa54c6,aa03c6e4e5791767,84.85,purchase,web,18,4,DE,False,22,0,2024-06-01
2bf4b59120157e0f,15dd59d98f96fd43,43.11,purchase,mobile,2,0,DE,False,11,0,2024-04-14
9257202fe5dc8e71,371ff7cf2e7b362f,242.85,purchase,mobile,21,5,DE,False,6,0,2024-05-29
4d493c67ab8c25d5,1ef74de24738db7d,48.89,payment,web,9,1,DE,False,13,0,2024-12-20
698ae5af158df9b8,046fa5773922c5d8,251.22,refund,web,1,4,AT,False,20,0,2024-12-28
45b49afceb71068a,333346881cc05374,50.16,payment,mobile,20,0,DE,False,14,0,2024-02-02
16a5cb84a643d514,5722d73095abd727,6.89,payment,mobile,7,4,AT,False,30,0,2024-03-23
be74d301d97ea63a,a6acf3ec3917ed9a,799.92,purchase,branch,10,1,DE,False,27,0,2024-03-22
bd41d156e9159261,42aa2d0489c6df45,24.95,transfer,api,7,0,DE,False,12,0,2024-02-25
157d49fb6bf48504,a4f313d7c6e5b805,64.22,payment,branch,14,2,FR,True,27,0,2024-09-01
5c9006ba1a6e4603,ea76132d9f572ff4,223.36,withdrawal,mobile,23,0,DE,False,6,0,2024-03-29
72d1348ab3ec7fb6,9351b9869bfd640b,23.93,withdrawal,branch,5,1,DE,False,29,0,2024-03-08
7f8e8ffaee896c50,2e7254278d3f3118,30.25,payment,api,23,6,US,False,2,0,2024-03-24
3e749565563c3b43,81124da40b852087,63.8,payment,branch,20,5,DE,False,8,0,2024-11-14
21f410a2331a43be,1533a1259c2fc740,37.09,purchase,atm,20,4,DE,False,14,0,2024-12-12
53d69ca513bd56f6,e7bf14a2b33d4f12,134.53,payment,mobile,4,2,DE,False,18,0,2024-06-24
bd279c96052524dc,a38f7ac494b6d0a0,56.42,withdrawal,api,23,5,DE,False,7,0,2024-08-19
5fc4dd7145adf800,2cf007913545eeb5,164.1,transfer,web,4,0,DE,True,16,0,2024-09-19
45866e215ff2ee09,03317b602209d5a0,39.14,refund,branch,23,4,DE,False,28,0,2024-01-26
d4e25f6e114e8f80,8ec955a8557fc25e,230.98,payment,mobile,19,1,DE,False,19,0,2024-12-21
b0c0145d0e7db257,2a31bcca5f725981,34.06,payment,branch,3,1,DE,False,30,0,2024-05-10
308476c84a82373b,9777b4c1d1a06407,31.33,transfer,web,11,6,DE,False,12,0,2024-12-13
1c614c5c79b89fb3,97aef52e361eff46,150.72,purchase,mobile,6,5,AT,False,26,0,2024-05-28
72ffd2eda05434b0,244f782635e02474,3.26,payment,atm,16,6,DE,False,18,0,2024-01-07
463804a9197a855c,cb145f30d0513f9d,62.03,payment,atm,19,5,DE,False,11,0,2024-06-09
fcd4f23d571928f9,f3949495d1d258f1,263.63,withdrawal,api,22,1,DE,False,6,0,2024-11-02
4c5522cb1e490e5f,e2cbadb8db971ce1,55.01,transfer,branch,15,3,DE,False,29,0,2024-03-19
250a49dc755e303f,445cbc8cafc91178,20.66,withdrawal,api,2,1,CH,False,20,0,2024-03-21
97ecc9aa3fa63c58,959c15d7aeddff50,111.69,withdrawal,branch,6,0,DE,False,24,0,2024-10-24
f2e054dee1ea6d72,a4747a10707f24f1,43.44,transfer,branch,5,6,DE,False,24,0,2024-01-22
269d9fc8ae0c25ab,d588d79aa4e13ad0,61.5,withdrawal,api,16,0,DE,False,3,0,2024-02-24
1f016559b20d8fc5,20d0575d08c7416f,339.86,payment,web,8,4,DE,False,22,0,2024-02-02
1db075f79948701e,daf14806094945d4,128.51,transfer,web,5,6,DE,False,16,0,2024-02-27
b6c93ee27c865ba4,51bae5d5e6eb1e84,66.01,purchase,api,13,4,DE,False,28,1,2024-10-25
7b1489f6addc778c,6c14a166a64d8b13,98.11,refund,web,12,2,US,False,26,0,2024-01-01
418f8141a213e836,39063b88013afa8a,188.2,refund,branch,14,5,DE,False,10,0,2024-07-17
af45a76018103aff,8e8ef9b2d63288e9,2.16,purchase,atm,23,0,DE,False,6,0,2024-04-02
cc8b5015ee82501e,9b48ca8ae3307299,199.91,purchase,mobile,5,0,DE,True,22,0,2024-05-25
fa8e0e1eb8213fd4,e1bcdb4be6b1fdd8,147.14,payment,atm,23,3,FR,False,18,0,2024-12-24
5d447bc25538358f,289fad8aadc0b5a7,19.88,refund,branch,4,6,AT,False,19,0,2024-05-22
fa7efc7c77c0fdd1,93e0c9c1ec54aeae,138.99,transfer,api,22,1,DE,False,1,0,2024-08-09
95c79de0895bb1cb,e1918468b5de668e,44.38,transfer,web,1,0,DE,False,5,0,2024-04-09
7e79a9a781dd1ed2,fd57168b9f5ac39a,16.69,payment,atm,20,0,DE,False,7,0,2024-04-30
a89fe860a3cfdebd,af5787ae6bd8ac75,102.57,purchase,api,5,5,AT,False,1,0,2024-07-22
84484b7486be4be3,8537b128fe18c4ca,146.4,purchase,branch,7,6,DE,False,28,0,2024-09-13
f06ce4d8903aac6b,ea76132d9f572ff4,1069.76,transfer,mobile,15,3,FR,False,10,0,2024-11-19
a254cf3383e4058b,f2136377229fb6df,142.86,purchase,mobile,12,3,DE,False,9,0,2024-02-25
302f00c65253bb8a,2a4b2a53c4e04c71,452.34,transfer,mobile,22,4,DE,False,27,0,2024-04-24
f1e194e9897bb9d8,8ed82341e506bba1,411.27,refund,web,16,3,DE,False,23,0,2024-01-11
1b8d48399d209681,224fb9a274e0418f,544.55,purchase,web,20,0,DE,False,11,0,2024-03-26
e4562536da6ad8b4,d0244b2e899ab6bc,124.52,withdrawal,mobile,2,4,DE,False,30,0,2024-08-23
5828f78510ae65e6,4852c491722ca246,90.68,refund,branch,18,6,DE,False,22,0,2024-12-04
7a505b68c34ec1e1,5e69702a05aeb8c9,11.68,transfer,branch,12,2,DE,False,17,0,2024-03-28
66b9362f23d37e30,cc637b3172221795,539.46,payment,mobile,10,3,DE,False,18,0,2024-03-24
900d767bb1a22800,673514b88fe6c0c7,36.6,purchase,web,14,5,DE,False,27,0,2024-08-15
e63043b79a0a78ed,1b944f8ec429e26f,122.23,refund,branch,13,4,US,False,24,0,2024-11-12
65de105aefa220d6,470265a8c14c52e0,83.66,refund,api,14,2,DE,False,17,0,2024-11-12
aed9ede7d0067899,097fd8b6f9a08ae3,115.1,payment,api,6,6,DE,False,9,0,2024-08-24
e5a33e250b01d318,0856888b48e8a7ac,40.37,withdrawal,mobile,12,5,DE,False,3,0,2024-05-29
717125c5a16371d3,bbbdc5bdd5d4f50a,107.61,withdrawal,atm,0,6,DE,False,16,0,2024-01-06
1d2be22aae31817e,3b04333b896699f3,18.5,refund,api,1,0,CH,False,17,0,2024-07-02
00b3a7fc08de0fd8,d68e3965aa606265,31.62,refund,api,18,4,DE,False,1,0,2024-06-05
0241fb42f406e707,114f7360cdf50a16,381.29,refund,api,23,3,DE,False,3,0,2024-07-31
99019124da83ca93,289fad8aadc0b5a7,47.58,purchase,atm,0,0,DE,True,11,0,2024-12-13
c8799adbfdd6055c,97d0e5ed91f5a295,219.27,transfer,web,11,3,DE,False,24,0,2024-08-12
7bd144f3308aa8fd,28c2b9d5a3056adf,2449.5,withdrawal,branch,14,4,DE,False,29,0,2024-01-10
58422eb917a57510,fc7409b846103218,20.32,purchase,web,0,0,DE,False,11,0,2024-03-03
c827de7a85ace78c,f7af4dc3737fd9e4,13.81,payment,branch,15,2,DE,False,17,0,2024-07-24
75fd9890f8bbbc54,daf14806094945d4,386.01,transfer,web,10,2,DE,False,15,0,2024-08-05
cd658208f6faabbd,bfde2e0db1f91226,16.77,withdrawal,mobile,6,5,DE,False,25,1,2024-09-12
70e0cb16e7ebc6b3,14c52a5e0e180aa9,84.27,refund,atm,21,6,DE,False,19,0,2024-03-28
73a14f3d3ae07bca,fd0a807ca0df70a8,99.78,purchase,web,4,2,DE,False,3,0,2024-11-01
477c198db282d056,05994ecc6b269fd8,35.16,payment,web,22,6,DE,False,20,0,2024-08-25
bf5c7401530c1ade,5972430fab4f2beb,106.0,transfer,api,11,4,DE,False,17,0,2024-04-02
665f398b26973526,de22e940fc47bec0,136.77,withdrawal,mobile,22,6,DE,False,16,0,2024-07-07
c5b5dc8229adf2cb,789cca4466567bf5,63.04,payment,atm,9,4,DE,False,9,0,2024-04-27
5e43830d5b5d6c53,bb0c7a4d24a69dad,63.37,transfer,atm,14,6,DE,False,23,0,2024-08-24
c09138ecb736e552,c0d2834a28f7d955,59.0,refund,branch,6,2,DE,False,6,1,2024-04-28
296a57d6f521649f,f6f77809b5ae8445,92.06,transfer,web,16,1,DE,False,2,0,2024-05-02
203d4d7243026e1f,9f0102c1e761f255,3438.08,transfer,branch,1,4,DE,False,5,0,2024-10-12
d0518e1ceadf5f40,cd00dc8810df1048,62.34,refund,branch,6,0,DE,False,5,0,2024-02-02
eca0ec44ca1bb2de,3ca015a11b3dab8b,27.62,withdrawal,branch,10,6,DE,False,23,0,2024-09-19
dd85cb99ab397c7a,bd246b4341e55fef,13.68,payment,atm,13,5,DE,False,27,0,2024-02-14
d22b3c5be8f8cd3f,7cd6a5223fc31e17,76.23,transfer,api,12,4,FR,False,7,0,2024-07-21
ef94f4f49a347c3e,b08621aaed58ed30,137.72,purchase,branch,8,2,DE,False,18,0,2024-12-19
f5e161ae712088d6,a981098a586ce8bd,16.33,refund,atm,15,1,DE,False,7,0,2024-12-16
ba93d5ee482e5c3a,c8922bed7d0e7358,62.6,payment,api,19,3,DE,False,9,0,2024-05-30
5a91f3622f5510c6,cc3e28643aee16ef,202.4,refund,branch,18,2,DE,False,28,0,2024-09-08
61945b6adaea6427,356a8c1e286f5d7a,172.15,refund,mobile,16,5,DE,False,5,0,2024-08-13
3f0de00b9b2d57dd,b4d5d08374e3b34a,171.0,refund,web,4,2,DE,False,19,0,2024-08-19
03c63474948718fb,5a928ed4234138f0,38.73,withdrawal,atm,10,6,DE,False,29,0,2024-09-11
c84dffffb34c35ba,5aea0f8418c788e7,452.01,purchase,api,3,0,DE,False,0,0,2024-09-14
6dc960538825e253,5c80404db6afbf5c,86.74,withdrawal,atm,18,0,CH,True,25,0,2024-10-20
04188f8d04ed2708,123d24d4a082ef24,68.97,withdrawal,atm,4,4,CH,False,18,0,2024-07-10
b5d0ffc0f2a9ed3a,7ab91c2ae7549b3b,194.08,refund,api,0,6,AT,False,0,0,2024-12-08
8d712bd313d3ca6a,525cbd86c4dd39e9,13.18,payment,web,3,4,DE,False,0,0,2024-09-29
1f8ff0dcdb82fa8a,e9c2978b46367476,29.34,withdrawal,atm,3,1,AT,True,1,0,2024-06-16
af106d1cdfc9f3a5,2aef673b253b3d58,97.53,refund,web,1,2,DE,False,9,0,2024-08-24
79d58fb0bc8bc30d,8c1114da6e55d308,10.23,refund,branch,6,3,AT,False,14,0,2024-12-19
40bab4649deba212,8ed82341e506bba1,94.6,refund,mobile,6,2,DE,False,22,1,2024-06-19
becd0c6d60013807,fd57168b9f5ac39a,4.91,purchase,web,11,5,US,False,7,0,2024-06-20
e56ae4e549b24fef,187336a7e7837268,61.78,refund,branch,18,1,DE,False,3,0,2024-05-28
9f8f91688dd9207b,d160a2c8cadfb301,45.3,payment,mobile,16,1,DE,False,0,0,2024-10-05
7652806bc1f8d8c3,f0bdf50af02c3036,45.29,purchase,branch,0,2,FR,False,16,0,2024-05-10
2ebe8b79eadf99eb,38d200e0e0f438ff,74.64,payment,api,22,3,US,False,28,0,2024-10-01
7b8967a61aee710f,1df807fa2247cd59,69.87,withdrawal,web,1,1,DE,False,4,0,2024-04-19
3d9a3990e74dd2f5,294eec57b188ae20,34.95,transfer,branch,4,6,DE,False,20,0,2024-05-18
aaac91eb5b66f393,19283f997756204e,39.88,transfer,web,18,3,DE,True,15,0,2024-12-21
d6ddfae021b5b3c8,262d379b1a935bf1,795.13,refund,web,18,1,DE,False,27,0,2024-11-10
d914c3c18f3f8ccf,67206c8525e04df6,79.15,withdrawal,atm,3,6,AT,False,24,0,2024-08-20
1c941f29dae6ba98,b08621aaed58ed30,202.78,withdrawal,mobile,0,5,US,False,30,0,2024-03-02
2e3aaef9be42cdac,84ea5afb81d31843,24.11,withdrawal,web,6,2,FR,False,24,0,2024-02-03
205cb6a17fb8ed6b,61dfb3c3e2866b8c,87.36,purchase,atm,16,1,AT,False,9,0,2024-08-18
9e0db2423508bc2b,cf5b8dacc43023aa,190.32,payment,api,0,4,FR,False,11,0,2024-11-22
50c789915f5556bc,e2bf979250213981,75.91,refund,mobile,12,1,DE,False,1,0,2024-02-04
adf66e3e81272f25,7cc3d9f09d5d18c2,49.33,payment,atm,14,3,DE,False,8,0,2024-01-29
6485e1fb7af6a44f,a550dc9ed573b250,317.51,withdrawal,web,18,1,DE,False,24,0,2024-10-09
e916dfafc27a39f0,62152f503ed652ee,8.94,refund,atm,3,5,FR,False,8,0,2024-08-26
97d21acd303e7d70,124e6a8ca5919757,177.65,purchase,mobile,23,3,US,False,18,0,2024-04-03
dadff7829598e349,a2fbd00f815aca53,841.65,transfer,mobile,13,0,DE,False,1,1,2024-06-05
e9117046a1f324aa,7ad3942bb15ffcaf,95.49,purchase,mobile,1,3,DE,False,14,0,2024-03-27
414f4ac3108a32d7,05994ecc6b269fd8,191.21,purchase,mobile,2,4,DE,False,17,0,2024-01-06
efa610776bed173a,7efe72eedea1bcc7,74.95,payment,web,3,3,DE,False,25,0,2024-01-07
20b9353afa49d896,2e7329697a5ef49e,197.17,purchase,web,6,6,AT,False,5,0,2024-02-25
ac4e8405d2ad4c1e,478afcd83d763d72,103.0,payment,api,15,0,DE,False,5,0,2024-05-09
254c214f2c7aa74b,81d95c143c333ee7,1245.16,withdrawal,branch,3,3,DE,False,25,0,2024-02-05
8cf5ed31564ff0dd,f130ec10be50dac5,317.99,withdrawal,mobile,13,0,US,False,7,0,2024-05-30
6d8922d9873c01a4,1b60ba3aec06c5b3,42.06,purchase,web,4,2,DE,False,8,0,2024-03-13
562c53aef7a6c705,01cff8f2fefefb29,281.04,withdrawal,branch,15,1,DE,True,21,0,2024-11-24
3c99e4194ba7e43c,a6e44b308296a3d0,64.47,transfer,branch,13,0,DE,False,9,0,2024-01-13
396bd7b315e9c752,4587b25745585a05,47.91,payment,branch,1,1,DE,False,3,0,2024-10-01
41495518d3918a31,c2417da8ecc86cd2,353.66,purchase,atm,23,4,CH,False,8,0,2024-08-07
4c2434873d79efd6,37f3b479dac1617b,135.82,purchase,branch,1,0,DE,False,14,0,2024-09-18
d1f5bad9040b39e9,79f7d72f5f58db79,4.08,refund,web,18,0,DE,False,19,0,2024-03-07
7a86e5d0b6571f83,f403324a35c8b2f5,78.63,purchase,api,23,5,AT,False,24,0,2024-04-13
19aff0839fe6d1fb,69ab54f2b5e0c129,205.21,transfer,mobile,10,1,DE,False,13,0,2024-01-21
fe5c1d07fd462502,ccde1e88c9dacee8,36.31,refund,branch,10,2,DE,False,27,1,2024-02-03
ea0c091a2084c74d,b0b6dd3d1297e56c,9.33,transfer,web,11,2,DE,False,6,1,2024-01-11
507652874be14f1e,ad007edf2917d996,105.68,withdrawal,branch,14,1,DE,False,0,0,2024-10-19
e8c6eb221deea196,bfde2e0db1f91226,34.38,transfer,mobile,4,5,DE,False,23,0,2024-12-10
0cb79a3bb5ea7f8e,9c7ccf173ddb81cf,785.97,purchase,api,1,3,DE,False,10,0,2024-02-12
09b50ac9b86202c2,0bb1d61fa1b0f993,70.86,payment,api,18,4,DE,False,13,0,2024-02-19
7142e06e07c174e3,7817ec45dfccddb9,285.66,refund,api,20,2,DE,False,4,0,2024-06-07
64c29e5913d06ccc,caa3f70770df65c2,3.49,payment,web,11,1,DE,False,13,0,2024-08-16
ae5f511074f28a4e,719634f087c58b78,49.16,refund,atm,9,4,CH,False,12,0,2024-03-16
b0c43d134e7a1cf8,32b732435b773ec8,988.45,refund,web,22,4,DE,False,7,0,2024-11-01
88206e59fac04c95,118f541bfed3be3e,18.61,refund,web,15,2,DE,False,14,0,2024-07-02
c9aaa66c826bb8e4,101d05b7bf232350,467.61,transfer,mobile,11,3,DE,False,5,0,2024-10-13
d010e34d5d31d807,8d55b3cfeea097d0,7.51,payment,api,3,5,DE,False,5,0,2024-06-16
54ef4a040868b564,66e075ad1e08433b,108.43,purchase,web,1,0,DE,False,1,0,2024-07-28
ddb9e2d3d2253019,df5a7d4e1e07dca3,48.46,payment,web,2,5,CH,False,6,0,2024-03-06
ffec8c4d9efcc449,8de66ee28c31b238,71.46,transfer,web,20,2,FR,False,0,0,2024-08-07
177c30c32ff59e22,f9c769c2d2fa5c49,175.45,withdrawal,atm,12,5,DE,False,20,0,2024-03-14
f3dcddfc45f04b09,c8d33b0935001a63,72.71,withdrawal,branch,0,0,DE,False,0,0,2024-11-16
a6ee974501920c34,478afcd83d763d72,358.79,transfer,atm,7,2,DE,False,15,0,2024-09-30
869fc099de64ee32,567c594223514ff3,32.57,payment,mobile,14,5,US,False,0,0,2024-08-02
c5c79824e6dd9dad,54134e1b407907c1,54.64,refund,branch,13,6,DE,False,27,0,2024-11-15
5e11566c08a6629f,22a8ddf01d9d2df3,65.17,transfer,api,1,5,DE,True,13,0,2024-02-25
c95588e2c4d29633,5b528c377e06dea8,93.91,purchase,atm,4,1,DE,False,25,0,2024-01-28
11bf5130894cdd2f,14c52a5e0e180aa9,285.88,payment,mobile,2,2,AT,False,8,0,2024-07-01
835c81c477c14ba0,e1bcdb4be6b1fdd8,45.02,transfer,web,12,5,DE,False,20,0,2024-03-04
ef8a2d227bad0039,f6ccf81852a818b6,222.77,transfer,api,17,0,DE,False,0,0,2024-08-07
55d7cca9f7bc50e9,f431ecb7711615b0,49.38,refund,atm,16,6,CH,False,23,0,2024-09-21
89bfca181c2febd1,79ae08fe23fd6203,122.43,payment,branch,12,2,CH,True,27,0,2024-02-21
5cd42a9d5aa8a52b,24035e5fa3060bd4,41.23,withdrawal,atm,6,5,AT,False,23,0,2024-01-16
4a3fb15f0d2150ec,c0d2834a28f7d955,141.41,refund,api,13,0,CH,False,4,0,2024-11-24
f75be5529c0973d5,1df807fa2247cd59,91.05,payment,mobile,5,0,US,False,19,0,2024-10-30
5dccc9da30c7f78f,a6bd5c48718d9b02,210.48,purchase,web,18,6,DE,False,13,0,2024-02-23
70ddbc56a53a3bc0,aa3b32f4bbac4e77,139.55,transfer,atm,21,5,DE,False,1,0,2024-05-12
50f05093f7611136,cfd4f236ea9babb7,113.93,purchase,api,10,6,DE,True,3,0,2024-08-12
ea32e0d3bc1fc21b,de77ec1f76a7aec8,26.8,payment,web,15,1,DE,False,26,0,2024-01-02
c2a7cd1b524558a4,b53861bc6e140d22,22.15,payment,mobile,14,0,FR,False,0,0,2024-09-19
40ae4950c09a1978,101cbc670c03679a,266.25,transfer,mobile,6,5,DE,False,20,0,2024-05-08
5a34135079975d23,c8bd83145603e477,88.02,transfer,branch,10,6,DE,False,13,0,2024-02-24
124b99ad0a4c6807,a5f460d647889564,248.18,withdrawal,api,0,5,AT,False,25,0,2024-09-13
2de49844d8429334,016ff9d51a4486dc,147.32,transfer,mobile,12,1,DE,False,12,0,2024-07-15
b3c994e50cebbd36,8afdb472cddbdb81,158.06,withdrawal,branch,8,3,DE,True,25,0,2024-12-15
a8f9f0ae09dfb1b3,2084cdf8c9db19c7,8.6,payment,mobile,18,6,US,False,22,0,2024-03-13
4ee797aca457d66d,7ab91c2ae7549b3b,22.46,purchase,atm,4,3,DE,False,0,0,2024-07-05
7f72c409da2d04ba,2e7254278d3f3118,334.83,transfer,atm,6,5,AT,False,17,0,2024-10-22
1978a79a883562fd,7edd7493d09fd63a,4.45,refund,web,7,0,DE,False,23,0,2024-02-08
f16e2c8d82fb1d6f,097df5566b051546,350.79,withdrawal,api,12,5,DE,False,7,0,2024-11-10
65dce6179013fe33,8ec955a8557fc25e,54.21,payment,web,0,2,DE,False,24,0,2024-09-12
0904cd2c77277b95,e94a724da12595f8,80.81,refund,branch,3,2,DE,False,10,0,2024-02-26
ba044221ff7f98e0,7edd7493d09fd63a,99.74,purchase,branch,10,6,DE,False,11,0,2024-09-11
db83b16cd404aee3,564c3c628e93587c,24.63,transfer,branch,20,0,AT,False,14,0,2024-07-15
e1ac821b2cbb4642,513c2e73b6e607e2,54.06,withdrawal,atm,13,6,DE,False,11,0,2024-02-22
ce259368f4b66992,11b0f22fe097ebd1,82.58,refund,branch,3,2,DE,False,20,0,2024-11-24
96c3bb30b4b90b91,7f4335560a6a3524,17.15,payment,mobile,3,3,DE,False,16,1,2024-04-05
fb98a64cbecf24f8,04591516c0cb3ee1,46.3,withdrawal,api,10,5,DE,False,1,0,2024-03-29
14f5769645ec95c4,d5b91e64f71dcc83,12.26,refund,branch,4,3,DE,False,9,0,2024-08-17
420ff099a0b7c767,c9b87801e32ab2ac,75.94,purchase,branch,21,1,DE,False,27,0,2024-04-15
cb16df7d2742fa24,0bb1d61fa1b0f993,26.63,purchase,branch,13,5,DE,False,6,0,2024-08-08
9bf605fe65751cdd,3a34da158180a2b2,91.42,payment,branch,21,5,DE,False,29,0,2024-07-20
408a97a7265619bf,a80ba8b8e4eff13f,140.96,withdrawal,atm,7,2,DE,False,21,0,2024-11-05
daa7cd26fa3be486,a2fa5f5fb5b6d810,36.09,purchase,web,10,4,CH,False,8,0,2024-06-09
33f2eec207cab1de,0fe90c42e16ec1ac,375.34,purchase,branch,1,5,DE,False,14,0,2024-06-22
5a3ba78f6c07b158,27bfaa358cd59a75,36.75,payment,api,22,6,DE,False,16,0,2024-04-02
afb2b5be34e89411,f17b1c284520d4e3,33.15,transfer,branch,23,1,DE,False,5,0,2024-03-16
c0a539e8a621744b,567693f9de40afdd,165.78,refund,web,15,0,DE,False,9,0,2024-10-05
6d60453595f6508e,ccebc0d1a8068733,30.39,refund,branch,18,4,DE,False,30,0,2024-08-05
6716b4b0074bd8f5,7f66816c12c166d6,110.4,transfer,mobile,0,1,AT,False,18,0,2024-01-08
c6d0233890fe0d06,9e04230ae86651f3,30.62,purchase,web,1,3,DE,False,14,0,2024-01-10
3fe4950c6528bd34,cbcd85f91c7a29d6,69.74,payment,atm,21,0,FR,False,6,0,2024-07-30
7258a9de1eadf57f,bfb5e25d1defb1ce,80.35,withdrawal,branch,18,1,CH,False,14,0,2024-05-22
8729e0630bc9908f,865382db3c8da506,24.34,purchase,atm,8,0,DE,False,23,0,2024-10-08
7ce624d01fc20fb7,e6068bab5d5b8d95,11.8,refund,mobile,4,3,AT,False,15,0,2024-02-14
54f9664ae9a20134,c50eda8600c290eb,63.13,payment,atm,18,6,DE,False,13,0,2024-08-19
06953d69cd987c3f,a790d620cc18f41a,496.19,purchase,mobile,17,5,DE,False,18,0,2024-11-15
4049cb566a20885f,50d6200e599a11a6,136.47,purchase,web,16,6,DE,False,0,0,2024-09-10
22bd9ac26c133aaf,783822a5b1d89d21,518.48,transfer,mobile,2,2,AT,False,28,0,2024-11-13
3de08dda639bfa5b,692810cfefcfecae,33.39,payment,api,7,1,CH,False,6,0,2024-03-29
04cda04f61dd9ea0,d0244b2e899ab6bc,313.14,payment,web,4,6,DE,False,10,0,2024-01-31
5f24f6ddd29e6fde,be15ab4e1a02bf8f,221.21,withdrawal,atm,10,6,AT,False,7,0,2024-10-24
4e0a6aa956c4a679,ccde1e88c9dacee8,11.65,refund,mobile,7,1,CH,False,7,0,2024-03-24
45a5340e74c97f67,183a499c6578411d,77.33,refund,web,11,4,AT,False,20,0,2024-03-05
274d48e1c7b3fd5c,9346d0d6814428d4,334.6,withdrawal,web,5,4,DE,False,24,0,2024-06-09
ad7181431fc90fe8,58ff24853040e0ab,622.2,transfer,web,3,1,DE,False,6,0,2024-08-23
61684bbbfa1b2eca,d215733731d66368,115.68,payment,web,12,1,DE,False,20,0,2024-04-14
c2932fa04cc35591,f358e079224e09b4,67.86,payment,api,4,1,DE,False,7,0,2024-07-09
32a424697bca2764,cfa67ed2210f6940,152.24,purchase,atm,15,2,DE,False,20,0,2024-05-08
c79e20e35a92579a,09ab9c9076ff0dc4,68.22,transfer,web,0,4,DE,False,28,0,2024-05-17
2276f3103ace9a9f,4762862489547fd2,259.04,transfer,mobile,22,0,DE,False,27,0,2024-01-06
be3dcbafe1b5400e,9a95dfb5a96b3ab2,31.26,transfer,web,18,5,DE,False,26,0,2024-08-14
2b4a785cefe86a16,62b313b1a9ca029d,443.15,transfer,atm,14,4,US,False,23,0,2024-03-08
46fc80fd31fd6a12,ec8204acdd2ac64a,629.47,transfer,atm,20,6,DE,False,17,0,2024-10-29
bb15a5f641764e09,1933c19b3ca490f6,37.0,purchase,web,13,3,DE,False,6,0,2024-04-30
179a854b14500193,254969382f22011a,17.21,refund,branch,11,0,DE,False,1,0,2024-08-27
b3bfb1db46106cc1,32b732435b773ec8,101.94,purchase,atm,1,4,DE,False,25,0,2024-09-26
0f1032ce72572b79,6734081fc5799be2,7.95,transfer,atm,22,3,AT,False,12,0,2024-01-10
866480a2e7cbc4c9,fd8b048c9dcc4187,92.49,transfer,api,5,2,DE,False,24,0,2024-06-12
afadc60dc43b07a3,48729bba3c509acb,26.63,purchase,mobile,17,1,DE,False,0,0,2024-09-30
465b11007d2c43ec,1ef74de24738db7d,20.38,purchase,mobile,9,3,DE,False,18,0,2024-04-02
04deeef281b651cb,2626f0f995feaad7,39.95,withdrawal,web,9,4,DE,False,25,1,2024-12-25
3e23f3ed1bbe08e2,7cc3d9f09d5d18c2,73.36,purchase,web,4,3,DE,False,26,0,2024-01-27
7bc74db8a704202a,b2fdf2de15f490e9,120.5,transfer,web,15,6,DE,True,22,0,2024-02-08
ae94ebf2cff57d7b,bd246b4341e55fef,153.48,transfer,mobile,11,6,DE,False,4,0,2024-08-25
3238a8d678c6e649,4d6eb45fd05d56fd,11.2,purchase,web,22,0,DE,True,16,0,2024-09-05
f49ed83e6e63ec76,394b8efc30a36396,18.4,purchase,web,21,5,DE,False,15,0,2024-03-07
d8d3ece0352a6077,a6b9c1ef773a06bd,19.2,withdrawal,web,0,4,DE,False,6,0,2024-02-16
c8e87b7623d8e039,29888b944b65e29f,645.01,transfer,web,6,6,CH,False,3,1,2024-11-12
fdcf15237903f29b,fd3a42681c37c3be,55.02,purchase,atm,4,1,AT,False,8,0,2024-05-27
6c08029e8b6c0505,b1f6aff0c1a0b989,260.98,transfer,branch,15,5,CH,False,15,0,2024-01-17
fad4099927fba7f7,e1918468b5de668e,228.78,withdrawal,api,9,1,DE,True,8,0,2024-02-05
c0eefb7d575ae39f,c8212eddae834ce8,52.6,refund,api,14,0,US,False,15,0,2024-10-16
ed259a2857a6d884,15dd59d98f96fd43,9.7,payment,mobile,9,4,DE,False,24,0,2024-09-11
f30c67e86cc398ce,cc57238a136e920c,37.2,withdrawal,mobile,16,6,DE,False,18,0,2024-01-06
d23c08c4bd444a25,00df7022ce2e0386,59.68,refund,atm,23,1,DE,False,13,0,2024-01-22
edebf7b032893286,e92882f97b592e42,143.81,refund,branch,23,5,DE,False,30,1,2024-06-22
77cdebb49b1ddbef,839cdd252273f04f,90.26,withdrawal,branch,23,2,DE,False,8,0,2024-10-29
f269cb0a807cf1b8,35d53b5d84d3da8d,111.65,refund,web,8,5,DE,False,27,0,2024-07-29
b7f2a4a1db19ad49,48729bba3c509acb,30.73,refund,api,8,2,DE,False,23,0,2024-10-04
5722f04d7773c6a1,7f4335560a6a3524,67.52,withdrawal,branch,8,3,CH,False,28,0,2024-04-29
869faa3bab616a3c,fc66fb484f6ff20a,160.22,payment,atm,21,2,CH,False,11,0,2024-11-07
f4fc2cddd1af5bf6,6e4f134425053dd5,24.86,transfer,api,3,0,AT,False,1,0,2024-11-28
764f9b3b6501ff77,9ec68a9aa1445e62,278.74,withdrawal,mobile,11,3,AT,False,10,0,2024-04-26
79231c227459b56c,1b110242588b118a,44.35,purchase,api,16,1,DE,False,20,0,2024-04-18
8e0c750ef28468e8,d80291ff8a609246,309.6,payment,api,4,1,AT,False,28,0,2024-10-21
7edc6e0983c2faa4,27e36276d98cabee,55.13,payment,api,14,4,DE,False,6,0,2024-06-17
abab51606b799fe5,ac1307fe013f478f,287.16,purchase,branch,6,4,DE,False,26,0,2024-09-20
b8107e535af1f6e5,c71d88a3c296fdf2,443.68,purchase,branch,0,5,CH,False,20,0,2024-01-12
fb9be9a9607627db,0cf489584e43aaa5,149.02,transfer,mobile,3,5,DE,False,27,0,2024-12-24
a16b65d650df4a72,bb0c7a4d24a69dad,176.85,purchase,branch,6,1,CH,False,12,0,2024-10-22
f3caace7dfb8c529,e5847d6824a5e200,412.54,refund,api,2,5,US,False,29,0,2024-03-02
e21e7d08de5ac785,db0324d7bf61efbe,8.21,transfer,mobile,14,0,DE,False,0,0,2024-06-06
02059492aef8ab45,51310eeba67238b6,39.55,withdrawal,mobile,0,1,AT,False,21,0,2024-04-30
deb67d0d89405676,788179f07895627a,1023.42,transfer,atm,9,5,US,False,0,0,2024-07-02
3ef92f5a607fa964,d28853d261e28c50,111.86,withdrawal,api,14,1,DE,False,19,0,2024-05-19
bb1442d3761911be,cfa67ed2210f6940,116.68,withdrawal,mobile,1,5,DE,False,21,0,2024-02-08
3a93355a5e7aa97c,f4e1e3e2c455372c,151.51,purchase,api,0,3,DE,False,8,0,2024-12-13
cd114724f8e696dd,be15ab4e1a02bf8f,36.36,refund,web,3,3,DE,False,24,0,2024-12-02
47598e0a432e7c15,ca65d51e944b52ee,980.16,payment,atm,0,1,FR,False,3,0,2024-11-02
847d7733bb202627,7a7c8d4f2020eaf9,69.59,purchase,web,6,0,DE,False,16,0,2024-02-03
d12b85b4f6444267,f148d5c44b2f2680,39.44,transfer,api,13,4,DE,False,9,0,2024-09-26
1c055dc7da461caf,3b04333b896699f3,340.7,refund,api,21,4,US,False,5,0,2024-08-27
e7c8a1a9455a5a93,744590daea52110c,54.62,refund,web,13,4,DE,False,28,0,2024-02-26
b5c0598b9962a482,7606fac68580d2c7,254.5,transfer,web,17,0,DE,False,7,0,2024-08-21
82a477640306cec3,686c007f83d0eac1,375.27,purchase,mobile,21,2,DE,False,25,0,2024-11-18
ff9551b4cae4a274,f68f4bdc055c2fa3,37.66,refund,branch,0,0,DE,False,9,0,2024-12-02
877a4c113c95369e,7dca056d1b851684,26.76,withdrawal,mobile,13,4,DE,False,29,0,2024-04-24
f11456ab1128ebc5,e2c7515469a1306d,103.96,purchase,branch,22,0,DE,False,24,0,2024-03-08
9ea26f031f931944,4852c491722ca246,179.59,withdrawal,mobile,22,2,DE,False,22,0,2024-05-10
68eae31596113556,54bbd2fc294c7d06,513.77,purchase,atm,8,5,DE,False,12,0,2024-05-19
0939bc65e9d4fc7f,a0cb6f1e5ae6809a,439.09,transfer,web,11,6,AT,False,15,0,2024-07-08
8cf3a176f6423928,79ae08fe23fd6203,406.12,transfer,mobile,4,1,DE,False,25,0,2024-11-15
04faee34603d4ea1,4587b25745585a05,97.82,payment,mobile,11,4,DE,False,30,0,2024-12-07
dadab6113616853d,4d2ab5de3d01f17e,6.25,withdrawal,mobile,19,4,DE,False,13,0,2024-03-06
addd329cbd627e91,8166de5cde53c8ee,60.5,purchase,api,18,3,DE,False,12,0,2024-10-29
51eb3923fceb6cf1,68a650ac8fd9caa6,671.6,transfer,api,23,4,AT,False,7,0,2024-10-10
d10ff7f4e752eb5e,7cd6a5223fc31e17,16.62,refund,api,14,5,DE,False,11,0,2024-08-10
f3d9308fed853096,e471fdaf173e9a5f,52.26,refund,mobile,1,4,FR,False,28,0,2024-05-06
6abbd66e5ba7e079,9e04230ae86651f3,36.77,transfer,api,2,1,US,False,0,1,2024-02-04
5d095921d9eac9cb,75296ede9828066e,27.13,purchase,branch,4,6,DE,False,2,0,2024-06-05
2bc1960ccf689607,e2cbadb8db971ce1,134.95,payment,atm,23,4,DE,False,0,0,2024-10-21
0dac5fd39015d259,0d440c2adf3f05cc,342.02,payment,api,19,4,DE,False,21,0,2024-03-22
631eb946e5e84604,912105a7208a1ea3,124.55,transfer,mobile,10,6,DE,False,15,0,2024-08-07
d2952db15d552f5e,dd286cf412365357,711.84,refund,branch,4,4,FR,False,17,0,2024-01-18
bbb207bb6e519079,379706e13cf85e7f,443.11,refund,mobile,0,0,DE,False,20,0,2024-08-17
638f2d3e60b15b15,361aca729d2d0a42,73.01,refund,branch,18,2,US,False,24,0,2024-11-24
b52d32feeb0a4963,f2136377229fb6df,531.75,payment,mobile,10,1,US,False,15,0,2024-06-10
72ccfacb05b4f866,ff888cd20c715b33,73.79,purchase,branch,15,1,DE,False,11,0,2024-08-02
db6998d635ab82f4,74aea4f110f27179,833.79,transfer,web,4,5,DE,False,26,0,2024-02-06
c1cb9c5b5887eeb6,f042952598001d4d,26.99,transfer,branch,1,1,DE,False,9,0,2024-06-07
40631aad28575b5c,59e97c496d5f4822,244.76,refund,web,8,3,DE,False,30,0,2024-03-06
47f5c203c447c1cf,d28853d261e28c50,189.75,withdrawal,web,19,0,AT,False,29,0,2024-07-01
91d37179131fefa3,7ab91c2ae7549b3b,86.05,transfer,api,18,2,DE,False,6,0,2024-01-19
66c9319228d8aa2d,ead1177c5fa66d4c,388.91,withdrawal,api,0,2,DE,False,23,0,2024-02-18
94a738efe75a59dd,97aef52e361eff46,397.15,withdrawal,api,12,5,DE,False,3,0,2024-01-25
001efcb20dab71ce,97b20d27eeac7dcf,87.21,payment,atm,0,4,DE,False,0,0,2024-06-12
5af60ba92eb6c315,9422e52706549680,38.8,payment,mobile,19,6,AT,False,2,0,2024-01-13
887159e283f7995d,3248a73959fbd3f3,34.11,transfer,web,7,4,DE,False,17,0,2024-05-22
9dc9603debad25e5,a97be0a50ea38d7b,182.62,payment,mobile,12,2,DE,False,2,0,2024-07-14
ae34f7e5b07899d6,7ec26dd45a2ecad7,350.72,transfer,mobile,23,1,DE,False,6,0,2024-04-07
d89ab06d398363b6,ead1177c5fa66d4c,375.27,payment,api,16,0,AT,False,15,0,2024-11-05
cc925ec50c66dacb,9e0ee76af6f63d14,29.24,refund,mobile,1,5,AT,False,19,0,2024-12-20
64f57fd20ac7bb54,3fc3ba49c9dc124c,272.1,transfer,web,2,1,DE,False,25,0,2024-02-21
332a9d58736bd1d3,fd0a807ca0df70a8,56.37,withdrawal,api,1,2,DE,False,5,0,2024-02-27
5a3d05b316ff3020,f0bdf50af02c3036,125.5,purchase,mobile,4,0,DE,False,15,0,2024-08-31
5eaba53d709ef63c,f17b1c284520d4e3,388.19,withdrawal,atm,15,5,DE,False,27,0,2024-12-13
7aa3b06cd66d7480,7a6ad03248d611d3,11.29,transfer,web,14,6,DE,False,2,0,2024-10-20
9dcc18eda09700a1,7efe72eedea1bcc7,274.33,purchase,branch,12,3,DE,False,7,0,2024-10-22
77f49a199ccf656f,4a64fe624ae06538,353.26,payment,mobile,23,3,DE,False,0,0,2024-09-05
537408d4ee695434,cfd3427cb3b54ffa,110.75,transfer,branch,16,3,DE,False,1,0,2024-01-22
c293f68182e1391b,470265a8c14c52e0,61.62,payment,atm,1,1,AT,False,2,0,2024-08-07
12f579136e998568,20f1826aa7875d0d,570.57,refund,web,0,6,DE,True,3,0,2024-01-31
83fda8a3e434a761,2f6a7cc25b5c97ab,355.47,transfer,atm,4,0,DE,False,22,0,2024-08-23
d56e4e2004a56842,254969382f22011a,54.67,refund,atm,7,6,DE,False,5,0,2024-01-22
d7529d21604abbb9,fb31b871b8a3adab,155.08,payment,mobile,14,2,FR,False,29,0,2024-06-13
ec69c7700c85ac4a,3d4dab7a8ecbf677,111.72,withdrawal,atm,23,4,US,False,9,0,2024-04-25
e815b9564aec9262,63b8194152c1fb98,13.4,refund,web,22,4,DE,False,11,0,2024-05-25
21bfd695fe00603f,7f55f073111f191a,238.23,withdrawal,branch,12,1,CH,False,21,0,2024-03-04
dd8d025cd1dd2f00,705161d2912988f8,115.95,purchase,branch,0,1,US,False,25,0,2024-03-12
be154db425ac7bf0,4e061814b1e7346e,98.36,payment,atm,14,6,DE,False,28,0,2024-01-09
26139eb7f561d88c,11c1d84fadb1c7c2,14.67,payment,web,11,1,DE,False,7,0,2024-11-21
0d5eaca4d3d44bb3,8d55b3cfeea097d0,16.82,payment,atm,13,0,DE,False,1,0,2024-04-01
13b438f57a10b668,d133b4740ead06a0,53.79,refund,atm,9,3,DE,False,12,0,2024-07-06
c9753872e8739b30,ae956de840bb1be2,83.87,purchase,web,18,5,DE,False,16,0,2024-09-29
9242ebbfea073e27,a83327220e8416d4,53.3,withdrawal,branch,18,1,DE,False,3,0,2024-04-09
4722f408451c15f0,a978c82c01f66ff4,35.46,withdrawal,api,14,3,DE,True,21,0,2024-04-05
bb1c308a5b2a32df,4587b25745585a05,11.19,purchase,branch,23,0,DE,False,0,0,2024-02-21
2c586106851ebb3c,5e971feb22cb149b,51.2,transfer,mobile,4,5,AT,False,6,0,2024-03-09
391cdb7500c95d89,35a88194863ed22a,236.91,withdrawal,atm,1,1,CH,False,10,0,2024-03-24
bc4882becef351b5,f5c1f4185201b43e,29.83,purchase,branch,19,6,DE,False,5,0,2024-05-01
7a7769f0e9bfc284,0144e4b8227cbf3f,124.91,transfer,mobile,0,4,DE,False,0,0,2024-11-11
dc6f8837a27ee8b1,15dd59d98f96fd43,5.6,refund,atm,9,1,DE,False,21,0,2024-10-29
ff9c25fcbfc37ee0,3f8912e52a75358c,14.27,purchase,atm,10,6,DE,False,22,0,2024-07-18
fe3795768ac28124,686c007f83d0eac1,416.56,purchase,api,22,4,DE,False,30,0,2024-01-16
45c5bccf9a3e0bc9,305c43f9ac88e981,187.75,withdrawal,mobile,6,5,DE,False,13,0,2024-03-18
fdfdf349cedc4d54,a09cd46d515e3168,22.43,purchase,mobile,6,0,DE,False,22,0,2024-07-22
33db19fd8d8c51b1,a4747a10707f24f1,20.44,payment,atm,19,2,DE,False,9,0,2024-05-27
1a4ae540c725d7c4,2a4637feda49b45d,74.37,payment,mobile,15,2,DE,False,13,0,2024-07-06
a65b02f008aca809,564c3c628e93587c,25.68,transfer,atm,18,0,CH,False,5,1,2024-01-21
65ee016c82324b24,d4178519491ed4e0,152.27,refund,atm,20,6,AT,False,28,0,2024-05-14
f8fe93227eed20b9,76aa547f97a0017c,74.01,refund,branch,8,2,DE,False,6,0,2024-04-21
7ca7ebc1445c1277,edb39a7fbdf3edaa,233.75,purchase,api,17,5,DE,False,25,0,2024-11-02
d74da8be65274b35,a09cd46d515e3168,188.79,refund,api,10,6,DE,False,19,0,2024-12-04
efaaa3e2eec885d2,ce132dfabb90cfec,25.51,purchase,atm,6,1,DE,False,18,0,2024-07-14
a9ecee5dc262e4f2,f6ccf81852a818b6,36.54,refund,api,22,4,CH,False,27,0,2024-06-17
6bc5c2b864ee9c18,361aca729d2d0a42,148.88,purchase,branch,23,5,US,False,4,0,2024-10-29
50671188a3837520,788179f07895627a,191.68,purchase,atm,5,6,CH,False,10,0,2024-08-24
2af420d22345834f,3173f6ff68affcf0,91.49,refund,api,16,1,FR,False,14,0,2024-10-06
dfc6d22a31d6196b,379706e13cf85e7f,85.46,refund,atm,2,3,DE,False,2,0,2024-04-12
d3e9d5f97cd94368,e719af81c6c44bc2,265.91,withdrawal,branch,9,3,AT,False,17,0,2024-05-18
90cda602298a635e,a6b9c1ef773a06bd,99.55,refund,atm,18,6,AT,False,21,0,2024-01-02
d54c52353c481d98,3df83a86d1de18b2,1895.68,transfer,mobile,12,6,DE,False,1,0,2024-03-13
451fcd061f6e66f1,87665a30c225f102,21.54,payment,web,13,2,DE,False,14,0,2024-07-27
e3a82dc902cc43c1,8d55b3cfeea097d0,36.1,refund,branch,10,2,AT,False,15,0,2024-03-29
d11da5480bbc4448,d89bfd5e918e6684,82.73,payment,web,12,4,DE,False,25,0,2024-09-28
2930d22f4a93d374,3df83a86d1de18b2,8.27,withdrawal,web,13,3,DE,False,4,0,2024-05-11
fbb3cb6fdd71490c,8cfb46094b5f0108,58.18,refund,api,19,3,FR,True,25,0,2024-04-13
e18203c28662c9cd,f29d7ce6de0d8623,178.79,purchase,web,16,6,DE,False,15,0,2024-02-02
2bc7e2e26de410e1,ee2417daade824ea,36.44,purchase,web,5,0,AT,False,1,0,2024-09-30
b4a96c55c76523a7,20d0575d08c7416f,15.15,payment,api,13,5,DE,False,19,0,2024-10-21
a67b28af820505a1,cd57fcebe948e59f,76.08,withdrawal,mobile,17,2,DE,False,19,0,2024-01-07
3a6c5ec00ca763ad,cfc24bfff76187ec,60.84,transfer,atm,12,6,DE,False,16,0,2024-01-08
a48325e382b1a695,8fb1e2b799a1e70e,32.48,transfer,api,8,5,DE,False,26,0,2024-10-07
07982b8097a073f4,250219c2401f56a4,49.35,payment,mobile,2,2,FR,False,24,0,2024-09-23
03fa747191142568,e92882f97b592e42,525.24,purchase,mobile,9,1,DE,False,23,0,2024-08-23
660e04f83245252a,b53861bc6e140d22,41.13,withdrawal,api,11,0,DE,False,28,0,2024-05-16
904be0b3809d0a82,68a650ac8fd9caa6,358.16,transfer,web,16,4,AT,False,19,0,2024-11-24
ce7cd1c048ec926d,d68e3965aa606265,1134.58,withdrawal,web,18,3,DE,False,7,0,2024-08-07
b9e10ed319ac692e,70af6a05166575bf,192.96,refund,branch,22,4,AT,False,13,0,2024-05-29
fadc195ab16c4d14,88256bb2a38ef014,93.44,purchase,mobile,22,0,DE,False,18,0,2024-11-24
2160252678508c94,56673b96aa4090ba,163.06,refund,web,14,4,DE,False,4,0,2024-07-04
72eb2fec68ba5d52,e7f8b23a62389cc1,55.74,refund,api,18,6,DE,False,4,0,2024-08-23
b6cdfbecce1161ac,5c92fcc0db6d8ab7,10.87,payment,branch,19,4,FR,True,4,0,2024-04-26
855023b4b8541be7,b53861bc6e140d22,213.77,payment,branch,10,6,DE,False,17,0,2024-08-17
39766850a6171681,637dbf8360d5194e,197.66,purchase,branch,18,2,AT,False,25,0,2024-09-11
e5b59a314222ef56,044bd9f45244b936,35.08,payment,api,17,4,DE,False,23,0,2024-09-20
b65667382e501372,39b28406376154b3,65.09,purchase,api,1,4,DE,False,19,0,2024-11-17
31cf093dce07d3a8,cc3e28643aee16ef,40.03,refund,branch,13,1,DE,False,30,1,2024-09-02
4922facbd1a83aff,399d361b0b750759,28.89,purchase,web,5,0,FR,False,19,1,2024-06-19
4c0bb5501c65e108,977c64cfba67295a,100.89,refund,api,16,5,DE,False,24,0,2024-03-09
4f19a0aeeb0ce3bb,f5c1f4185201b43e,549.04,purchase,web,12,3,AT,False,19,1,2024-03-01
f434ab0ba21b9873,f7af4dc3737fd9e4,80.84,purchase,mobile,18,4,DE,False,28,0,2024-05-20
671e674bea28d1ab,c34245c3d61ac215,317.4,purchase,atm,19,3,FR,False,10,0,2024-09-08
d5d918ff9efbf047,009d36e0c5c629be,72.81,refund,mobile,6,2,DE,False,25,0,2024-04-30
87ab1d6b494d5d2c,fd8b048c9dcc4187,33.47,transfer,web,10,2,DE,True,27,0,2024-08-13
d57908887eac7ef6,ac1307fe013f478f,329.58,payment,api,15,4,DE,False,7,0,2024-12-29
c813a0b64215c8d8,e7f8b23a62389cc1,56.05,withdrawal,api,17,1,DE,False,2,0,2024-09-04
fa1d8a36598977bb,8d55b3cfeea097d0,34.27,transfer,atm,1,1,DE,False,3,0,2024-07-20
28f9e97abdd0f9f3,daf14806094945d4,612.93,payment,web,18,5,DE,False,19,0,2024-01-28
dc8874759a42a604,e2bf979250213981,250.99,withdrawal,atm,11,3,DE,False,15,0,2024-05-30
b23e4478895cd032,3ca7c76a3216d1e2,281.49,purchase,atm,0,0,DE,False,19,0,2024-04-21
ef5e3ecc60f6174a,487acc9ed4a526be,89.26,payment,atm,18,3,DE,False,5,0,2024-12-26
bf2be82f17b02bcf,ad322e7a390c0744,24.66,payment,api,12,4,AT,False,1,0,2024-02-15
7677bcb5a4a977d1,45f6093c8d51c7cf,427.55,withdrawal,mobile,7,1,DE,False,27,0,2024-07-09
79ea521ead95fe12,a9cb620e782da676,118.6,withdrawal,api,7,4,DE,False,30,0,2024-04-16
ee9b539428c01d89,0a3a13a712776e78,44.85,purchase,atm,12,1,AT,False,20,0,2024-10-05
61bb3dbd563316c4,d627159aece184f2,81.23,refund,web,13,0,DE,False,30,0,2024-03-25
0544f9a2495b6be1,fedfe36dcf07da5a,92.85,refund,api,2,5,CH,False,3,0,2024-06-02
87a3852dac5658a0,9ea7371d4d87b646,36.74,payment,api,8,6,DE,False,25,0,2024-01-14
db94e6c2d330304f,2599d3f84b57199e,150.71,purchase,atm,21,5,US,False,24,0,2024-03-18
e16f2f4dde8e49ef,3d9d6ee6fa361a6d,139.31,purchase,mobile,3,4,CH,False,14,0,2024-11-03
d15077df24e17559,3173f6ff68affcf0,58.48,purchase,web,0,1,US,False,29,0,2024-03-30
b28acdb0773de6e6,297073f7a7ee6b4f,7.35,transfer,atm,19,4,DE,False,6,0,2024-08-04
477fe1d030f48230,623628e8186471ea,33.35,withdrawal,api,23,0,DE,False,19,0,2024-03-17
9e4c5b7885ef4ebb,342bc2899163338d,10.3,payment,atm,9,0,DE,False,24,0,2024-02-02
0b041805e5419ae1,e00949f19b733cdb,46.19,withdrawal,branch,9,1,CH,False,1,0,2024-07-15
3b67102f4c4334e3,d160a2c8cadfb301,87.84,transfer,web,18,4,AT,False,28,0,2024-11-09
6e6ac6a1614c87aa,d708cdd5a1ab5147,39.86,transfer,mobile,15,5,DE,False,8,0,2024-06-01
f7a96956a415e010,9160299cf45a5954,234.26,transfer,atm,10,0,AT,False,26,0,2024-05-18
e175a07c6332e405,189d6ab44a602ce6,22.77,refund,branch,15,1,DE,False,7,0,2024-06-02
ffd9a37b52883547,e7bf14a2b33d4f12,16.19,payment,atm,21,3,DE,False,4,0,2024-02-28
71365e5e9fecc399,ff107396f163c985,240.72,refund,api,14,4,CH,False,4,0,2024-01-05
a0ef78988ead8576,75296ede9828066e,20.57,transfer,branch,15,5,DE,False,6,0,2024-09-27
44372b279d260fdb,639f0e3b604d2813,68.47,payment,api,15,1,DE,False,2,0,2024-02-03
1fd4480438e48ab1,58fe68b77b986d50,30.68,purchase,mobile,20,0,FR,True,25,0,2024-10-07
ceec3793b6f2bb98,204388e1feff3a9b,10.44,purchase,api,10,3,DE,False,14,0,2024-07-27
42870c8456dbc40f,27e36276d98cabee,165.4,transfer,branch,18,5,DE,False,23,0,2024-05-14
7476c509a8b2b7e3,c848f2790122e6c2,152.85,purchase,web,1,1,DE,False,16,0,2024-06-20
3eec6c983ab8ec18,97b20d27eeac7dcf,162.81,payment,atm,4,1,DE,False,9,0,2024-01-14
e996adc8e671ffb0,fc66fb484f6ff20a,74.09,withdrawal,web,8,2,AT,False,0,0,2024-07-24
2112f016ec65ddc8,3d9d6ee6fa361a6d,249.2,refund,mobile,4,1,CH,False,1,0,2024-04-28
05486eee2c9d3b90,0396573038648b4c,128.53,purchase,mobile,20,0,DE,False,19,0,2024-02-08
c8b8331bf4bc7ada,be15ab4e1a02bf8f,183.89,withdrawal,mobile,7,4,DE,False,5,0,2024-09-21
aa062ef12a80c40d,a4fac714a2933aff,41.42,refund,atm,10,6,CH,False,10,0,2024-06-04
0ed2afbd5f33cfeb,33027c5d86ee9f67,90.18,withdrawal,api,14,3,AT,False,18,0,2024-08-07
3c1daf7f521c589f,023873d9a8327222,13.75,refund,atm,7,3,AT,False,15,0,2024-05-04
58cf7818961a730c,79ae08fe23fd6203,188.81,withdrawal,mobile,19,3,CH,False,26,0,2024-06-20
ea430e0658e3418c,8c725f3e249643b8,30.66,purchase,atm,10,4,CH,False,24,0,2024-03-21
18845a61b002d2a4,d1bcbf944b97b4cc,95.49,purchase,branch,9,0,DE,False,11,0,2024-07-26
5c977fe8637f3273,dad9aab4c746f6c5,117.57,withdrawal,branch,8,6,DE,False,21,0,2024-04-16
30fed3af0ee1156b,5426c51613baed1d,153.54,purchase,mobile,20,6,DE,False,23,0,2024-05-28
2b388273c7862fd1,70a47eb6dcfc057c,1277.31,purchase,branch,18,1,DE,False,2,0,2024-08-22
533462d040d90546,d401c5577bb35cfc,101.99,withdrawal,mobile,21,2,DE,False,23,0,2024-12-08
93e8d06c60f41bc5,600d2ea3ba44254f,55.93,withdrawal,api,15,4,DE,False,24,0,2024-10-06
9cd97dd846700bdb,129fe03886f1f5d5,156.6,withdrawal,mobile,21,4,DE,False,25,0,2024-04-10
cd7bb30876aad735,ae2d1158bfce8bb7,83.03,payment,branch,6,3,DE,False,22,0,2024-01-03
50432884071a083c,0bb1d61fa1b0f993,14.94,purchase,branch,17,5,DE,False,12,0,2024-10-20
76a35ee768f5adca,ce132dfabb90cfec,463.5,transfer,api,9,6,AT,False,10,0,2024-03-14
a4644b1f706821e6,50d6200e599a11a6,233.68,transfer,branch,22,2,DE,False,29,0,2024-11-02
386fbe97a134e79b,2bc450148c28b47a,64.93,refund,api,20,2,DE,False,18,0,2024-12-06
7fe5ec5eca0838ae,d7ab65598d82d494,240.54,purchase,atm,18,3,DE,False,21,1,2024-12-15
5f1b16736eab083c,aa70cf27e477cd4e,102.88,transfer,api,3,0,DE,False,5,0,2024-10-19
7bac7d3dc6f49710,124e6a8ca5919757,24.34,refund,web,2,1,DE,False,8,0,2024-12-06
07bf380e1eed1a60,2547a6de8a3897bd,664.33,transfer,atm,17,6,DE,True,18,0,2024-12-19
f6bc58c4cd925ce9,8183e42e6ef09235,18.91,refund,mobile,1,0,US,False,2,0,2024-01-06
698810bf9df27aae,1e0df9c532a06351,24.7,refund,web,0,0,CH,False,29,0,2024-01-20
41fd21f0dfe41f4c,959c15d7aeddff50,129.1,purchase,branch,3,3,FR,False,23,0,2024-11-13
32f8bb937158f201,8afdb472cddbdb81,23.6,payment,mobile,8,4,CH,False,9,0,2024-03-20
5d9a46dffef536e7,f1a71cf26fe20f2b,42.73,purchase,web,22,3,DE,False,15,0,2024-10-29
b7fb357a2bc1b011,09151ed2d74d2e19,23.84,payment,web,10,6,DE,False,28,0,2024-09-10
85dd356eac69f4b2,4bff6814ca7d7561,44.42,payment,api,21,2,FR,False,4,0,2024-08-25
8c877bdecc4e624f,ad322e7a390c0744,221.89,refund,api,20,0,DE,False,26,0,2024-11-19
6c57c639ee7fae3a,15a29e232365fe42,276.86,purchase,branch,16,2,DE,False,13,0,2024-02-06
9af8b669f4b81b70,6ee604a0b16c2ac5,1983.67,payment,branch,9,4,US,False,12,0,2024-10-22
724d42bea0e60004,f1a5c01046388dbf,13.48,payment,atm,9,0,DE,False,29,0,2024-06-18
83bb81c556cd5156,1b2ee82dc979a6cc,52.21,transfer,branch,2,3,DE,False,10,0,2024-06-14
c0a353877fa5fa48,49768037c84f8008,258.32,withdrawal,web,0,1,DE,False,23,0,2024-12-28
202e66e7b7fdca11,f4e1e3e2c455372c,138.11,refund,atm,16,4,FR,False,12,0,2024-09-16
ba344318300428fb,ae7d9d97fe6e5f3d,168.49,purchase,atm,21,3,DE,False,16,0,2024-03-15
22565c8d2b4526cf,a482af252c6703ed,561.27,payment,branch,4,3,DE,False,11,0,2024-01-14
048fedf6842dfbfc,fd3a42681c37c3be,44.1,purchase,mobile,8,0,AT,False,24,0,2024-01-03
ba49b75d47d89a1d,305c43f9ac88e981,60.6,payment,atm,3,3,DE,False,15,0,2024-04-08
ded2174bbffee730,54bbd2fc294c7d06,150.8,transfer,mobile,7,1,DE,False,17,0,2024-01-07
6bf25c045a2974e7,2996ac5bda773a5c,45.62,transfer,api,6,2,US,False,9,1,2024-05-19
79cd639e6ea5837b,c2dfeb5991158ea3,26.84,payment,mobile,11,6,DE,False,7,0,2024-01-16
82e76223642d53cb,9f0102c1e761f255,13.01,refund,mobile,0,6,FR,False,20,0,2024-12-06
67e15ebb4925156d,24876d5b2e6b42f2,749.27,payment,api,14,4,DE,False,17,1,2024-02-07
628d41175fdbc634,df5a7d4e1e07dca3,3.39,withdrawal,mobile,9,0,DE,False,4,0,2024-09-18
4f2afe86c8ca398d,77e0b6a5284edb40,35.83,purchase,branch,9,5,CH,False,1,0,2024-11-24
1d484065b6338143,57e86fffed584acd,35.62,withdrawal,branch,17,5,AT,True,7,0,2024-10-26
5b4ce14e574759b2,7a6ad03248d611d3,35.62,transfer,api,23,5,DE,False,28,0,2024-07-25
5cf66242de6e6b7d,833572166df65733,113.16,withdrawal,api,10,2,FR,False,18,0,2024-12-23
0a808cb936728a7e,bfde2e0db1f91226,23.97,transfer,api,19,6,DE,True,2,0,2024-07-17
5142d80afc27de94,45f6093c8d51c7cf,72.54,purchase,atm,11,3,CH,False,10,0,2024-07-31
4e353aa52f4ed81d,4d6eb45fd05d56fd,407.1,refund,web,9,4,CH,False,11,0,2024-01-11
40cb03a937ad2eee,9b07df76ca908edb,37.8,purchase,api,19,1,DE,False,9,0,2024-08-23
c11c784c2e306883,b871cd71bfe8e9d8,353.96,transfer,mobile,23,1,FR,False,9,0,2024-01-17
85ead069e4858f09,701e668375016da9,21.9,withdrawal,mobile,12,4,DE,False,10,0,2024-10-26
22320b918235de2f,88256bb2a38ef014,89.04,payment,mobile,8,1,DE,False,24,0,2024-12-02
58229675adc04215,d8a42796049f954e,130.97,refund,atm,11,1,FR,False,10,0,2024-03-12
047c0b12b9d697ce,3f8912e52a75358c,70.52,payment,mobile,19,3,DE,False,22,0,2024-02-16
14aece50378faab3,a93aa7dace01d135,22.91,transfer,api,4,6,DE,False,13,0,2024-03-31
69389de0c4910b57,4d2ab5de3d01f17e,7.5,refund,mobile,12,3,DE,False,26,1,2024-04-23
f02dc2e9b32cd11e,fae0b351876a2aca,1269.4,transfer,web,7,4,DE,True,17,0,2024-07-02
da912604308de081,ed4a16cea68d7e1f,12.08,payment,api,7,5,DE,False,7,0,2024-09-06
1dd1a44ad7cba0f1,2a4637feda49b45d,130.13,refund,atm,13,0,DE,False,10,0,2024-12-12
ed0912988d9d7712,e92882f97b592e42,139.76,withdrawal,atm,19,2,DE,False,19,0,2024-03-14
b395cf19cd079d30,839cdd252273f04f,17.54,transfer,mobile,23,1,DE,False,20,0,2024-09-30
cc6829280f7516fc,bfde2e0db1f91226,24.35,withdrawal,branch,23,2,CH,False,25,0,2024-11-10
5f5aaea4e4cc1ca8,8a2b37f719b60f6b,370.66,refund,web,2,5,DE,False,13,0,2024-06-23
b764698459eb8613,8dc5d38069cca211,35.24,purchase,web,4,0,AT,False,2,0,2024-11-27
9b7cc8ffc8f1b831,97aef52e361eff46,85.58,payment,api,1,1,DE,False,3,0,2024-11-16
46202bbc9b7adc1e,22727d17208d372b,174.67,purchase,branch,20,3,DE,False,4,0,2024-09-05
16febbaa4f45f3b1,39ca2dc771d824bf,109.35,payment,mobile,12,6,DE,False,20,0,2024-07-31
89756318eb85e893,8f1c9e592ba3b4de,53.54,withdrawal,mobile,0,0,DE,False,14,0,2024-05-05
529e0d849081513b,ae7d9d97fe6e5f3d,296.81,transfer,mobile,22,5,DE,False,13,0,2024-12-03
3de0124ad629208a,ebba17080438114d,90.68,refund,mobile,4,3,AT,False,8,0,2024-12-03
2f153f68b491e57e,623628e8186471ea,12.97,purchase,atm,18,0,CH,False,6,0,2024-03-12
1a476474bb02b353,03317b602209d5a0,128.4,purchase,atm,5,5,DE,False,13,0,2024-04-22
4f3eb6f2b6e2c169,6cacffc716869f24,36.75,withdrawal,atm,11,1,US,False,15,0,2024-07-06
2af33550095c7db1,94c152bdf68cc6af,3.73,purchase,api,15,3,DE,False,9,0,2024-03-22
d44946f8c38bfcb5,cb3a7a12ac0f2654,9.0,withdrawal,atm,3,0,DE,False,10,1,2024-07-30
78961f98711ac4b4,299b90f63d80b474,15.44,withdrawal,branch,17,2,CH,False,21,0,2024-08-03
1d14a45fa3e5b778,05773f537a4c7ed1,22.38,purchase,branch,5,4,FR,False,22,1,2024-08-13
5b17b55d93c0aca4,de22e940fc47bec0,194.35,withdrawal,mobile,2,1,DE,False,27,0,2024-07-09
e6e5b0a5a5ed945a,db996eb524714042,1318.28,payment,atm,11,3,AT,False,28,0,2024-02-29
0ef0e443c42edbf5,d401c5577bb35cfc,103.0,payment,branch,0,1,DE,False,4,0,2024-08-19
ebcc834a66a34190,901cca668dced61d,34.72,transfer,web,18,5,AT,False,22,0,2024-09-06
22e3c6dea74329f9,02cf0c5ce4fdbcb7,241.51,purchase,mobile,13,5,DE,False,27,0,2024-09-23
b05757d7a8fbc18b,1383c0e777d7e42a,44.92,transfer,mobile,0,6,FR,True,28,0,2024-09-22
bb232d1494fb02d0,3889f99d1d1b1c92,90.88,purchase,atm,17,1,DE,False,13,0,2024-12-11
ac41833f528c23ac,ef5f35f62ea79582,123.76,refund,api,12,3,AT,False,22,0,2024-01-05
a5cf0041ec09ee35,a482af252c6703ed,31.55,refund,atm,13,4,DE,False,11,0,2024-05-23
61ff8141cc1a3c01,8de66ee28c31b238,143.64,transfer,mobile,8,4,DE,False,29,0,2024-04-20
22264ae565e7abe0,a1e470ef13acbf82,26.93,purchase,web,15,2,AT,False,22,0,2024-11-24
f2b0b7054cd3db60,f1a71cf26fe20f2b,98.35,refund,api,18,5,AT,False,9,0,2024-02-04
e9587281800808b5,407b37d85e83dd32,48.58,payment,atm,12,3,CH,False,21,0,2024-06-18
dddb4ac29d323b4b,53900e3fadc042d3,102.9,withdrawal,api,20,1,DE,False,11,0,2024-04-10
e8eb93283ae3b3d7,39063b88013afa8a,116.67,purchase,api,10,3,DE,False,26,0,2024-10-08
7c2e83d8b92ecbb6,6463222113544c6b,117.16,purchase,web,12,4,DE,False,22,0,2024-12-25
0f8082567c6b7c1e,84ccf3119a3a106d,77.66,refund,branch,13,6,DE,False,2,0,2024-08-28
5e7dd97c57074241,2aef673b253b3d58,303.64,refund,api,6,5,DE,False,15,0,2024-06-13
e043fb337eeb4327,e52768c960a35996,101.45,withdrawal,atm,20,4,DE,False,10,0,2024-03-17
16d0b5bcc1da8274,7f08e90a594767b7,59.0,transfer,mobile,18,5,DE,False,5,0,2024-07-17
25a8970251e7a4d8,02cf0c5ce4fdbcb7,129.34,purchase,atm,17,0,DE,False,26,0,2024-08-05
91389fa6601639f6,bdaa952c935e7ce2,115.62,transfer,web,6,0,DE,False,6,0,2024-08-24
1895823961072485,c848f2790122e6c2,83.91,refund,api,20,1,DE,False,11,0,2024-12-29
6f43b4eb302750a9,407b37d85e83dd32,40.86,refund,atm,9,3,DE,False,25,0,2024-04-07
a32e899e80baa51e,dd2faed52032391a,566.3,refund,branch,4,5,CH,False,24,0,2024-10-11
80879552b43ca90d,e52768c960a35996,153.14,purchase,branch,15,3,FR,False,3,0,2024-09-13
1df9be1e10be1c95,3889f99d1d1b1c92,38.49,purchase,api,12,1,DE,False,0,0,2024-02-12
3ba82016d06afd91,61fd0f5864ecb010,166.9,transfer,atm,21,2,DE,False,30,0,2024-12-03
5b44886ef1e83aae,e0ff36e4a2450b1a,924.4,purchase,branch,3,6,DE,False,22,0,2024-03-02
04bcb6c46763ff1d,8920b5e6cbd13faa,140.34,payment,branch,11,5,DE,False,12,0,2024-08-21
008f04dbecd6cccb,1095343f2be478c8,30.9,purchase,api,7,1,DE,False,0,0,2024-07-06
72ad566756404e89,60ec1ac35556f58d,53.41,purchase,atm,6,6,DE,False,22,0,2024-02-15
71e2431c22e9d030,66768ab0b72b95b0,27.74,refund,web,14,0,DE,False,21,0,2024-01-26
f23dd83a742970dd,4b5612a18aca755d,18.79,refund,web,2,2,DE,False,1,0,2024-12-28
820b1f4e5af9c03a,25a2fefaa45a6219,384.22,payment,api,1,1,DE,False,22,0,2024-05-13
e9610e8d54be7a34,0cf489584e43aaa5,81.7,purchase,api,6,1,DE,False,22,0,2024-09-08
082fcb9d1b768a75,6bf2a2cffbf5c19d,31.82,withdrawal,api,12,3,DE,False,12,0,2024-12-29
34998c9f8a142f84,5f45a4b8ebe17768,65.12,transfer,mobile,0,1,DE,False,15,0,2024-12-02
56dafd636072c10f,cf6a24668294f154,74.81,refund,mobile,9,3,DE,False,28,0,2024-03-26
8fe4b8a8105aebd4,30888b723f760fac,89.61,payment,web,1,5,CH,False,4,1,2024-07-19
49971da1ffbcaee1,f3ab14cdd1f7c406,23.75,purchase,web,10,0,DE,False,10,0,2024-03-14
60aa48884c6b65c1,0d440c2adf3f05cc,329.08,transfer,web,20,5,AT,False,10,0,2024-12-01
ebb0e5a2b2fd9c1b,cf24922037aeb96d,21.12,transfer,web,2,0,DE,True,1,0,2024-10-31
e40463cdb1a116de,a7847bb3573d03ed,26.54,refund,web,23,0,CH,False,26,0,2024-01-23
f6daf1b2dfa8f439,14be3a476b56c6b3,2050.3,transfer,atm,22,2,DE,False,30,0,2024-04-02
1e0ef651c7785d82,87dc8c4342f67013,243.56,transfer,web,8,5,DE,False,13,0,2024-08-01
f1764928cf2f83f6,465c21f02308e1c6,168.81,payment,atm,18,2,AT,False,8,0,2024-01-02
6a5d534d1b09f436,6cacffc716869f24,29.59,payment,web,1,2,DE,False,21,0,2024-05-05
f28b34fb704c6bdb,294eec57b188ae20,334.82,transfer,api,14,4,DE,False,3,0,2024-03-04
a0983b8fecfa240d,3173f6ff68affcf0,27.51,refund,mobile,15,3,AT,False,0,0,2024-02-23
45438964ebcabcb3,224fb9a274e0418f,276.51,payment,api,15,3,DE,False,21,0,2024-04-20
d79e7d489805e909,7baf6c5fef6c48a2,423.36,refund,atm,0,0,AT,False,24,0,2024-03-23
f1be0604f1e4096d,898b90d5e7d15ebc,26.54,purchase,branch,16,6,DE,True,22,0,2024-08-17
a41bcf11ce3cc56e,2ad62cb0b43165d1,400.46,transfer,api,20,4,DE,False,30,0,2024-08-25
d7b97ca09e3ab474,f566318da79ba3a2,112.09,withdrawal,api,17,0,DE,False,15,0,2024-03-18
d16e321d4b65cc31,238a336ea811dc5f,35.88,purchase,branch,9,0,DE,False,17,0,2024-09-29
9d59e17b7c33c56d,3ca7c76a3216d1e2,13.49,payment,branch,10,3,DE,False,2,0,2024-03-12
ca804b33c63559ec,f042952598001d4d,288.66,payment,api,17,3,DE,False,9,0,2024-01-21
9d2a313a87fe6c29,05994ecc6b269fd8,299.44,payment,web,22,4,DE,False,22,0,2024-09-24
79e8bbba3af69477,9030765f9f6a676b,46.54,purchase,atm,20,3,US,False,20,1,2024-03-13
68b6a0117d8f58d3,788055dac7b97bee,44.1,transfer,atm,20,0,DE,False,26,0,2024-09-09
60b64c6fa1d9dfe1,59e97c496d5f4822,5.72,payment,branch,21,5,DE,False,5,0,2024-04-06
f9d941679a9722d2,cf6a24668294f154,299.88,refund,web,12,1,CH,True,30,0,2024-04-10
82fcf9a5e741314d,5bd4c9e5956de746,154.46,withdrawal,api,14,2,DE,False,23,0,2024-01-13
c6dad43d50ff23ba,e719af81c6c44bc2,317.05,payment,atm,9,3,FR,False,11,0,2024-12-13
6a9c72c040fdbc8e,bbbdc5bdd5d4f50a,278.49,purchase,api,15,6,DE,False,8,0,2024-04-22
b50f28bfc9ce8d2d,d89bfd5e918e6684,61.94,purchase,branch,17,4,DE,False,29,0,2024-04-11
3e19573514c50641,114f7360cdf50a16,180.52,transfer,atm,17,5,CH,False,29,0,2024-10-07
55975a2b8aeda8d1,ba6854b5e65567f3,75.63,purchase,branch,6,3,US,False,16,0,2024-03-19
c9987cbbb5a85597,6ea67b24b77eb9f4,80.0,payment,api,19,2,DE,False,20,0,2024-11-08
900cea9363261c1a,5426c51613baed1d,45.8,purchase,api,22,2,CH,True,0,0,2024-06-05
5733812afd7f204a,525cbd86c4dd39e9,236.47,payment,api,5,4,DE,False,23,0,2024-01-27
8c642694f7788f7d,e00949f19b733cdb,42.38,refund,mobile,18,0,DE,False,29,0,2024-03-13
25ae091dbb3aba94,0cf489584e43aaa5,371.77,withdrawal,web,7,4,FR,False,4,0,2024-06-28
57f8cbcfa27d7956,6c14a166a64d8b13,35.62,payment,atm,10,0,DE,False,3,0,2024-06-24
387a18d843f2db9e,839cdd252273f04f,225.91,purchase,api,8,6,DE,False,7,0,2024-09-08
d16efe95804ed443,430d5e560fc5effe,150.61,transfer,mobile,21,2,DE,False,27,0,2024-07-02
af6f8e313bef2ea5,0c98212079c46664,25.1,purchase,mobile,21,2,DE,False,11,0,2024-09-27
20cc874610141f8f,023873d9a8327222,126.99,withdrawal,atm,10,0,DE,False,1,0,2024-11-16
90239db2af2bce99,a278a47b25db6b97,116.48,payment,branch,21,2,DE,False,24,0,2024-12-18
c2b6c22e996160c6,19283f997756204e,65.28,refund,web,13,3,DE,False,12,0,2024-03-12
0338e91f2910f3bd,07b871ac172a9c35,25.89,purchase,atm,13,5,AT,False,5,0,2024-05-11
ea675a240ffc35b7,ff5d652884662995,24.37,payment,api,20,3,DE,True,19,0,2024-08-05
ad14b2b51f9d3190,6e4f134425053dd5,22.63,purchase,mobile,0,6,CH,False,19,0,2024-02-07
8cc43e53c9e9b2e2,ca1290690bd7ba4f,60.18,withdrawal,api,18,4,DE,False,29,0,2024-08-02
01a405eb150b1101,886a3db278c0c1a3,5.16,transfer,mobile,8,6,DE,False,29,0,2024-01-20
fc09bcd48b8bf887,00aa6841d365e160,92.63,payment,atm,20,1,DE,False,26,0,2024-06-01
95a226f9fff0382b,e48b15d72c48a94b,149.65,transfer,web,7,2,DE,False,11,0,2024-08-26
6f9e448059c3d78a,0c98212079c46664,113.74,withdrawal,atm,18,0,AT,False,6,0,2024-09-23
c6972d09e3b14c52,097fd8b6f9a08ae3,301.35,transfer,branch,19,2,DE,False,28,1,2024-11-30
cd8af271fca0bf45,3df83a86d1de18b2,86.68,payment,atm,0,3,DE,False,30,0,2024-08-27
41fa54c3de2610d9,ead1177c5fa66d4c,263.11,transfer,api,3,6,DE,False,2,0,2024-09-14
80ce6c6b3a5f96c7,f6f77809b5ae8445,20.81,transfer,web,18,4,DE,False,2,0,2024-08-14
ad2c0c7a1941d71d,ec7811d610b2961d,173.09,purchase,web,0,2,DE,False,14,0,2024-08-14
f0a3c345e278d8de,62152f503ed652ee,5.14,refund,web,11,6,DE,False,10,0,2024-03-31
d142bc0f53343722,d0244b2e899ab6bc,10.51,refund,mobile,17,3,DE,True,6,0,2024-06-07
479b4055ed66ed14,8e8ef9b2d63288e9,64.39,refund,atm,16,3,DE,False,7,0,2024-01-25
55fb912c0231a358,89f7acc482b0f4c5,203.9,purchase,atm,9,5,DE,False,4,0,2024-08-05
2fe0f61307704fba,28c2b9d5a3056adf,90.99,transfer,api,21,1,DE,False,27,0,2024-02-21
45f03debbe5b4750,703456167a7acd17,38.79,payment,api,9,1,DE,False,17,0,2024-03-27
31318a597a6a9007,c8548340e292f8ae,188.25,refund,mobile,21,5,DE,False,12,0,2024-11-22
ba926b8a022c071f,79f31847f0a1fb1e,25.97,payment,branch,7,5,DE,True,23,0,2024-12-27
eba350b38ac05365,20afa56bf367ac54,153.41,transfer,web,1,0,DE,False,22,0,2024-01-26
af2ab7f6d99c5b51,550a120e7736895e,85.27,payment,branch,7,2,DE,False,0,0,2024-12-09
f29bfb9951663dd9,4aa210e4e90e7212,250.65,transfer,mobile,14,0,DE,False,3,0,2024-10-26
07d1a0c872c2646a,f6f0f3fb39eda772,27.81,withdrawal,atm,8,2,DE,False,19,0,2024-06-22
84a146a1686ba2c2,d11d9804ea41b9cb,473.89,purchase,branch,15,0,DE,False,21,0,2024-12-18
2bf0a30a1a5399bd,ab4e765e8843ec76,185.72,transfer,branch,7,4,DE,False,23,0,2024-07-14
4869b781ee4abee0,12e63a843a011c35,313.37,payment,atm,11,3,DE,False,17,0,2024-09-25
57d851c7b99164c5,e91b18a6870ac128,1604.5,payment,mobile,23,1,DE,False,22,0,2024-05-27
711122e67482bf39,abed2df131af0962,69.16,withdrawal,branch,12,1,DE,False,6,1,2024-12-14
dc6353418a4a1892,101cbc670c03679a,17.74,payment,atm,5,5,DE,False,9,0,2024-02-27
9710a279f366999d,697dbb1da7fa8b85,57.17,purchase,mobile,13,2,DE,False,12,0,2024-10-02
e5db6d4f6125b427,1c0835fbe30d5c34,56.08,purchase,web,6,3,DE,False,7,1,2024-05-22
1ddd527bc13b0a7c,28c2b9d5a3056adf,14.61,transfer,branch,23,1,DE,False,11,0,2024-04-02
c616222e43d8dcf0,3173f6ff68affcf0,9.65,purchase,web,12,2,DE,False,1,0,2024-01-26
c25cd56f1bc7a52f,6278347022e40fe1,441.4,refund,web,2,4,DE,False,5,0,2024-03-04
35da5670068e0f3f,72fcea085bcfb91a,44.99,payment,branch,22,4,AT,False,20,0,2024-09-02
6d5c3928f1d6f448,40795a3e29c51480,194.24,refund,atm,18,3,CH,False,14,0,2024-01-30
50cd0d156c1ea7b1,81d95c143c333ee7,4.03,withdrawal,branch,11,4,AT,False,17,0,2024-01-05
b138250fe0dc26dd,76c5701c80ac9f13,29.84,withdrawal,branch,7,0,US,False,3,0,2024-08-24
83a33c05a91d22c1,7f66816c12c166d6,58.89,transfer,branch,3,3,DE,False,6,0,2024-10-14
d6d09f1044eff1d4,61dfb3c3e2866b8c,11.33,transfer,api,22,5,DE,False,18,0,2024-09-28
3f2bd8c865e42901,9030765f9f6a676b,411.62,payment,branch,2,3,US,False,25,0,2024-03-28
2a0d14d3920625a5,7d5e2b48e263f4d1,28.31,transfer,branch,3,6,CH,False,19,0,2024-06-17
f56b06e2f525d85a,1b944f8ec429e26f,173.62,payment,atm,22,4,CH,False,21,0,2024-07-01
6d3d7316b658ede3,79f7d72f5f58db79,37.78,withdrawal,api,7,2,DE,False,26,0,2024-12-14
6af17a3f98e8c431,64080c50db039307,601.97,payment,mobile,15,6,DE,False,19,0,2024-03-15
face307ddea9d93b,9351b9869bfd640b,50.47,withdrawal,web,19,5,AT,False,28,0,2024-11-18
6631d5c9a3f4ce79,4ae94faa21f10177,150.14,transfer,branch,1,0,DE,False,18,0,2024-07-02
03958b297a9e2f26,3fc342302a9bcaff,31.64,refund,atm,10,1,DE,False,24,0,2024-05-04
1209cae7fa19289f,294eec57b188ae20,137.09,withdrawal,api,1,5,DE,False,9,0,2024-10-23
577349ed399219a8,2ef53364280f236e,74.03,payment,api,23,4,DE,False,3,0,2024-11-21
1ef5ee4c7e44f8c5,bbbdc5bdd5d4f50a,299.49,payment,branch,12,4,DE,False,6,0,2024-08-28
4c0a9d01a8cb8f50,0fe90c42e16ec1ac,461.27,purchase,mobile,3,3,DE,False,0,0,2024-04-02
a81d13e2eb6082ea,e745d7e53b03c26b,36.12,transfer,atm,3,5,DE,False,26,0,2024-02-01
809516dc0916978f,76de6665e38fef60,144.61,transfer,branch,10,2,FR,False,17,0,2024-06-07
6b95507469af8d66,220587bd50b23c82,45.71,refund,atm,4,5,US,True,22,0,2024-07-07
dcd1ab7ba8b73b3e,ed4a16cea68d7e1f,162.04,purchase,atm,22,0,DE,False,13,0,2024-06-21
41c2c5e4db76fbff,c9b87801e32ab2ac,215.2,withdrawal,branch,11,1,DE,False,2,0,2024-08-27
ac9bddba01a7c6dc,7b9f9dd5e6c6017e,10.06,transfer,atm,10,0,DE,False,16,0,2024-04-01
5c8a501365108eda,a38f7ac494b6d0a0,836.05,payment,web,20,1,DE,False,8,0,2024-10-22
5a6166bc7647e7b2,3571056f372526fb,311.19,purchase,branch,13,4,DE,False,19,0,2024-03-26
057f6d93810de82f,ae7d9d97fe6e5f3d,59.74,purchase,web,18,2,DE,False,26,0,2024-04-08
c5550333045cee27,dd286cf412365357,825.8,transfer,atm,4,2,DE,False,9,1,2024-08-05
30b8e44ccb15773a,f78adc53ffb3b0e6,6.69,withdrawal,branch,6,1,CH,False,17,0,2024-05-01
2876e88c12662e9a,3d4dab7a8ecbf677,34.7,refund,branch,13,4,DE,True,13,0,2024-07-04
9c4ac82ec9d7556f,9a5ccc82ae06bb65,48.92,refund,mobile,12,4,FR,False,10,1,2024-05-17
0b36b711825797c2,478afcd83d763d72,12.55,refund,atm,5,6,CH,False,29,0,2024-11-14
f43a938653149446,a2fd300705d48a59,574.11,purchase,web,7,4,DE,False,27,0,2024-05-25
d0d8e7dbd7914b71,3b04333b896699f3,20.12,purchase,branch,10,0,DE,False,17,0,2024-01-03
d48a73b2a6ca0187,42c4eabba3c0309b,1303.2,withdrawal,atm,4,4,DE,False,29,0,2024-05-25
2d351bee7914cbe1,fd8b048c9dcc4187,341.17,purchase,api,13,3,DE,False,18,0,2024-01-09
b8342f6283eda81f,7baf6c5fef6c48a2,192.88,payment,branch,18,0,DE,False,14,0,2024-02-11
0308ad4ff0fd468f,2e7329697a5ef49e,114.24,purchase,web,10,3,DE,False,13,0,2024-01-01
8c9b7da0a773f2ec,a54cf8e4bd9cd4d7,43.54,refund,branch,0,5,DE,False,9,0,2024-12-15
fb9ecfc7fae949d4,387997a756b60d48,12.3,withdrawal,api,20,3,DE,False,28,0,2024-05-22
4fb10a8bb1492ace,0d0033838b14a9bf,50.69,refund,mobile,15,2,DE,False,22,0,2024-05-15
e3fd50e4a3662244,db996eb524714042,19.88,payment,branch,22,4,DE,False,25,0,2024-06-02
6a3ebe4323dc5f64,11bccca6fdc498bb,447.66,purchase,branch,23,1,AT,False,9,0,2024-02-06
4c75d7d7e15ca13e,3fc3ba49c9dc124c,42.6,refund,atm,18,1,AT,False,17,0,2024-12-09
748d9a990e02edbc,a38f7ac494b6d0a0,24.94,transfer,web,23,6,DE,False,27,0,2024-08-12
a2010b293b7ffc0a,9d25b2247e76feda,134.7,payment,api,20,1,DE,False,29,0,2024-07-07
2feecf540f414c03,d79c204a6da3f355,87.13,purchase,branch,1,1,DE,False,1,0,2024-08-04
8b4da86a5dc0231f,a4f313d7c6e5b805,18.46,transfer,api,8,3,DE,False,23,0,2024-05-05
faaa23aac5ce9abc,8dbd3dcbcede2453,39.24,payment,branch,22,6,AT,True,28,0,2024-03-04
2c9a36f1e37f034d,7f55f073111f191a,77.25,withdrawal,branch,14,3,DE,False,4,0,2024-07-19
0747eb95109e649a,29888b944b65e29f,116.64,refund,api,17,4,DE,False,25,0,2024-07-10
0244681f3c7f84ea,0b80468f1b1e962d,46.69,transfer,atm,16,5,DE,False,27,0,2024-08-23
2616d6b0631ae56d,129fe03886f1f5d5,4.9,payment,mobile,15,3,DE,False,9,1,2024-03-17
4464928916d7895d,3cdd1af24469afca,552.48,purchase,atm,2,2,DE,False,9,0,2024-06-11
c7145e9399627827,7650e7960a7a4e2a,83.52,transfer,web,19,4,DE,True,22,0,2024-05-22
fd0d8fd8f050fc67,4ae94faa21f10177,17.72,purchase,atm,23,4,DE,False,23,0,2024-05-05
d45e31104d7342aa,3f8912e52a75358c,156.27,transfer,atm,5,1,CH,False,13,0,2024-01-17
3dbdf4d9dc453ccc,744590daea52110c,15.07,refund,web,2,0,AT,False,18,0,2024-12-06
5a5132b72472180d,c8548340e292f8ae,216.48,refund,api,18,5,DE,False,2,0,2024-02-22
c956e579cd088c54,390be1c29d49d018,445.81,purchase,atm,12,3,DE,False,15,0,2024-02-17
4a563704451bd567,57e86fffed584acd,207.5,refund,branch,21,0,DE,False,18,0,2024-12-09
1eded38c39114003,f68f4bdc055c2fa3,100.97,refund,web,23,2,AT,False,10,0,2024-10-27
dcb9f28fae7ca1bf,a1e470ef13acbf82,345.34,payment,mobile,18,5,DE,False,9,0,2024-06-10
fc736e28b9010f71,6edd14d4d87db171,795.0,refund,api,13,1,FR,False,1,0,2024-04-20
8ce2926150d11ee7,b0cace3cdb71b4c7,22.5,payment,atm,15,2,DE,False,17,0,2024-02-16
2e779c63f09e4486,de042e0dc8e22bd7,62.37,withdrawal,mobile,8,3,DE,False,4,1,2024-06-16
0ca7a0023c705768,7f53cb886f1e2ff1,52.18,transfer,mobile,16,3,DE,False,2,0,2024-12-15
7d256eb05509eff2,8a21706ad64d5905,217.77,withdrawal,branch,15,2,DE,False,6,0,2024-02-09
aa8f63b2abd9168a,5f45a4b8ebe17768,55.94,withdrawal,branch,10,4,CH,False,30,0,2024-09-26
e0139aa9ed9a42b5,d63e94a07a59a8cf,111.69,payment,branch,17,4,DE,False,25,0,2024-10-22
2690e1f3651e8a4b,276e5ae6c75a8b32,173.16,transfer,api,12,2,DE,False,28,0,2024-02-26
368ecf5205bcfe81,8764514397de911c,64.45,transfer,mobile,17,1,FR,False,7,0,2024-10-19
09741999f1ea6bcb,ac0d58c6f453e585,127.3,payment,web,6,4,DE,False,12,0,2024-03-06
1c3a224e8cd2eb36,54134e1b407907c1,297.85,withdrawal,mobile,3,5,DE,False,14,0,2024-05-03
a7b518993df5f389,6a7a45ef56b7cc6a,154.42,payment,api,10,1,DE,False,2,0,2024-05-31
298b29327be92d60,3efc9e32d7f15ec4,69.95,payment,atm,20,2,DE,False,30,0,2024-04-24
b923579dad4d1c6e,7b9f9dd5e6c6017e,42.09,refund,web,21,5,DE,True,28,0,2024-07-03
44aa263a01562319,1c0b4f39057c26ff,121.52,withdrawal,atm,14,3,AT,False,7,0,2024-06-05
680d43cd1ed22ed4,c63370e30c0239c4,380.85,refund,mobile,19,4,DE,False,19,0,2024-11-02
ea0b4d1b2d14397c,a3bb335e7dd28a54,63.7,withdrawal,web,19,5,CH,True,3,0,2024-07-14
41d757c94b69054f,1a13581cb12c0831,47.45,payment,web,22,5,DE,False,21,0,2024-03-04
0387661a5f9ad902,b7ab6a76332a3704,102.06,refund,mobile,4,5,DE,False,11,0,2024-07-24
aab67c252b0791dd,c57e3d97aeb40ec3,148.44,refund,api,12,1,DE,False,8,0,2024-12-28
87c7cbccc4032bf6,74aea4f110f27179,106.09,withdrawal,branch,4,6,DE,False,1,0,2024-03-21
e64c1288ac8c8357,61fd0f5864ecb010,43.58,purchase,mobile,8,6,DE,False,3,0,2024-06-28
63cc1336ddd0f4b3,bc7c29eefe7123ba,53.62,payment,atm,21,4,CH,False,0,0,2024-03-16
e563f281a31d0072,a09cd46d515e3168,157.65,payment,branch,1,2,DE,False,29,0,2024-05-14
421e5cdc47f66fd1,7a95d43b030bcb1f,69.3,withdrawal,branch,8,3,US,False,19,0,2024-01-22
054315f10534a1c8,455d12da511ab656,112.23,payment,api,23,4,DE,False,30,0,2024-04-14
842927e826151e42,b30511c26c4cf80e,22.91,withdrawal,branch,4,1,DE,False,16,0,2024-08-14
736c759563c92e83,75d8f06438f91d09,298.66,refund,api,7,0,DE,False,1,0,2024-03-06
c1f951f72e33ab12,39154da45e2b9586,32.42,withdrawal,branch,18,2,DE,False,28,0,2024-10-22
8319f6f8b878d77f,361aca729d2d0a42,45.35,withdrawal,api,18,6,US,False,7,0,2024-10-18
c7cef90ab7730130,75296ede9828066e,34.41,payment,atm,14,6,DE,True,11,0,2024-08-13
95363112ce3e6d0a,d5574ffb10ab85b5,122.02,payment,branch,15,1,DE,False,10,0,2024-03-05
64782fefa5e02747,75d65b878316d8b6,229.36,refund,atm,16,6,DE,False,16,0,2024-07-30
e4d3972362376b81,85607fb2f086c1c1,243.48,transfer,api,5,2,AT,False,17,0,2024-03-22
518f1d2161b79b91,7e4da7f164626253,32.3,transfer,atm,6,0,DE,False,10,0,2024-06-01
700ee606e7ef6eef,3248a73959fbd3f3,435.19,purchase,branch,16,0,DE,False,10,0,2024-04-22
f128f7e261020a9e,48373bfa03a95bc5,223.1,purchase,atm,4,0,DE,False,2,0,2024-06-14
324be8a6687b19d5,333346881cc05374,20.01,withdrawal,api,20,1,FR,False,15,0,2024-12-28
aaa241bf103b6aa3,e00949f19b733cdb,330.34,withdrawal,api,12,5,CH,False,13,0,2024-03-02
683572b9f0318ab2,aa03c6e4e5791767,160.64,refund,api,15,3,DE,False,19,0,2024-06-11
0e1ed2913d123258,7cfe910d5ae635ea,1083.41,purchase,atm,3,4,DE,False,13,0,2024-01-05
00118336032031d0,a09cd46d515e3168,389.36,transfer,atm,23,4,CH,False,3,0,2024-04-08
fbeb043f35195c7d,9ea7371d4d87b646,45.71,transfer,mobile,8,1,DE,False,17,0,2024-04-20
00359c365a3a26d2,e745d7e53b03c26b,365.8,purchase,branch,13,4,DE,False,24,0,2024-12-01
a0f95a0641b800c5,c71d88a3c296fdf2,157.22,payment,atm,0,6,DE,False,17,1,2024-06-19
4ec0b5ceb39117e8,9009b7941abcc0b2,9.1,withdrawal,api,12,3,US,False,29,0,2024-05-13
f79108fcd3b0eb35,148f5e94748afbcf,75.64,transfer,api,4,3,DE,False,15,0,2024-07-25
08fb2eb1b5546b33,d708cdd5a1ab5147,204.11,payment,atm,23,1,DE,False,25,0,2024-10-20
44c92e2a526c5f5b,28b1bf21489bea06,1014.53,withdrawal,branch,14,5,DE,False,25,0,2024-01-22
47da8f5449638665,c57e3d97aeb40ec3,1903.64,transfer,api,7,6,DE,False,10,0,2024-10-08
fa058a7998c6a62f,70e5fb5880e41b74,37.21,refund,atm,12,3,DE,False,23,0,2024-08-16
3559245bfdcaad5c,5426c51613baed1d,344.98,purchase,atm,2,5,AT,False,18,0,2024-11-06
a1c2ecca8c000a80,ccde1e88c9dacee8,15.89,withdrawal,web,4,4,DE,False,3,0,2024-11-05
4aba7ac5155356a5,4f6a604412055600,37.79,payment,branch,8,4,DE,False,21,0,2024-09-21
11ab133cbe0cbc0b,4f6a604412055600,217.05,purchase,atm,14,3,DE,False,10,0,2024-01-19
ec934588703f6c7f,c8bd83145603e477,20.69,refund,atm,20,6,AT,False,9,0,2024-08-09
c9f4d18519a4ea48,d3e937a4fe997e9c,79.94,withdrawal,branch,18,1,US,False,26,0,2024-11-09
2834c50b21ac0b4e,caffab3ed0242dd1,443.7,transfer,atm,3,2,DE,False,14,0,2024-01-27
f0e551364d27139a,0ef584decd975f31,56.84,purchase,mobile,9,4,US,False,2,0,2024-12-03
aab1ad469505ab7c,6463222113544c6b,195.3,transfer,atm,11,3,US,False,8,0,2024-06-24
187be7d7bafc0347,7a2ac69a18fca7d4,280.0,purchase,atm,3,3,DE,False,11,0,2024-11-13
4584add209d62d37,697080d3446d0659,54.48,transfer,api,11,2,DE,True,24,0,2024-10-25
dde8a9253155e68b,271851a35dd63fe7,390.95,refund,atm,15,2,FR,False,13,0,2024-03-20
4912d6ae6b79192a,129fe03886f1f5d5,516.1,withdrawal,web,6,3,DE,False,23,0,2024-11-22
8ed513b4550ae45d,2cee8df3253c6be0,76.35,purchase,web,8,3,CH,False,14,0,2024-02-19
2083ea54640a321a,d89bfd5e918e6684,228.48,refund,branch,23,6,CH,False,9,0,2024-06-27
5cdcb1a0d9d25a36,7c7af75cffc2d2e2,51.24,payment,api,22,1,DE,False,22,0,2024-01-19
6a0f3e70d2acf340,2a2d3abde32ffed3,81.61,purchase,web,0,0,DE,False,0,0,2024-01-21
51473291f020b0b1,487acc9ed4a526be,481.97,withdrawal,api,1,3,DE,False,5,0,2024-06-09
217302e4ce68fc80,044bd9f45244b936,166.51,transfer,web,23,6,DE,False,7,0,2024-10-26
2016f0a7215cae5d,3d9d6ee6fa361a6d,63.48,withdrawal,mobile,13,3,US,False,21,0,2024-12-26
90c7f4476ba47bf7,7ab12b5ccac8b8c8,110.33,payment,branch,4,1,DE,False,24,0,2024-04-19
0a4423bd97a3ec76,d504b2be039b67e9,345.22,payment,atm,6,0,DE,False,9,0,2024-11-21
3c9de7f99b40ee76,4e061814b1e7346e,49.61,transfer,atm,15,5,AT,False,14,0,2024-02-02
96e121eb2dc301fc,8d55b3cfeea097d0,207.36,payment,mobile,22,6,CH,False,0,0,2024-08-21
7496c8fb93d5faa6,f78adc53ffb3b0e6,922.77,purchase,atm,17,6,DE,False,16,0,2024-06-24
84211f6c4d323caa,387997a756b60d48,12.19,refund,atm,22,6,AT,False,16,0,2024-09-24
d04a86f983237354,cc3e28643aee16ef,63.44,payment,mobile,21,1,US,False,5,0,2024-11-16
99184b8d0f35f9a5,75d65b878316d8b6,178.51,payment,api,15,6,DE,False,4,0,2024-11-12
451915d60fe4636f,e52768c960a35996,237.76,withdrawal,atm,12,2,AT,False,21,0,2024-05-23
2e9f6f1c7a595b6d,f1a5c01046388dbf,140.28,withdrawal,web,6,3,FR,False,30,1,2024-06-22
3e0aeae8834a1576,d8a42796049f954e,11.77,refund,web,22,4,DE,False,23,0,2024-06-03
55397779d4df6a47,4f6a604412055600,36.53,payment,atm,12,5,DE,True,2,0,2024-09-24
b7662a70ab36cd7a,703456167a7acd17,35.94,payment,web,3,1,DE,False,29,0,2024-04-10
026cff0339d674cd,285ea4ca8c35e49e,103.36,purchase,atm,14,3,DE,False,13,0,2024-09-04
511b1aff6fcceeed,f9c769c2d2fa5c49,15.4,purchase,branch,4,5,DE,True,13,0,2024-12-18
ff2628c714afe125,88cfc5a51b95e5d1,19.47,payment,branch,4,0,DE,False,16,0,2024-01-26
90ede1b1642fdd4c,77145db08d2500c4,39.41,refund,mobile,1,1,CH,False,12,0,2024-12-01
0ceca04b349e292e,356a8c1e286f5d7a,204.26,purchase,branch,9,0,DE,False,1,0,2024-12-16
9bbd66254c313cf9,7f4335560a6a3524,15.77,purchase,atm,18,0,US,False,24,0,2024-01-08
751e3db440ff85fe,73782229d955b453,48.16,payment,api,14,5,DE,False,23,0,2024-10-13
1ac6915be3f5f799,2cf007913545eeb5,22.96,refund,mobile,18,3,DE,True,8,0,2024-06-19
9a9e3716b45c8c33,118f541bfed3be3e,24.56,purchase,mobile,10,1,DE,True,5,0,2024-10-19
a58103a02c9429e3,7cd6a5223fc31e17,197.51,withdrawal,api,0,1,CH,False,7,0,2024-07-07
695becd66035b354,7f08e90a594767b7,29.48,withdrawal,mobile,21,6,DE,False,13,0,2024-05-02
e10c3f34564b001c,39154da45e2b9586,84.59,withdrawal,branch,18,1,AT,False,3,1,2024-03-24
a60d328a3a319559,7cd6a5223fc31e17,180.39,refund,mobile,6,0,DE,False,30,0,2024-12-27
40ccff3c6c14c40c,567693f9de40afdd,103.34,transfer,atm,19,3,DE,False,2,0,2024-12-24
4e7ed3b905b74263,11b0f22fe097ebd1,34.2,refund,branch,1,4,DE,False,29,0,2024-07-14
30641bc8558572ac,e97b3e0b20a99c99,6.29,refund,api,10,1,DE,False,8,0,2024-10-12
35826d2f2bd0b717,19283f997756204e,223.93,purchase,branch,1,0,DE,False,10,0,2024-12-01
395a10d9e2b9af08,e6f577c090d9035b,262.18,purchase,mobile,2,5,AT,False,1,0,2024-03-31
ccdd75ac73914786,141beb494b8b7b27,119.65,purchase,atm,15,2,US,False,24,1,2024-10-04
bc842e7ece50f165,e92882f97b592e42,163.43,purchase,mobile,3,4,DE,False,0,0,2024-05-28
15f3fdb42a4c2db4,cfc633a0e42f4c7d,84.63,refund,atm,18,5,CH,False,13,0,2024-02-23
f5d42a57f084fcc9,310b642934f57b26,116.5,purchase,atm,9,5,AT,False,14,0,2024-10-16
061c9e04cab79de5,1f874be6a0cb1c90,80.73,refund,mobile,9,4,DE,False,21,1,2024-04-14
adf07d0dc042ad82,66768ab0b72b95b0,410.25,withdrawal,branch,0,6,DE,False,23,0,2024-11-28
d7dc59d0dcd89a35,455d12da511ab656,161.26,refund,branch,1,4,AT,False,14,0,2024-08-12
0f2241bfe4bddf30,833572166df65733,68.77,transfer,api,18,6,DE,False,15,0,2024-04-04
bc9df799e61c8173,023bed971c9205c8,731.23,purchase,web,21,6,DE,False,24,0,2024-07-02
13b5a3159edb3494,39ca2dc771d824bf,13.59,transfer,mobile,21,6,DE,False,28,0,2024-03-26
50c00cef0d0722c0,1316e2a487ca2390,40.47,transfer,web,4,1,DE,False,8,0,2024-01-12
9cc3588713426e76,129fe03886f1f5d5,44.8,payment,branch,18,2,AT,False,0,0,2024-06-25
00fb1dae63d0926a,7cc3d9f09d5d18c2,28.38,refund,branch,10,6,DE,False,4,0,2024-05-04
cd5abf2981f63f3e,567693f9de40afdd,143.46,purchase,atm,8,4,CH,False,9,0,2024-06-23
e245e9143734d1be,ea41aee0b5febb6b,285.01,refund,web,8,1,DE,False,28,0,2024-01-04
19c790df55d10a43,0d0033838b14a9bf,35.35,withdrawal,mobile,11,2,CH,False,27,0,2024-08-05
3beb61b3d659565f,af5787ae6bd8ac75,432.11,refund,branch,0,5,DE,False,18,0,2024-03-27
bd241fa05b02735f,2a2d3abde32ffed3,51.5,purchase,web,2,4,US,False,17,0,2024-07-31
35c8798e43cd60a1,118f541bfed3be3e,20.73,refund,mobile,17,6,DE,False,15,0,2024-09-22
9605f3b882fc01c2,6a168ae298a97d31,4.39,payment,atm,5,6,DE,False,13,0,2024-02-27
cf3448ab3514c56b,f130ec10be50dac5,682.16,withdrawal,atm,3,3,DE,False,5,0,2024-09-16
31a6c9cc3a83e5ff,d0244b2e899ab6bc,84.7,payment,web,5,4,DE,False,2,0,2024-01-11
77b5b862418d2481,d79c204a6da3f355,359.26,payment,web,23,3,DE,False,8,0,2024-05-21
e1a3926fef821f3e,65b92ffea23cd778,89.65,payment,web,8,3,DE,False,10,0,2024-01-10
ae84667d05fdf6a0,189d6ab44a602ce6,33.14,refund,branch,8,2,DE,False,27,0,2024-01-29
13a3405a85a57204,c8bd83145603e477,122.16,withdrawal,api,6,1,DE,False,16,0,2024-03-13
633e00221f25737f,f358e079224e09b4,26.75,purchase,api,22,5,DE,True,2,0,2024-06-20
9862938823b8f589,5c10d75c21d92252,20.87,withdrawal,api,10,4,AT,False,14,1,2024-07-05
41a4cdf509003b65,0dc17c506a1ce18f,258.15,purchase,api,15,5,DE,False,11,0,2024-03-07
40eb9e4633211b46,2e7254278d3f3118,15.01,refund,atm,4,1,DE,False,18,0,2024-01-02
c94871f124dcac74,9346d0d6814428d4,23.32,transfer,branch,18,2,DE,False,3,0,2024-11-19
b8dd2f1f2fd3484b,68a650ac8fd9caa6,61.0,payment,web,13,6,DE,False,14,0,2024-11-03
ca459e03dce009f8,cb3a7a12ac0f2654,60.03,purchase,atm,22,6,DE,False,9,0,2024-06-02
49ca6fa6f079ce56,5426c51613baed1d,110.23,transfer,atm,19,0,DE,False,22,0,2024-06-02
ba893b1e6500c95b,a54cf8e4bd9cd4d7,279.43,purchase,mobile,20,3,AT,False,5,0,2024-05-12
93b06c2163b5592b,99e081371b7c90ab,36.04,withdrawal,atm,19,3,DE,False,27,0,2024-08-31
201428c6eb61c92d,6c14a166a64d8b13,51.26,withdrawal,mobile,16,6,DE,True,5,0,2024-10-19
baade8603dcfc679,f7af4dc3737fd9e4,181.2,refund,web,20,2,DE,False,27,0,2024-01-26
dfd0bd2d4b6c9c83,ebba17080438114d,29.97,purchase,atm,15,1,DE,False,28,0,2024-07-14
81c24a3847b05eae,ae2d1158bfce8bb7,588.51,transfer,mobile,11,2,DE,False,7,0,2024-11-02
d6951d16498b5997,d504b2be039b67e9,166.16,payment,web,21,2,DE,False,30,0,2024-08-23
6e0b8e42055ca84a,b5a871cf7cc52ccd,267.54,payment,atm,15,6,DE,False,25,1,2024-01-06
c0527272128dfcd0,6a3cbb64234ba753,26.64,refund,mobile,6,2,DE,False,8,0,2024-06-05
1fdafbd8d0b1da99,e1bcdb4be6b1fdd8,19.56,transfer,atm,19,3,DE,False,15,0,2024-02-12
8de2b94856d58a6b,eab35ba465ec4495,25.15,transfer,mobile,13,6,FR,False,14,0,2024-04-30
7ef474e97f778707,97d0e5ed91f5a295,61.71,transfer,mobile,19,4,DE,True,20,0,2024-06-02
6c9c2f7ccbdee611,d9fcace36fdc8173,81.2,withdrawal,atm,4,3,DE,False,23,0,2024-06-11
a0320944a51a16ee,ff107396f163c985,127.07,withdrawal,mobile,20,1,DE,False,19,0,2024-12-27
c04352b769b63e2f,79f7d72f5f58db79,18.3,withdrawal,atm,18,1,DE,False,7,0,2024-07-23
30d0243955cac93e,edb39a7fbdf3edaa,21.02,transfer,api,5,6,US,False,16,0,2024-12-21
318f98b1f4e45aa0,c2a56da4cd451785,58.84,refund,web,7,1,DE,False,8,0,2024-11-18
3953da7b06b67a71,52f2608f0fdfd28c,216.9,transfer,mobile,13,2,DE,False,9,0,2024-05-09
05569897480d6158,d80291ff8a609246,163.37,transfer,branch,5,0,DE,False,10,0,2024-07-23
655f1a9e949059ad,988481da002ff954,12.55,purchase,web,11,2,DE,False,1,0,2024-05-16
1341a3f10d41f465,6a3cbb64234ba753,674.38,withdrawal,branch,9,0,DE,False,11,0,2024-02-14
536240b9fb7c651d,11c1d84fadb1c7c2,42.34,payment,branch,16,0,DE,False,26,0,2024-06-25
8b8b30735204b505,6a7e697c2a185547,14.44,refund,atm,2,4,AT,False,10,0,2024-06-09
7c437e1074a04665,7be3f805babdce8a,89.21,purchase,branch,7,1,US,False,4,0,2024-07-28
8421f3e0c6b7d389,ea41aee0b5febb6b,23.9,payment,api,21,2,CH,False,7,0,2024-01-05
22fbff602e6a8e22,e2bf979250213981,259.95,payment,atm,1,2,DE,False,17,0,2024-09-13
5f907b6df81dc686,3a60297550f4327d,38.96,refund,branch,14,0,DE,False,22,0,2024-01-13
9f6c6c5c0eb4581e,fef4105014bf1d50,229.92,payment,web,23,1,DE,False,16,0,2024-10-12
bc25061bd4de056b,cfd4f236ea9babb7,99.34,withdrawal,branch,21,0,DE,False,16,0,2024-09-17
994c079cae72c261,c8212eddae834ce8,448.88,payment,api,21,2,FR,False,1,0,2024-11-17
a29dce7f665f1958,b30511c26c4cf80e,153.79,purchase,api,17,6,DE,False,16,1,2024-09-02
12dd9917b5c260bf,e4f05966f5065ee4,22.57,payment,api,3,5,DE,False,14,0,2024-04-08
21a619a300b3a07c,e2c7515469a1306d,32.25,payment,branch,16,1,AT,False,0,0,2024-04-23
6ada4a54c283b75d,fb31b871b8a3adab,363.36,refund,api,18,5,US,False,20,0,2024-05-25
91eb420ab4a60008,9160299cf45a5954,106.71,payment,atm,12,3,DE,True,13,0,2024-09-20
fac401caa8fe6ffa,7817ec45dfccddb9,68.75,refund,atm,15,0,DE,False,13,0,2024-12-08
fab452a18bf746bf,9160299cf45a5954,37.88,payment,api,1,5,DE,False,29,0,2024-01-17
e722c0083c2fea04,63686e65207e190f,13.78,withdrawal,branch,10,6,AT,False,15,0,2024-09-03
b45b0e171327305a,9c8762c6a5630071,17.38,payment,branch,15,5,DE,False,25,0,2024-07-31
7aa36f57f47f463b,310b642934f57b26,50.09,transfer,web,3,1,DE,False,30,0,2024-05-28
21d6aa2a2ff08fc6,9818e0f282db1ff0,30.68,withdrawal,atm,18,0,DE,False,1,0,2024-10-27
2f650522f9f70027,4852c491722ca246,102.67,purchase,branch,20,3,DE,False,4,0,2024-02-19
b7eae70e92fe6787,121110decabf1965,43.1,withdrawal,mobile,16,1,AT,False,0,0,2024-05-29
81756a786e72ba76,20d0575d08c7416f,33.09,refund,mobile,0,3,DE,False,3,0,2024-10-17
bc97d4391b03af2f,cabbbba151261356,454.34,withdrawal,branch,12,1,DE,False,6,0,2024-09-24
af0306b65a5abcf5,7f53cb886f1e2ff1,186.53,withdrawal,mobile,14,6,DE,False,0,0,2024-05-07
85fa199ce8a84532,42c4eabba3c0309b,44.76,purchase,branch,3,1,DE,False,16,0,2024-01-23
a064a63ab9f6e24f,9f0102c1e761f255,214.01,refund,web,10,0,DE,False,22,0,2024-02-28
3793352c5173e473,ff888cd20c715b33,18.79,purchase,api,17,2,AT,False,19,1,2024-10-12
e1fe71ec0cf89b41,fcfa4a64ddbcd24d,259.0,withdrawal,mobile,15,3,DE,False,25,0,2024-05-24
b7496bbf97462ec6,8c61369cacedb868,143.97,refund,api,12,1,AT,False,14,0,2024-02-09
62efab3c92d1c8e8,0a3a13a712776e78,63.18,payment,web,17,0,DE,False,12,0,2024-03-03
600ce4ee63df8c89,9cca632d144505eb,51.73,transfer,api,13,0,DE,True,14,0,2024-02-17
a546f4d5992238f4,e2bf979250213981,91.54,payment,web,18,6,AT,False,10,0,2024-07-12
ff2db3e38620b0c8,cca7ef7141361fdf,202.45,withdrawal,branch,13,4,DE,False,9,0,2024-01-24
ecf20112407336c5,8f1c9e592ba3b4de,45.52,transfer,web,16,0,DE,False,27,0,2024-02-23
ee932d55e0383f62,3ecd8c40e835c185,40.17,payment,branch,18,5,DE,False,1,0,2024-07-31
d5047a103827e41c,285ea4ca8c35e49e,110.6,payment,branch,14,0,DE,False,14,0,2024-02-05
b93f69e3799b0cc2,d80291ff8a609246,38.73,withdrawal,branch,8,2,DE,False,4,0,2024-12-04
4bff9d6800fc6faf,80bcb8bfbd90af5c,239.71,purchase,atm,0,1,DE,False,14,0,2024-11-12
3348124b84c1a39d,3c988be854d19cf7,737.91,refund,branch,0,4,FR,False,3,0,2024-07-20
ba8a03ae6624b7a6,890b4fd5337e8ae0,67.97,payment,branch,0,1,DE,False,14,0,2024-02-03
1a6cff3699e6e8ac,0469899baa19afb3,123.31,purchase,branch,7,0,DE,True,0,0,2024-11-04
22a63140016c7367,224fb9a274e0418f,137.1,payment,mobile,10,1,DE,False,9,1,2024-05-23
02f841be42343306,886a3db278c0c1a3,36.6,purchase,api,9,4,DE,False,18,0,2024-10-29
da1d4d9479d6b77d,89f7acc482b0f4c5,93.44,purchase,web,20,1,DE,False,1,0,2024-08-21
5b0536dbfdbc3b2d,4a178282c5ca18d1,69.22,purchase,branch,7,5,DE,False,9,0,2024-04-13
402b53f13262b71a,f5c1f4185201b43e,96.0,payment,branch,3,4,AT,False,1,0,2024-05-22
bcf3d679a71a7b70,361aca729d2d0a42,45.78,withdrawal,atm,18,3,DE,False,7,0,2024-09-22
9de0803281e0d1ef,8c61369cacedb868,313.95,withdrawal,atm,5,1,DE,False,24,0,2024-04-18
b0d31f3ccb8e6137,6679b69f9256d07b,43.65,payment,web,9,4,DE,False,5,0,2024-07-25
9fdc54b42d0ca8d9,36872988ee4f71b3,34.56,payment,api,15,5,CH,False,14,0,2024-10-17
220d8ac0153f77ef,0396573038648b4c,44.39,transfer,atm,16,3,AT,False,29,0,2024-10-13
7786065b3ccce889,09b6ec1156b1654d,46.72,withdrawal,mobile,19,1,CH,False,12,0,2024-12-05
e74996c0bcd649df,c2dfeb5991158ea3,52.76,transfer,atm,18,1,AT,False,15,0,2024-07-18
f1aa852366ef5588,c8d33b0935001a63,437.15,withdrawal,atm,17,5,DE,False,26,0,2024-11-07
9b0206cab2a9332f,e9c2978b46367476,63.62,purchase,api,17,4,DE,False,24,0,2024-06-03
e5307025ed86c372,d4a0f77033696654,20.65,refund,branch,0,0,FR,False,20,0,2024-07-03
657f705d83592f42,2589298c9144818b,117.69,transfer,branch,22,6,US,False,12,0,2024-10-25
2b1992c5593b7abb,4e0fa5ddd9a7dac2,31.18,refund,web,10,0,DE,False,1,1,2024-12-07
71861454a7990f13,a278a47b25db6b97,1583.61,payment,web,2,6,DE,False,2,0,2024-08-23
c999a144701088b4,023873d9a8327222,164.02,refund,api,2,1,FR,False,0,0,2024-10-11
140f9339e7beb6e0,9b07df76ca908edb,98.61,purchase,api,19,0,AT,False,28,0,2024-10-14
db348b6f66dfadbd,87a48f2a1473fa26,71.91,transfer,web,1,2,DE,False,15,0,2024-08-26
e009ab39a5d5131f,98189c1c1e585878,182.94,purchase,atm,10,5,DE,False,4,0,2024-09-28
3c9af6c7f47aa095,22727d17208d372b,37.69,purchase,mobile,2,4,AT,False,9,0,2024-07-15
4d788ace2a00a79f,28b1bf21489bea06,193.03,transfer,web,4,1,DE,False,22,0,2024-11-07
cf6ca4919cbada5c,6ee604a0b16c2ac5,74.14,refund,api,2,3,CH,False,0,0,2024-03-16
b77566384a7b3df3,398ecad6590ed45f,511.62,refund,mobile,21,1,US,False,28,0,2024-11-21
c7415e24a1c97cc8,2f6a7cc25b5c97ab,62.27,payment,mobile,12,4,DE,False,19,0,2024-10-17
37f9224904e6d5fe,97aef52e361eff46,211.16,transfer,atm,5,4,DE,False,9,0,2024-05-22
a908319275bd6616,5aea0f8418c788e7,219.38,refund,branch,16,0,CH,False,2,0,2024-04-23
f0777d1863fc10f8,778f1472bf7067c2,25.59,refund,api,0,2,DE,False,26,0,2024-12-25
e7c85fa635894d7a,36872988ee4f71b3,158.86,payment,branch,22,1,AT,False,29,0,2024-03-28
0782cae4ddc0d839,118f541bfed3be3e,64.85,transfer,web,22,5,DE,False,7,0,2024-02-29
e2e62c716bbbe939,ccebfc7b59f7809a,8.15,purchase,branch,23,0,DE,False,16,0,2024-10-01
aaaa2a8c6846d5a2,842e12789ce58df1,38.88,refund,branch,14,6,DE,False,29,0,2024-04-10
c3e542170d157b64,8afdb472cddbdb81,260.17,withdrawal,web,18,5,CH,False,14,0,2024-02-13
1e377d9832f189f9,eeccf8e98cb3268d,80.18,refund,branch,4,2,DE,False,27,0,2024-02-22
f493fd64d98b7c40,af7c0a451d8bd57f,48.11,transfer,mobile,6,0,AT,False,11,0,2024-05-07
5ba3afa13cb2f442,016ff9d51a4486dc,249.03,transfer,api,5,5,DE,False,4,0,2024-04-24
925717724032d4f1,6796a86bf89380a4,73.32,refund,mobile,2,1,DE,False,13,0,2024-05-28
92e769967c59d0be,fd57168b9f5ac39a,61.49,purchase,mobile,0,0,DE,False,17,0,2024-10-05
6e91d48d84bd98a1,2faecd2ea9af1b38,19.02,purchase,mobile,15,4,DE,False,6,0,2024-06-16
859eb52335a5c33e,39b28406376154b3,6.5,withdrawal,atm,10,0,DE,True,30,0,2024-02-11
d43aacfc78fc127a,692810cfefcfecae,96.7,refund,atm,22,1,DE,False,6,0,2024-01-07
ab5431b875940a72,1ac68b54f1ccb281,33.43,payment,mobile,23,5,DE,True,28,0,2024-05-19
d6f833f1bb563e1a,390be1c29d49d018,58.11,payment,branch,18,1,CH,False,27,0,2024-07-31
8b367ca249797a2f,9add13dae81ea94f,70.56,purchase,api,12,6,DE,False,9,1,2024-04-15
f358bb25a328795e,5fa82ac52c1823ed,17.48,withdrawal,web,0,3,DE,False,18,0,2024-01-16
0fb4308fe02aaded,79b34c7dbd15f98b,103.04,withdrawal,api,0,0,DE,False,15,0,2024-03-14
f2713b91257ff2d1,8f1e6776beeabb48,58.76,payment,api,13,4,DE,False,3,0,2024-04-09
6998d323545a80d6,2a2d3abde32ffed3,59.26,withdrawal,atm,5,5,DE,False,21,0,2024-10-09
b61be11eb9631d21,533bbbafa1feecc9,13.83,refund,mobile,14,5,DE,False,11,0,2024-01-30
feb2e9d29fc19c09,01cff8f2fefefb29,376.56,purchase,branch,5,2,AT,False,19,0,2024-02-24
b947cad1564ce140,2cc5ecdf62ff6e89,27.67,transfer,atm,10,4,DE,False,14,0,2024-10-05
7455a530772296d5,9e7be26c3c0f3326,102.7,transfer,web,14,2,DE,True,7,1,2024-07-02
a99ac833661e8eac,674648194942cb9b,94.88,refund,branch,3,6,DE,False,28,0,2024-06-07
f68f216b9dbb32b8,2aef673b253b3d58,245.82,transfer,atm,22,2,US,False,21,0,2024-11-01
60eaa4f1307ed453,023bed971c9205c8,33.98,withdrawal,api,13,3,DE,False,19,0,2024-02-15
641f4d6cf74b6e83,21074e734f33a890,508.51,refund,api,7,0,AT,False,14,0,2024-03-14
84dd17dfb74f3aed,afe40b8a8f0f3d84,281.75,payment,web,12,0,DE,False,27,0,2024-09-28
000177acc844c553,6e4f134425053dd5,21.95,payment,atm,21,1,DE,False,6,0,2024-09-24
efd1848bdff6b9e6,12c49e91ba41f800,260.69,purchase,branch,21,5,DE,False,20,0,2024-09-21
59bc63d3135af6eb,0eee2a184ccd2544,123.08,purchase,atm,12,0,AT,False,23,0,2024-11-05
225d744639c29289,ab4e765e8843ec76,177.19,refund,mobile,14,0,DE,False,22,0,2024-01-25
e3e2400cf94ddf56,fef4105014bf1d50,14.31,refund,api,21,2,CH,False,11,0,2024-10-14
1e8d495711f61277,187336a7e7837268,133.16,payment,api,8,6,DE,False,12,0,2024-01-27
73e630a43dbbafe8,51bae5d5e6eb1e84,634.55,payment,branch,7,3,DE,False,19,0,2024-11-30
35b1cb1805f51cfc,bb1163efc37aff0d,50.54,purchase,atm,9,2,DE,False,14,0,2024-03-28
68ede4242b9c340e,b626377d5234383c,70.26,withdrawal,atm,20,1,DE,False,11,0,2024-02-25
5ebb3055afeeffce,81300e96b360deb4,2.6,withdrawal,mobile,10,4,DE,False,29,0,2024-06-17
a0b0531322d09593,01cff8f2fefefb29,221.68,refund,web,14,6,DE,False,30,0,2024-09-16
78348908d1ab80cc,4885e4643962dea4,41.42,transfer,branch,10,3,DE,False,2,0,2024-09-26
a6286779f26081e9,d215733731d66368,59.48,transfer,web,14,5,DE,False,26,0,2024-07-17
607b522c08ac4efe,448e54f978934d2e,1089.04,transfer,atm,21,0,DE,True,16,0,2024-07-17
19f38716188c0e8d,a8167c6a875a70a9,37.59,refund,atm,9,0,DE,False,18,0,2024-06-23
d20f8495fa43d01a,c4be4101ef794440,365.44,payment,mobile,7,0,AT,False,29,0,2024-07-20
0e917bbb620ace21,4762862489547fd2,28.29,withdrawal,atm,3,2,DE,False,19,0,2024-04-06
261d12d0ffcd47f6,1513d2d5ae9abd60,86.5,purchase,api,10,0,DE,False,10,0,2024-12-21
66da5056724938f4,7d7df171e0105269,63.71,payment,mobile,13,2,DE,False,11,0,2024-08-28
feb3aff8fd09850b,58ed68e151539877,34.7,payment,api,18,1,FR,False,30,0,2024-09-01
18e06773edf90e5b,5800cc8d6a5c3e91,839.36,purchase,atm,0,3,AT,False,4,0,2024-03-17
434cc00bd5b14e1e,fb35e6d2e1868891,215.86,withdrawal,branch,9,2,DE,False,7,0,2024-05-11
d05335509090daf8,686850852cf61235,21.73,withdrawal,api,10,0,DE,False,22,0,2024-01-04
3d5b18764ec60e80,535a3d7407a53ec9,88.76,refund,atm,6,1,DE,False,27,0,2024-10-22
acb69dd1d3f879f1,7817ec45dfccddb9,119.22,purchase,web,0,4,DE,False,7,0,2024-07-12
ff7541249b34f8f6,772c09f7de4d4678,563.34,transfer,branch,18,0,DE,False,4,0,2024-08-15
51e21215878d3fbc,a1e470ef13acbf82,61.67,refund,web,13,5,FR,False,29,0,2024-06-23
ef23d8b52073ff27,8920b5e6cbd13faa,24.29,purchase,branch,19,3,CH,False,12,0,2024-02-07
6c1aa11a2aeb71f5,5054f7ce5a98862d,239.08,transfer,api,23,5,CH,False,19,0,2024-07-12
d10c4bbdeca2fb30,865382db3c8da506,128.89,payment,atm,7,0,DE,False,29,0,2024-01-29
4e3312976de00785,52f2608f0fdfd28c,258.59,refund,mobile,20,3,DE,False,14,0,2024-06-10
39f9f5efb5b8eea9,38918cd5b3bd7fba,129.91,refund,api,14,6,DE,False,4,0,2024-04-09
21bd83a03d78cb2c,959c15d7aeddff50,11.39,payment,web,5,3,US,False,28,0,2024-07-31
9b2dfb4a47af7f2c,54134e1b407907c1,64.37,withdrawal,mobile,23,2,DE,True,18,0,2024-12-20
7f1c063ef3ba78fb,e7f8b23a62389cc1,16.03,withdrawal,branch,4,5,DE,False,10,0,2024-08-24
51ae1ff150c0270c,23edc044f01da22f,75.12,withdrawal,branch,15,4,FR,False,14,1,2024-12-22
1676d8a0292a2306,a20543486f3cdd47,130.84,purchase,branch,14,6,CH,False,2,0,2024-11-10
3f1ad56ce2f5dc0e,63b8194152c1fb98,90.06,transfer,api,9,1,DE,False,19,0,2024-03-16
2ac0599bbfd4c129,6bf2a2cffbf5c19d,43.54,purchase,atm,3,3,DE,False,27,0,2024-11-26
3142eab0645d9606,593daa123b32248b,39.6,refund,api,0,6,DE,False,30,0,2024-07-12
cd0cfa12380150ba,e745d7e53b03c26b,115.75,payment,mobile,14,4,DE,False,28,0,2024-05-14
2f006664cf3afa7a,9714754ba9ca7aa1,108.04,withdrawal,atm,2,6,DE,True,18,0,2024-11-11
e411cb6928085c62,244a999dbc2e7573,208.33,refund,branch,0,5,DE,True,16,0,2024-12-16
bd3bba9ee6bb57b0,02cf0c5ce4fdbcb7,67.64,withdrawal,mobile,1,3,DE,False,30,0,2024-05-26
7ae195784c816edd,8dc5d38069cca211,50.85,refund,api,11,5,DE,False,22,0,2024-05-30
27d4d98451c9edd5,ccebfc7b59f7809a,695.31,payment,web,21,3,DE,False,17,0,2024-01-15
8679b37afccae5e1,4ef34e24367ad7d4,31.17,transfer,atm,21,2,DE,False,24,0,2024-04-27
9eade664ab43f651,54134e1b407907c1,142.05,payment,web,21,1,DE,False,11,0,2024-11-04
97b51fb34d15b832,c8212eddae834ce8,37.27,withdrawal,mobile,19,3,DE,False,14,0,2024-05-10
b1997a5c8f34370c,9346d0d6814428d4,204.25,purchase,api,23,2,DE,False,9,0,2024-05-25
b98d6cdf19457a72,61b8edd0c82a20ae,29.85,purchase,atm,1,6,AT,False,2,0,2024-04-06
331b168dec4cfef2,6ee604a0b16c2ac5,60.99,refund,mobile,14,6,DE,False,23,0,2024-12-17
4df672b63555d6ba,9160299cf45a5954,71.33,purchase,web,16,2,DE,False,25,0,2024-06-03
8617141087bc8203,ef3d71a9c72b587c,454.23,refund,atm,19,5,DE,False,8,0,2024-11-09
01f84935f8750a1b,2160957767334b7b,93.74,withdrawal,api,12,1,DE,True,11,0,2024-05-15
30dcf50b9878ba4a,486b5d75cd1afdcb,104.64,withdrawal,atm,7,2,DE,False,18,0,2024-02-29
d3d13fcaf3b0e6bd,411fd7c0b7f9a803,136.71,refund,atm,22,6,DE,False,13,0,2024-09-18
596bd4b848f973c4,ea76132d9f572ff4,56.12,transfer,web,7,2,CH,False,16,0,2024-01-27
df0073b05a69e8a3,daf14806094945d4,293.88,transfer,atm,22,6,DE,False,1,0,2024-03-16
cfcc1fb755bb4a57,77145db08d2500c4,245.55,withdrawal,api,15,5,FR,True,27,0,2024-10-06
7a08054e100f6304,2aef673b253b3d58,17.72,purchase,api,3,5,DE,False,27,0,2024-05-24
06f3567e8783530b,2faecd2ea9af1b38,173.18,withdrawal,branch,0,2,DE,False,14,0,2024-09-03
71280a47c38348a3,772c09f7de4d4678,102.63,purchase,mobile,2,2,DE,False,15,0,2024-01-25
b68c1c5211a3559a,3a60297550f4327d,8.5,refund,mobile,13,3,CH,False,19,0,2024-09-22
06e84c5887690285,379706e13cf85e7f,163.26,refund,api,14,3,DE,False,16,0,2024-08-19
afd920c739673f68,487acc9ed4a526be,57.19,withdrawal,web,3,4,FR,False,29,0,2024-12-20
7f7483852826a07e,ae956de840bb1be2,18.53,payment,atm,19,3,DE,False,21,0,2024-12-23
9f501589e1b89693,c2417da8ecc86cd2,34.4,transfer,api,19,0,DE,False,26,0,2024-05-26
0b7518620f7635da,129fe03886f1f5d5,30.94,purchase,atm,13,0,FR,False,11,0,2024-07-24
76eb6ad6bf927e29,b08621aaed58ed30,370.28,transfer,web,14,0,DE,False,8,0,2024-06-10
c963607b96677f8d,2449bfe37a9e012a,37.04,transfer,mobile,14,5,FR,False,1,0,2024-08-13
26786a16debc4bab,9a3d64fb99829a96,591.43,purchase,web,17,3,DE,False,9,0,2024-06-29
197cd1bf52ea8796,713ed89f0f6f4e04,185.91,payment,mobile,17,5,DE,False,5,0,2024-09-06
e9544905c32faab2,1feaa13096450730,71.23,withdrawal,atm,19,6,DE,False,12,0,2024-08-09
ad1cfd97815ae073,c63370e30c0239c4,165.76,refund,web,5,5,CH,False,5,0,2024-02-08
74eb03bd6d5c7737,13db5c474160f6cc,12.11,refund,branch,13,4,DE,False,26,0,2024-05-19
94dcf995d7389a95,cc3e28643aee16ef,171.52,refund,atm,5,4,DE,False,22,0,2024-05-26
95d0970bdcd004e4,67354c40c7454eb7,291.55,payment,mobile,2,5,DE,False,26,0,2024-10-11
9bdb1a78c507fa5f,788e7f53c9a7b524,44.21,payment,mobile,13,3,DE,False,4,0,2024-09-03
91d13e2a879b326b,7f08e90a594767b7,60.44,refund,atm,5,3,DE,False,12,0,2024-05-04
14167177a580a1c6,caa3f70770df65c2,83.16,withdrawal,branch,2,5,DE,False,17,0,2024-04-23
1208441dcf95bdd0,20f1826aa7875d0d,138.96,withdrawal,branch,7,2,CH,False,30,0,2024-08-19
2d2930621f1760a6,535a3d7407a53ec9,322.35,payment,atm,10,1,DE,False,18,0,2024-02-01
4ba0496ca8f1fae3,aa33b16ff8a055f4,21.49,transfer,mobile,17,2,CH,False,29,0,2024-06-08
1b68eeb7791df11c,9add13dae81ea94f,35.51,transfer,atm,10,2,DE,False,19,0,2024-12-24
b56525a32b30e61e,3dc472c58d3e56b5,23.24,purchase,branch,20,0,DE,False,15,0,2024-10-02
f3dd1430b28c9b09,f18e4304c474cbd8,387.89,refund,branch,20,6,CH,False,20,0,2024-09-27
8b43cd72d646a36d,a6b9c1ef773a06bd,39.46,withdrawal,atm,16,5,FR,False,21,0,2024-04-26
529851ed95730561,ce132dfabb90cfec,41.13,payment,mobile,9,4,DE,False,14,0,2024-08-12
f51cfeffd598cb27,8a7bd3275b901b34,259.4,refund,atm,10,4,CH,False,8,0,2024-08-03
07fca3953026d2c8,59e97c496d5f4822,17.45,refund,api,10,1,DE,False,22,0,2024-05-05
8e516c17012a0565,93e0c9c1ec54aeae,97.35,transfer,api,15,0,CH,False,17,0,2024-07-01
b512fb264c63cc77,3d9d6ee6fa361a6d,100.3,refund,web,1,4,DE,False,11,0,2024-04-15
32a3f47aeb0b3c3a,e00949f19b733cdb,8.52,withdrawal,branch,14,0,DE,False,15,0,2024-08-23
1785fa12f0f0e911,2709c6d24922d50e,55.37,refund,atm,14,5,FR,False,9,0,2024-09-10
46e84d5681ad2467,de77ec1f76a7aec8,129.32,withdrawal,atm,0,2,DE,False,22,0,2024-03-09
712540b7b710dbe4,5978de5f61ca21c5,144.26,payment,atm,16,2,CH,False,9,0,2024-10-13
904aed8a327e2f30,24deac2b448e263c,141.08,withdrawal,mobile,1,3,CH,False,20,0,2024-03-24
28efe4e9242ae4f3,d28853d261e28c50,217.33,withdrawal,web,2,4,DE,False,9,0,2024-07-10
4e597ea53c375678,c7d3a2c6c0d0016a,49.49,transfer,web,6,0,AT,False,15,0,2024-11-14
423fba34521a6e3b,a978c82c01f66ff4,48.71,refund,api,4,2,US,False,23,0,2024-05-03
4a558e5b5c2c8ec4,267e625565404acc,149.38,transfer,atm,9,0,AT,False,6,0,2024-08-11
71bb69b2a2ceb028,f431ecb7711615b0,6.47,payment,api,8,0,DE,False,26,0,2024-01-20
358b8140dd1483ee,c8548340e292f8ae,337.88,withdrawal,branch,18,2,DE,False,0,0,2024-09-01
0834c9fdcb96867b,9160299cf45a5954,541.9,transfer,atm,9,3,DE,False,19,0,2024-02-28
412784dae7f085fa,ddec1d52a8577332,976.51,transfer,atm,16,5,DE,False,6,0,2024-12-17
9e13e121ab0d291d,744d8a1d6cb48194,76.03,purchase,branch,17,3,DE,False,9,0,2024-02-29
35aef924a04d1fb4,bfde2e0db1f91226,149.35,payment,mobile,1,0,DE,False,17,1,2024-11-12
41221520747b0d74,7e4da7f164626253,109.57,payment,api,12,5,DE,False,5,0,2024-10-20
5aca4ea6e26b7702,310b642934f57b26,1428.55,payment,api,4,0,DE,False,12,0,2024-12-22
59d56a1abeb8dd7e,8c1114da6e55d308,34.32,purchase,branch,1,2,US,False,22,0,2024-09-04
5e38bf7e00df66af,f403324a35c8b2f5,94.97,withdrawal,web,10,6,CH,False,23,0,2024-03-22
825a9457cfa16d6c,3cdd1af24469afca,8.75,refund,atm,13,0,US,False,28,0,2024-07-19
8aeb81d4ebff24ba,95d9b7dd6a49d3a5,61.42,transfer,atm,22,6,DE,False,2,0,2024-04-16
33b243ac4a94e258,4407a0b264a06487,24.05,purchase,api,23,0,DE,False,21,0,2024-01-29
7a82f8f86a36f4a9,81d95c143c333ee7,542.81,purchase,web,6,6,CH,False,27,0,2024-01-31
07cce2e8e4d396ed,3d9d6ee6fa361a6d,61.16,payment,atm,19,4,DE,False,27,0,2024-07-22
88efe7a100c467b0,070840efbc93df0d,149.71,transfer,mobile,6,5,DE,True,3,0,2024-06-11
f500a757bf80e457,276e5ae6c75a8b32,309.5,payment,atm,20,0,DE,False,5,0,2024-04-20
b93600794de3d5c3,0cf489584e43aaa5,43.9,purchase,atm,9,5,DE,False,6,0,2024-11-29
6dcaabb31e2437b6,7606fac68580d2c7,40.67,payment,api,15,1,DE,False,10,0,2024-12-20
b1688e49227f3e45,d08a5d4a9330860a,210.86,withdrawal,atm,11,2,US,False,19,0,2024-10-21
e05e21017942ead7,01cff8f2fefefb29,76.17,transfer,atm,16,6,DE,False,13,0,2024-10-14
da6c0ab668d790c1,68a650ac8fd9caa6,11.15,transfer,branch,18,6,DE,False,7,0,2024-01-17
2f095b6f9436e398,3fc342302a9bcaff,177.91,purchase,atm,16,2,DE,False,8,0,2024-09-02
cca0bb3feb40208c,fb09b981a66b5455,145.96,transfer,branch,2,1,DE,False,14,0,2024-03-27
c7f55e5c4a49289d,f9d1e3c71170b16f,73.85,payment,atm,11,4,DE,False,3,0,2024-05-17
fd36959d6b5d9d22,de042e0dc8e22bd7,239.29,transfer,api,3,5,DE,False,12,0,2024-02-07
bc61c6d30fa2713e,6292e6c448e5f12d,98.6,withdrawal,branch,0,6,DE,False,2,0,2024-03-26
3c15efd39e307c4b,02cf0c5ce4fdbcb7,53.45,withdrawal,branch,11,2,DE,False,7,0,2024-05-10
5cc76ba323a0749f,dd4bc80c6125668a,227.2,purchase,web,8,6,DE,False,25,0,2024-11-19
88bf03e06037ff90,79b34c7dbd15f98b,272.6,purchase,branch,0,0,DE,True,2,0,2024-07-30
0ad9b3c74fa17adb,62152f503ed652ee,422.93,refund,branch,8,5,DE,False,27,0,2024-08-15
37771e59ec9dabc8,b626377d5234383c,236.81,refund,mobile,17,2,DE,False,30,0,2024-12-13
2c55276c74b206bc,744590daea52110c,114.13,refund,api,2,3,DE,False,1,0,2024-02-05
d45848d908cd4b29,15dd59d98f96fd43,49.83,withdrawal,web,7,2,CH,False,17,0,2024-08-30
85839995f2f52694,cfd3427cb3b54ffa,83.38,purchase,mobile,15,4,DE,False,10,0,2024-03-04
13a6443b22e321ef,e745d7e53b03c26b,436.22,withdrawal,atm,9,4,AT,False,10,0,2024-02-13
220796f54d4ff780,a186648bf6fd0472,241.85,withdrawal,branch,4,3,DE,False,30,1,2024-07-31
7b60b82aa5efb649,26ca3d0df8ed600d,37.49,refund,atm,22,6,DE,False,10,0,2024-07-28
4f161410b5e5e51a,51bae5d5e6eb1e84,41.86,transfer,branch,8,5,DE,False,2,0,2024-12-15
2e0803534e4d3b95,a482af252c6703ed,165.62,withdrawal,branch,12,0,AT,False,27,0,2024-10-16
0cec22f3cadf01d4,3f4efb84eb535b03,102.97,withdrawal,mobile,20,5,CH,False,25,0,2024-06-28
0e8a9a8be648590a,b871cd71bfe8e9d8,368.3,transfer,branch,5,5,DE,False,11,0,2024-12-03
1db83cd533598a9e,c7d3a2c6c0d0016a,126.62,transfer,web,4,3,CH,False,20,0,2024-12-30
e1ac7307e28dadf9,80bcb8bfbd90af5c,93.86,payment,api,14,0,DE,False,19,0,2024-01-02
e40c268dde979bbe,32693de0c6c167a7,153.43,purchase,web,2,2,FR,False,12,0,2024-02-11
c4bf857d11d4dbe8,2449bfe37a9e012a,12.71,refund,mobile,1,6,DE,False,9,0,2024-06-03
5fc46a1dd6f66dc4,e2bf979250213981,268.83,refund,api,20,6,DE,False,7,0,2024-12-08
faf310760a8f8f00,7d3b0e86e95f0ad8,1169.3,purchase,web,1,3,DE,False,20,0,2024-05-04
a48fb70babed55b7,267e625565404acc,61.76,payment,api,0,4,US,False,12,0,2024-10-26
2bb5ba96ae54c8df,f1a71cf26fe20f2b,182.26,purchase,web,4,4,DE,False,26,0,2024-04-20
5a7606dd209ce778,25a2fefaa45a6219,78.12,purchase,api,4,0,AT,True,0,0,2024-08-29
dc64f2ac7b51c81a,58fe4ef80ba65ab8,1374.1,payment,branch,1,6,DE,False,1,0,2024-09-19
5d71d033cf5259b0,747b4e057947688e,189.93,refund,mobile,5,0,DE,False,24,0,2024-10-19
b97a0a3262df597d,33a9983d68605042,469.62,withdrawal,api,8,4,DE,False,13,0,2024-06-04
da15afe4b0843d82,ecbd219bc9e40207,73.1,transfer,api,13,2,DE,False,9,0,2024-05-17
9c662625d574e440,9a5ccc82ae06bb65,55.64,transfer,branch,15,3,DE,False,24,0,2024-03-23
ef8d4664cf4cd174,513c87b51b9ca1fc,36.64,withdrawal,web,1,1,DE,False,24,0,2024-04-05
6eb8852c10c3640d,82c0794d896302f7,455.81,transfer,web,6,1,CH,False,30,0,2024-06-25
6d75abe8c3c3f0bd,7606fac68580d2c7,396.72,purchase,mobile,7,0,DE,False,1,0,2024-08-24
3bc848de82ace328,f6f0f3fb39eda772,193.18,payment,branch,7,2,DE,False,4,0,2024-05-19
59df92da5327d844,5722d73095abd727,60.58,payment,mobile,10,5,DE,False,20,0,2024-01-13
ace0c5c26a90f145,3cd287a648484145,182.37,transfer,branch,23,6,DE,False,6,0,2024-08-10
7e3d67b8c2602d82,d504b2be039b67e9,41.07,transfer,api,11,5,DE,False,24,0,2024-08-26
be3921f42cc1e11f,1513d2d5ae9abd60,325.25,transfer,mobile,10,6,DE,False,7,0,2024-08-29
e14244520936c88a,93921f68ad668471,558.16,payment,web,17,5,DE,False,6,0,2024-01-18
40f9d60dfd5b70d5,478afcd83d763d72,39.96,transfer,web,20,5,DE,False,6,0,2024-07-06
e430e3afb9116e55,399d361b0b750759,10.36,refund,web,8,3,DE,False,16,0,2024-11-24
777016533c8079be,ebba17080438114d,181.18,purchase,api,21,3,DE,False,20,0,2024-05-31
3685134031f10b01,d1bcbf944b97b4cc,270.71,withdrawal,mobile,3,2,DE,False,25,0,2024-11-13
9a2b33933370402d,b891ea3c46babb94,33.36,withdrawal,mobile,22,1,DE,False,20,0,2024-11-04
bba26c8feb9e361e,bdaa952c935e7ce2,96.77,transfer,atm,23,1,DE,False,20,0,2024-01-20
721b568a887ad636,778f1472bf7067c2,156.02,refund,branch,21,5,DE,False,6,0,2024-07-09
d573cab522944a37,3cdd1af24469afca,49.62,refund,atm,18,6,DE,False,25,0,2024-02-11
6d1cc71403d9017b,3248a73959fbd3f3,133.28,withdrawal,web,12,3,DE,False,20,0,2024-11-22
7db18aee8517ab24,fa7732efe4772143,226.45,purchase,mobile,9,3,DE,False,9,0,2024-10-22
b521b5cc161cc142,8920b5e6cbd13faa,98.21,refund,api,11,5,DE,False,0,0,2024-06-20
961f8ac0cb6776d3,0c98212079c46664,5.93,purchase,mobile,4,0,DE,False,12,0,2024-12-12
e7e342fc98859156,afe40b8a8f0f3d84,33.52,purchase,mobile,19,4,DE,False,19,0,2024-04-12
566e85a7952e470a,244a999dbc2e7573,108.91,withdrawal,branch,11,3,AT,False,6,0,2024-01-30
ffa00df11b962bce,4d3e5e5ed93e8130,88.24,transfer,web,0,5,DE,False,14,0,2024-07-13
d9c5cfc22afd6c38,fa7732efe4772143,40.26,transfer,atm,23,3,DE,False,23,0,2024-04-05
b52219fd9749f914,c57e3d97aeb40ec3,433.02,refund,mobile,19,0,DE,False,25,0,2024-03-04
dffe2de0adc0bad6,22d5bb56573939bc,122.07,refund,branch,12,5,US,True,14,0,2024-03-19
3ed041abb001502f,882794bbead75d88,56.29,refund,mobile,21,3,DE,False,20,0,2024-02-16
1287ad64c5c40e16,e0ff36e4a2450b1a,419.67,payment,api,6,3,DE,False,29,0,2024-12-28
8fa665ff3183f0a1,77145db08d2500c4,226.27,refund,web,0,2,DE,False,7,0,2024-08-02
5387e07626ed76d5,f9c769c2d2fa5c49,33.23,transfer,mobile,17,3,AT,False,23,0,2024-12-30
d7446a482a4d7233,c63370e30c0239c4,21.16,purchase,atm,2,4,DE,False,28,0,2024-08-18
23758a6aca7a9885,a93aa7dace01d135,15.06,refund,api,7,3,DE,False,11,0,2024-07-25
a3d810131a32e675,7d5ee2993338f28b,56.01,payment,branch,5,5,DE,False,1,0,2024-10-19
bcca416d89f8431e,2aa6d7b211ac3c1c,160.35,withdrawal,branch,19,5,DE,False,9,0,2024-04-28
1ca03d5d9f4ad38a,7be3f805babdce8a,38.01,withdrawal,mobile,3,1,CH,False,12,1,2024-04-30
8ade0fc06908d26f,ccde1e88c9dacee8,81.48,refund,web,6,2,CH,False,9,0,2024-01-01
318fe64946e5ee11,4d2ab5de3d01f17e,11.17,transfer,branch,12,2,DE,False,23,0,2024-03-03
2484a6145053edbe,77145db08d2500c4,154.77,payment,mobile,5,0,CH,True,24,0,2024-10-21
8483448b7cb74608,f5c1f4185201b43e,309.21,withdrawal,api,13,5,DE,False,2,0,2024-11-23
ac81c58418f69456,0dc17c506a1ce18f,17.77,transfer,mobile,6,2,DE,False,22,0,2024-07-24
dbdf5ed45123e451,285ea4ca8c35e49e,31.21,withdrawal,atm,23,0,AT,True,18,0,2024-09-03
52bac24635fdb112,023873d9a8327222,14.56,withdrawal,api,1,3,AT,False,2,0,2024-11-07
d7dd6b5ceff39bd8,8de66ee28c31b238,169.09,purchase,atm,1,2,DE,False,21,0,2024-10-30
fbf97088c6172164,c2a56da4cd451785,454.78,refund,branch,2,4,DE,False,2,0,2024-10-01
8f23a71185b050ce,8166de5cde53c8ee,190.61,transfer,api,6,5,DE,False,30,0,2024-07-06
6b0c98bebec730df,445cbc8cafc91178,71.94,payment,api,13,0,DE,False,6,0,2024-02-08
065983a477f590d5,4b5612a18aca755d,20.41,transfer,mobile,1,4,CH,False,25,0,2024-12-06
410b6abb7a2b66a5,b345e0b5da78665d,78.27,purchase,branch,11,4,DE,False,22,0,2024-10-03
220892fb45abec68,ed4a16cea68d7e1f,69.65,transfer,branch,23,1,AT,False,29,0,2024-07-17
8443e1aed5993c23,183a499c6578411d,456.87,payment,branch,10,3,DE,False,3,0,2024-01-25
9515461c9e525487,9346d0d6814428d4,171.37,payment,mobile,21,5,DE,False,21,0,2024-11-07
bcec719f3053ca55,f850880759dff994,37.8,refund,branch,18,5,FR,False,25,0,2024-02-28
57a0d3c5182b48d8,1f874be6a0cb1c90,24.15,refund,branch,17,5,DE,False,27,0,2024-01-11
1048aec3173dcb9a,a978c82c01f66ff4,118.82,payment,api,12,6,DE,False,11,1,2024-03-24
5d98bcf6646333ea,7ab91c2ae7549b3b,1246.81,refund,web,8,2,AT,False,26,0,2024-10-04
f593f89e37949dde,e89361e718e38b84,9.5,payment,atm,1,6,AT,False,8,0,2024-06-15
77639658cadc1e0a,328e8885eb7190eb,17.75,refund,atm,16,0,DE,False,30,0,2024-06-23
4e328d900bf43142,a83327220e8416d4,65.67,refund,api,11,4,DE,False,4,0,2024-05-20
1d0f120444e97328,8042459bdf2374c9,27.15,payment,atm,19,2,DE,False,20,0,2024-08-08
71af592f95e815ed,c848f2790122e6c2,56.4,refund,atm,14,3,AT,False,28,0,2024-06-25
92d1da1ce5b71369,651c548260d1130f,19.34,withdrawal,branch,4,4,US,False,15,0,2024-12-10
704099f77f6a2d0a,2abe76f47173a52a,52.81,refund,web,4,6,US,False,19,0,2024-07-17
ff46f238fe5fabaf,2a4637feda49b45d,25.04,transfer,api,12,3,DE,False,19,0,2024-05-18
a659a018f21313e3,e4f1f16961d97f33,152.57,purchase,branch,20,0,DE,False,5,0,2024-09-08
ee7e154d1cc97cc5,e7f8b23a62389cc1,133.78,payment,atm,15,1,DE,False,4,0,2024-05-20
7857a00268cf7234,c848f2790122e6c2,379.34,withdrawal,branch,1,0,DE,False,16,0,2024-06-07
869d2ed6b321185f,26a276ce458d11ed,70.77,transfer,web,11,6,DE,False,0,0,2024-04-26
9d586a4d41f5408b,486b5d75cd1afdcb,45.66,payment,api,8,2,FR,True,19,0,2024-11-15
d602f86877b0c804,dfb2d8eaac985697,53.91,transfer,mobile,23,5,AT,True,2,0,2024-10-23
0f7c830a0da933ad,cb145f30d0513f9d,47.82,withdrawal,web,8,6,DE,False,29,0,2024-09-19
3869c9648bea9b8c,c2a56da4cd451785,907.29,purchase,branch,18,6,DE,False,9,0,2024-03-17
fce11eaa465bd3f3,fd0a807ca0df70a8,418.97,refund,mobile,7,0,DE,False,18,0,2024-09-21
e6527d0dab192689,a278a47b25db6b97,91.23,payment,api,12,1,CH,False,13,0,2024-08-25
b1f948bb5bdf0eb6,72fcea085bcfb91a,886.1,purchase,mobile,21,2,DE,False,9,0,2024-06-26
002b977c214cf2a3,788e7f53c9a7b524,33.97,withdrawal,api,16,4,DE,False,15,0,2024-03-17
8817331e224c1882,4762862489547fd2,19.21,transfer,atm,6,2,DE,False,16,0,2024-04-05
dd5059abdfc451aa,4b486e2e8f378290,41.39,transfer,api,23,4,DE,False,5,1,2024-05-14
f1ea45990194d76b,886a3db278c0c1a3,61.78,purchase,web,17,1,DE,False,9,0,2024-12-22
a4fdc63d61653208,8ca025aa63ad7f19,90.13,transfer,web,20,3,DE,False,26,0,2024-07-18
0b967d12dfbee30b,901cca668dced61d,63.06,withdrawal,mobile,12,1,DE,False,15,0,2024-12-30
8d601c836e26dc99,5a928ed4234138f0,305.08,withdrawal,mobile,0,5,CH,True,12,0,2024-05-26
ce29e66113103a9d,a2ff8127a2edf96f,1677.14,withdrawal,branch,9,2,FR,False,19,0,2024-09-02
a4c39b76a628d35e,5ce4a8318d8f92e9,679.63,withdrawal,mobile,7,6,DE,False,18,0,2024-03-25
78f25f10a750a1f3,a6bd5c48718d9b02,62.61,payment,web,0,6,DE,False,20,0,2024-05-30
bf7486ce43972d4f,3f4efb84eb535b03,135.33,refund,atm,17,5,DE,False,16,0,2024-02-17
1442b985c8c0dc21,9ea7371d4d87b646,557.75,payment,mobile,3,2,DE,False,19,0,2024-08-21
a2d2609a68f324b7,82c0794d896302f7,107.74,transfer,mobile,3,1,DE,False,19,0,2024-10-12
01d1cb4c2d38f9b5,074e14ee8997525d,435.09,withdrawal,branch,6,5,DE,False,30,0,2024-09-25
19211712537d5893,ec7811d610b2961d,357.21,withdrawal,branch,15,5,CH,False,14,1,2024-07-25
a557c7c9757d03ad,a38f7ac494b6d0a0,222.15,payment,branch,12,5,DE,False,17,0,2024-03-02
f00e692581ba13e5,289fad8aadc0b5a7,126.72,refund,mobile,16,3,CH,False,15,0,2024-05-13
8ac7af8fe3f0ebfc,4b5612a18aca755d,72.67,transfer,api,6,1,CH,False,23,0,2024-11-25
da13fbeb048025f7,0eee2a184ccd2544,355.99,purchase,web,8,4,DE,False,5,0,2024-11-30
75e8a76e732df63b,56673b96aa4090ba,105.5,refund,api,2,0,US,False,27,0,2024-06-28
1e00285c7027b3f5,cfd4f236ea9babb7,34.32,payment,web,12,5,DE,False,2,0,2024-12-28
7a714943c9d99e57,513c2e73b6e607e2,22.83,transfer,branch,8,5,FR,False,22,0,2024-06-22
0262a26335810267,66768ab0b72b95b0,55.43,refund,atm,18,2,DE,False,15,0,2024-04-11
05377b08ea0109ed,cbcd85f91c7a29d6,11.63,purchase,atm,18,3,DE,False,13,0,2024-08-31
c4c9d02751429f04,32693de0c6c167a7,63.51,refund,branch,2,1,CH,False,15,0,2024-10-31
3a1a6774cd273279,bdce091f2454ef15,112.61,refund,web,17,5,DE,False,13,0,2024-03-07
92ab3ba409ca1ab6,0fe90c42e16ec1ac,18.75,purchase,branch,3,2,CH,True,2,0,2024-11-08
18f72b5c468dfa7f,40c70ea52c9c36e1,43.85,payment,atm,9,1,AT,False,8,0,2024-03-21
104f4850204af81c,487acc9ed4a526be,113.73,refund,branch,3,6,FR,False,29,0,2024-08-23
aaccb15ac1c1d681,54134e1b407907c1,123.46,refund,api,2,2,US,False,16,0,2024-01-14
a418c46da2b03569,fcfa4a64ddbcd24d,19.37,purchase,branch,21,1,DE,False,1,0,2024-07-20
acbca87908dd2848,c0d2834a28f7d955,41.67,withdrawal,mobile,21,1,DE,False,12,0,2024-08-12
7c1b3932dfb61fd8,c281620ecc16e8ea,143.59,withdrawal,atm,21,3,DE,False,28,0,2024-01-04
7ec7f25711dd9d5f,c0d2834a28f7d955,27.36,refund,web,14,5,DE,False,5,0,2024-07-30
79137a4f8de081ff,e97b3e0b20a99c99,436.15,refund,atm,13,4,DE,False,20,0,2024-08-03
c91b17beb98d8b44,7650e7960a7a4e2a,104.56,purchase,mobile,11,4,DE,False,27,0,2024-10-29
d4274e2ebce67c9c,22a8ddf01d9d2df3,69.94,purchase,web,5,3,DE,False,26,0,2024-08-05
07140096e50aa4c2,39154da45e2b9586,248.65,withdrawal,atm,16,3,DE,False,19,0,2024-10-25
13aeaa16f0b00d04,d708cdd5a1ab5147,37.8,payment,atm,11,6,DE,False,8,0,2024-05-09
b9943b1281659279,d401c5577bb35cfc,61.25,transfer,atm,0,6,DE,False,5,0,2024-01-03
e1c5336084b12b14,2cff3b0222aaf6d2,381.39,refund,api,12,2,CH,False,8,0,2024-01-14
5c869fcaa979bd76,54e8dabed420478c,46.69,withdrawal,api,1,6,US,False,11,0,2024-04-20
e32e1d6813deef40,42aa2d0489c6df45,190.92,purchase,api,6,1,AT,False,13,0,2024-06-04
685e6f7e73a8d2ad,e66d521b716e3bfc,4.21,withdrawal,web,10,0,DE,False,4,0,2024-09-21
1bfbc0cb101dcbbd,dfb2d8eaac985697,360.47,refund,branch,6,1,CH,False,14,0,2024-08-06
a8d037d6c4d0a759,20f1826aa7875d0d,420.83,purchase,web,7,1,CH,False,28,0,2024-10-19
648eb41f90d0a604,cf3ced1a30242c1c,84.86,refund,mobile,1,5,US,False,26,0,2024-01-28
8fbf591611c6e6e3,cd57fcebe948e59f,32.1,purchase,branch,1,3,CH,False,27,0,2024-02-28
6f389646b4b02d4b,121110decabf1965,38.17,refund,branch,15,4,DE,False,6,0,2024-01-12
7b67cf640e9eb307,e02dcdb0a4866703,28.92,withdrawal,branch,20,2,DE,False,16,0,2024-06-23
f73bbb21f06c9dcf,3cdd1af24469afca,403.52,transfer,branch,1,1,AT,True,12,0,2024-08-28
a5fdd98082d33995,40795a3e29c51480,69.3,purchase,web,20,6,FR,False,30,0,2024-03-22
884fad58b8ccada0,26a276ce458d11ed,71.56,transfer,api,3,1,DE,False,11,0,2024-10-28
55c7174893430402,d741cef7a3234a8d,85.1,purchase,web,10,5,DE,False,15,0,2024-01-23
0e72aa283dac08aa,a97be0a50ea38d7b,256.25,withdrawal,web,0,6,DE,True,1,0,2024-09-27
07cd2f2066c34f5f,478afcd83d763d72,485.5,withdrawal,branch,16,5,DE,False,25,1,2024-05-10
803c17e358a726a6,f33e73bdea47d5d7,265.99,transfer,branch,10,5,DE,False,27,0,2024-05-14
df9d468cc3cd014c,430d5e560fc5effe,35.3,payment,api,0,1,DE,False,27,0,2024-05-05
e9a10a74c6b50e02,37f3b479dac1617b,156.15,withdrawal,mobile,23,0,DE,False,10,0,2024-09-14
abd3a0692e381d6f,25a2fefaa45a6219,47.03,withdrawal,web,17,4,DE,False,23,0,2024-01-13
f63a59cec73c4ddd,d3654c09e096b5bd,175.47,purchase,api,19,6,DE,False,5,0,2024-11-28
dc2adf0be66d0b84,42c4eabba3c0309b,727.77,refund,api,12,3,DE,True,19,0,2024-03-25
fe1d916879f2d7a4,9351b9869bfd640b,67.95,payment,mobile,0,3,DE,False,25,0,2024-01-31
2149f95b39a7d5d7,639f0e3b604d2813,26.4,transfer,web,3,1,CH,False,11,0,2024-10-12
1c779f01cea8d87c,e66d521b716e3bfc,52.72,refund,mobile,22,0,AT,False,12,0,2024-03-05
50d136556438f6ba,e4f1f16961d97f33,299.82,payment,web,18,1,FR,False,30,0,2024-09-28
ac10472eb27b7be7,1316e2a487ca2390,155.92,refund,atm,14,6,CH,False,28,0,2024-09-26
3cc54147618f1749,dd2faed52032391a,181.55,withdrawal,atm,7,4,CH,False,2,0,2024-09-05
e36e9e56a1b87c3b,ef33a9a3135f3db9,223.93,refund,mobile,13,2,CH,False,27,0,2024-09-15
41c79bece9bec6fd,673514b88fe6c0c7,32.52,purchase,branch,16,6,DE,False,10,0,2024-10-29
38200c8bda7c0020,03317b602209d5a0,23.52,refund,atm,9,2,AT,False,3,0,2024-06-22
d440183bbd259005,27c92834df097d11,1494.84,refund,api,9,4,AT,False,27,0,2024-01-16
53d42ed6070a84d0,57e86fffed584acd,138.32,withdrawal,branch,22,2,DE,False,0,0,2024-07-30
9de87cd5b0943d69,12c49e91ba41f800,349.26,withdrawal,api,22,6,AT,False,27,0,2024-09-18
8823a914fe7da664,12f047c9e326e9ad,403.7,transfer,mobile,14,3,AT,False,24,0,2024-11-17
3fd23aed24877d0c,6a168ae298a97d31,306.68,refund,mobile,11,2,CH,False,6,0,2024-03-16
2d8ec633bb1e2fc5,097fd8b6f9a08ae3,31.38,transfer,branch,19,3,DE,True,1,0,2024-06-18
482ca5cd6707b46d,9422e52706549680,103.71,purchase,branch,8,5,CH,False,13,0,2024-12-13
b3904c4abee765fa,5e971feb22cb149b,51.09,purchase,web,4,2,DE,False,28,1,2024-03-27
7df79d61539349ee,bbbdc5bdd5d4f50a,74.85,refund,web,12,2,DE,False,24,0,2024-09-08
214293042b65b6bf,90d800f496e91751,166.21,transfer,web,9,6,DE,False,20,0,2024-02-22
cae96aa370a6a962,6a168ae298a97d31,901.97,payment,web,10,2,US,False,7,0,2024-06-29
b9704c7e922e2b27,a2ff8127a2edf96f,131.61,withdrawal,branch,5,0,DE,False,21,0,2024-07-09
4ac21699d91ca1e4,9c8762c6a5630071,1711.2,purchase,branch,16,0,DE,False,11,0,2024-06-03
9d3d457c8d2cde39,cfd7bfdc0ab5033a,156.43,refund,branch,22,0,DE,False,2,0,2024-06-17
7c64d9179ca13bf1,cc1a5cbbfe5d08a3,82.58,transfer,web,20,5,DE,False,7,0,2024-07-15
85725addece0712c,83202fd60562511d,147.48,payment,branch,1,4,DE,False,16,0,2024-10-06
141c688686bf01b6,5a412311b1b38c82,122.56,payment,web,11,2,AT,False,19,0,2024-02-25
7845f1ee940fa21e,d1bcbf944b97b4cc,210.53,transfer,branch,9,0,DE,False,21,0,2024-05-01
36b0f724d0d25086,a550dc9ed573b250,23.19,transfer,branch,18,0,DE,True,21,0,2024-10-05
2e3f38519523aa6c,09fc2bea655a24f6,161.25,payment,api,17,4,DE,False,30,0,2024-09-23
9c774568fa10eb39,be651712971ebd6b,218.11,purchase,branch,12,1,AT,False,26,0,2024-01-05
d4a392614eca9272,0754188ebb01a7e4,29.1,payment,mobile,9,1,AT,False,9,0,2024-03-17
b915fca6f669a4e1,75d8f06438f91d09,230.25,payment,atm,14,5,DE,False,24,0,2024-09-10
669d8ee7e3c4df7e,ef3d71a9c72b587c,273.52,purchase,api,20,2,DE,False,17,0,2024-06-03
e88f5b5e71f2fa7c,148f5e94748afbcf,118.03,purchase,api,14,5,DE,False,8,0,2024-11-08
771c8208a68dbda7,23edc044f01da22f,157.13,withdrawal,atm,13,3,DE,False,19,0,2024-03-19
602f87c9891d4083,ebba17080438114d,26.84,payment,api,18,6,DE,False,18,0,2024-08-02
6a162c3ee16a727b,abed2df131af0962,10.22,transfer,atm,12,4,DE,False,1,0,2024-04-16
59ed8407e804b153,dfb2d8eaac985697,84.32,withdrawal,web,12,5,AT,False,13,0,2024-06-03
7a1bcc43b6570e54,1afdd1a2c9be1455,467.09,withdrawal,branch,16,1,DE,False,10,0,2024-07-16
6150117e1406fe8b,79b34c7dbd15f98b,173.67,purchase,atm,14,4,DE,False,1,0,2024-06-21
46687b088060b005,875c96b52ad634b5,206.28,purchase,branch,20,3,DE,False,19,0,2024-07-31
ba44fe952385f5d2,ada3958d08916f0f,31.03,withdrawal,branch,3,2,US,False,28,0,2024-05-09
eaca68137468583b,a2fbd00f815aca53,23.8,payment,api,13,3,DE,False,27,0,2024-01-26
ec52258664f85d77,9777b4c1d1a06407,34.01,payment,api,16,2,DE,False,25,0,2024-07-10
7b07763d572f5130,3c988be854d19cf7,31.27,refund,atm,1,4,DE,False,6,0,2024-04-05
f89b0af8ec05b667,9add13dae81ea94f,239.22,purchase,branch,13,5,US,False,15,0,2024-12-20
10b1e858f81666e3,32b732435b773ec8,24.73,transfer,mobile,17,0,DE,True,23,0,2024-11-11
0bea83f512862a9a,4587b25745585a05,20.54,transfer,api,2,4,DE,False,26,0,2024-05-31
4a27a9b15c75d50d,8f1e6776beeabb48,284.59,refund,api,0,2,CH,False,22,0,2024-11-11
9a6a95f77c8b019f,430d5e560fc5effe,2.92,withdrawal,mobile,10,4,CH,True,30,0,2024-11-17
34008c5db15c2f8b,e0ff36e4a2450b1a,59.36,withdrawal,web,7,0,DE,True,24,0,2024-03-12
6159078de58a88e9,2bc450148c28b47a,55.04,withdrawal,atm,6,6,DE,False,14,0,2024-03-20
502f1cf7093992b3,24035e5fa3060bd4,55.37,transfer,branch,9,1,AT,False,13,0,2024-07-22
683d9536f4d936b0,3df83a86d1de18b2,10.86,withdrawal,atm,16,0,DE,False,14,0,2024-06-22
1be3296bf8bf545c,caa3f70770df65c2,5.94,payment,mobile,12,5,CH,False,4,0,2024-06-09
235e974933d40a94,61b8edd0c82a20ae,27.77,purchase,api,15,0,DE,True,14,0,2024-02-06
3d3f1d36af268e11,2940524866b1c70b,10.03,payment,branch,14,6,DE,False,5,0,2024-07-05
7eed90c36275806e,58ed68e151539877,376.28,transfer,mobile,0,5,CH,False,9,0,2024-12-24
840fc89419b15135,2105f94aa6b4d33d,65.5,payment,branch,18,2,DE,False,22,0,2024-01-17
407eab5f3c8c4260,90d800f496e91751,41.3,withdrawal,branch,23,4,AT,False,21,0,2024-02-26
8eec3109f313cfae,2cf007913545eeb5,5.49,payment,atm,22,2,DE,True,10,0,2024-11-06
031d5b47ad02cd89,778f1472bf7067c2,31.59,withdrawal,mobile,7,3,DE,False,10,0,2024-07-07
ea16d24ca84584fb,8a21706ad64d5905,42.1,payment,web,18,6,DE,False,12,0,2024-05-14
670cfdf1307585e7,8dbd3dcbcede2453,74.91,transfer,web,14,0,CH,False,14,0,2024-04-04
9712bf327a0586ed,5c80404db6afbf5c,2501.18,transfer,api,21,6,CH,False,29,0,2024-10-16
28efdd6f86be1dc4,21d14a120ca4e518,80.68,refund,atm,12,4,DE,False,14,0,2024-06-30
7604ce0c69fba1d9,e7e53eb4fc92f441,15.72,refund,mobile,0,6,AT,False,21,0,2024-07-04
095af734694b5f5f,124941d12cb83091,30.45,transfer,mobile,22,5,DE,False,28,0,2024-11-25
04eb3e90bccfe2a8,535a3d7407a53ec9,944.26,payment,branch,11,5,AT,False,29,0,2024-06-30
e72628a8a310b0c2,8ca025aa63ad7f19,5.6,refund,mobile,11,3,DE,False,30,0,2024-07-07
19e5b22ff73a1d81,d0244b2e899ab6bc,116.65,payment,branch,17,5,DE,False,30,0,2024-08-18
954e41818d4ea0bb,101cbc670c03679a,225.82,purchase,web,4,6,DE,False,23,0,2024-02-03
9f3623f0e5447e3c,8af0aecac4084a0d,116.52,payment,web,0,4,CH,False,13,0,2024-10-27
587d47ddd409a4ed,379706e13cf85e7f,26.25,refund,web,17,0,DE,True,27,0,2024-03-10
8a7682b338376c73,535a3d7407a53ec9,291.67,refund,web,11,6,CH,False,16,0,2024-09-08
4a50e19cd2ed7af4,097fd8b6f9a08ae3,89.19,withdrawal,api,14,1,DE,False,28,0,2024-02-23
9f184ecbd54f4185,5978de5f61ca21c5,34.52,refund,branch,9,3,DE,False,6,0,2024-10-31
e8019b91c3504257,c8548340e292f8ae,29.42,payment,api,5,1,DE,False,28,0,2024-04-14
2d54b389dfb26902,fec6726221782e14,22.06,refund,branch,9,5,DE,False,5,0,2024-01-25
9274397fe4292417,0d440c2adf3f05cc,53.96,withdrawal,api,13,5,DE,False,3,0,2024-02-27
3b16e6dc71641e3c,c4f7fe339ce44579,169.55,purchase,atm,15,3,DE,False,19,0,2024-12-07
fb2a1a4bf8e2112f,8920b5e6cbd13faa,38.14,withdrawal,branch,19,4,DE,False,5,0,2024-01-19
e7a6e06130dd5330,d9fcace36fdc8173,30.56,purchase,atm,13,5,DE,False,25,0,2024-10-22
70884fc6068e936d,7ab91c2ae7549b3b,3760.76,refund,mobile,6,2,DE,True,20,0,2024-10-11
0fbb8f908d240680,e91b18a6870ac128,101.67,purchase,api,4,4,AT,False,15,0,2024-04-30
0f1baa34cc99e9b8,f7599fffc0d52239,212.56,transfer,web,4,4,DE,False,30,0,2024-09-02
3c55e0202275a5ca,ccde1e88c9dacee8,34.76,transfer,branch,18,6,DE,False,23,0,2024-08-19
803aab440bdae2a5,d504b2be039b67e9,107.13,transfer,mobile,18,1,DE,False,16,0,2024-01-05
c7710da3c6751337,9368a3af2ec5e010,19.92,purchase,atm,20,5,DE,False,15,0,2024-09-10
abf8b228ab306cc6,5c92fcc0db6d8ab7,71.36,payment,branch,9,1,DE,False,9,0,2024-11-24
2070a02f979f3522,525cbd86c4dd39e9,40.31,payment,web,22,2,DE,True,18,0,2024-08-23
b7242fe2294b6759,52ad3664a4d05665,25.24,payment,mobile,12,4,AT,False,20,0,2024-08-01
8e741122c423c9ad,33027c5d86ee9f67,259.3,transfer,api,3,3,DE,False,25,0,2024-01-03
51a56c370a693ab2,5b528c377e06dea8,95.84,payment,branch,18,6,DE,False,18,0,2024-05-19
419a2a64f21979d5,20f1826aa7875d0d,21.75,refund,branch,8,4,DE,False,18,0,2024-01-01
3f4e350e1ead844c,21074e734f33a890,97.78,refund,branch,19,4,DE,False,4,0,2024-11-17
1929cefed3510541,0eee2a184ccd2544,34.82,withdrawal,mobile,16,2,AT,False,2,0,2024-06-15
fbf359e0fe9b5245,32b732435b773ec8,89.36,withdrawal,branch,11,3,DE,False,26,0,2024-12-17
b5b43fad70e67cfc,2f018d859cd898b5,64.0,withdrawal,atm,9,3,US,True,5,0,2024-04-28
82078a01828f45ac,5c80404db6afbf5c,720.16,refund,mobile,4,5,DE,False,15,0,2024-02-12
942bde22c8f2122f,2db647ad564ecb7a,64.04,transfer,atm,12,3,FR,False,25,0,2024-06-23
55f60835356c9303,a4390b8020481075,474.64,payment,web,13,0,AT,False,18,0,2024-02-09
fc5eb08224563f95,1b2ee82dc979a6cc,55.59,withdrawal,mobile,2,2,DE,False,23,0,2024-03-28
8a39aefa9f807e3a,00df7022ce2e0386,55.62,withdrawal,branch,2,3,DE,False,10,0,2024-12-06
d4d463649e14468b,1ab01430c33d21c2,283.85,transfer,mobile,21,1,DE,False,25,1,2024-09-22
9ddb453a936cebdb,de77ec1f76a7aec8,327.41,purchase,atm,17,0,DE,False,21,0,2024-08-30
c75ca83a4cff4c5a,d55ad22d8e638147,23.55,withdrawal,api,5,1,DE,False,3,0,2024-02-22
246f9946f9d5255a,f68f4bdc055c2fa3,31.84,refund,atm,16,0,DE,False,24,0,2024-09-19
6ceb771df0ac89a1,6796a86bf89380a4,34.51,refund,api,6,4,DE,False,13,0,2024-01-03
1aa9ce68b2448572,c34245c3d61ac215,35.44,payment,web,14,2,CH,False,19,0,2024-11-27
65b6179700bab485,2cee8df3253c6be0,188.02,refund,api,16,3,DE,False,17,0,2024-10-04
4ee4a1802e840a6f,d79c204a6da3f355,25.87,refund,web,7,5,DE,False,10,0,2024-02-22
869abf07a1ade5cd,a09cd46d515e3168,1.7,refund,web,10,1,AT,False,17,0,2024-02-18
fd437585abebd6c2,cfd4f236ea9babb7,24.06,transfer,mobile,3,2,DE,False,24,0,2024-04-30
a3a37596ff0b1566,75296ede9828066e,37.68,payment,mobile,4,5,CH,False,12,0,2024-07-20
5fff01063aa306e6,f17b1c284520d4e3,575.33,transfer,web,4,2,DE,False,24,0,2024-03-22
d1b9e30e55f42694,88945f8b56dcf41d,103.12,payment,branch,15,3,DE,False,19,0,2024-04-11
193392bd73ad46e5,4837f180d0eb561f,340.35,purchase,branch,22,3,FR,False,17,0,2024-09-12
8e4a2cbde2d44f67,4a4756cc2cdaeaa0,76.77,withdrawal,web,0,1,CH,False,28,0,2024-02-07
451c3c05a8d359b9,513c2e73b6e607e2,723.51,refund,branch,4,2,AT,False,4,0,2024-04-03
b144c9ddad2fff9c,c960159cb291b2db,5.7,purchase,api,18,5,DE,False,27,0,2024-12-29
ce6a12cb9d29f5f9,7c7af75cffc2d2e2,26.59,transfer,mobile,17,5,DE,False,25,0,2024-10-22
b0896307fc36c93f,53900e3fadc042d3,978.37,transfer,branch,17,5,DE,True,28,0,2024-01-21
83993b0dfa767b4e,701e668375016da9,2.61,transfer,web,16,4,DE,False,2,0,2024-08-06
00da0561866aaa18,95c371cdc09012db,109.84,payment,mobile,10,1,DE,False,1,0,2024-08-28
d93688ea9e2015a6,4885e4643962dea4,86.27,refund,api,9,4,DE,False,19,0,2024-07-23
9bf74e68b2667076,149396c4c5912808,261.96,refund,branch,22,3,DE,False,17,0,2024-06-15
24c693fcd05f6566,896aba5c3365d4b6,107.23,withdrawal,api,8,5,DE,False,5,0,2024-10-25
d9a47bf7cf35f1c7,d5b91e64f71dcc83,59.24,transfer,web,23,2,DE,False,3,0,2024-04-16
80935566f66f1e82,7bae829bc27e6ff4,139.28,payment,web,19,3,DE,False,21,0,2024-08-07
f2fb25f82d36af1a,73782229d955b453,65.8,refund,web,10,5,DE,False,7,0,2024-03-13
a9891d29af61fc14,d08a5d4a9330860a,48.19,purchase,api,14,6,US,True,22,0,2024-12-13
c26695d95b6be4db,267e625565404acc,17.29,purchase,web,16,6,DE,False,24,0,2024-06-06
6e07aa23477712bb,046fa5773922c5d8,62.29,withdrawal,mobile,3,0,FR,False,10,0,2024-08-04
5068aa794f837539,d4178519491ed4e0,258.72,transfer,web,2,2,DE,False,7,0,2024-02-23
408d1c2d5b7bd5ab,52f2608f0fdfd28c,17.87,withdrawal,api,8,5,CH,True,26,0,2024-02-18
3f1ecf769db3d364,67206c8525e04df6,204.28,purchase,atm,17,2,AT,False,29,0,2024-02-04
850467f1227fc5f0,ec2d062aff8a7a9f,29.49,purchase,web,4,4,DE,False,13,0,2024-08-28
c70eebb721b8c793,4aa210e4e90e7212,52.47,transfer,mobile,2,2,DE,False,27,0,2024-01-06
cfa942583e16e858,1ac68b54f1ccb281,25.22,purchase,atm,6,5,DE,False,3,0,2024-07-03
ebf0fb6b05ab3277,39b28406376154b3,44.69,payment,web,20,2,DE,False,10,0,2024-08-21
84f609e14447b657,6e4f134425053dd5,58.87,purchase,mobile,21,5,DE,False,30,0,2024-12-20
54c9e1f280a4c1f5,f51d70a6070e06e9,28.52,refund,api,17,4,DE,False,28,0,2024-08-20
360f918212c8035d,7f6ec6efeb9e17fd,49.63,withdrawal,web,6,4,DE,False,4,0,2024-11-06
1d3ab42c83c44391,d3e937a4fe997e9c,31.55,transfer,web,8,4,DE,True,11,0,2024-05-09
fa05c949c295d7a8,525cbd86c4dd39e9,46.81,refund,web,20,5,AT,False,7,0,2024-10-02
263a6d6d86cecae1,901cca668dced61d,67.3,payment,mobile,20,5,AT,False,15,0,2024-09-18
00ce98f21b09de5a,45f6093c8d51c7cf,1283.28,payment,api,20,2,DE,False,4,1,2024-05-22
c1a7365f0323fe66,8ca025aa63ad7f19,54.89,transfer,api,5,3,DE,False,8,1,2024-07-29
e4c7160f25fed465,66240ca8805f0c13,112.56,purchase,web,4,0,AT,False,2,0,2024-04-10
500f25781cf70c7e,e2c7515469a1306d,106.51,payment,atm,11,5,DE,False,24,0,2024-06-12
451fb63e9df7b449,a3bb335e7dd28a54,14.0,payment,branch,16,5,DE,False,14,0,2024-09-14
eaa1a7a290ce49af,4f503dea81961fa6,594.58,refund,mobile,20,5,CH,False,25,0,2024-01-17
2ff274714417ea66,e2cbadb8db971ce1,12.36,refund,atm,15,6,US,False,25,0,2024-07-25
715aa3162f159605,40c70ea52c9c36e1,165.96,purchase,api,22,0,CH,False,30,0,2024-12-21
4e40df2bf0b1b116,36d6a41bcef939ab,107.87,payment,api,13,2,US,False,13,0,2024-05-29
c409fb1d22424e3e,0a3a13a712776e78,26.47,refund,branch,15,0,DE,True,3,0,2024-08-26
9dc1a9b50c3384de,51567c4b4d22a582,18.17,withdrawal,atm,7,6,AT,False,4,0,2024-07-11
b4dc4201c5fea8f0,7bae829bc27e6ff4,64.28,refund,branch,21,2,DE,False,1,0,2024-11-23
d5958c9511d4b782,d63e94a07a59a8cf,275.27,refund,api,18,4,DE,False,18,0,2024-08-27
90b6df8269e0b2cc,d80291ff8a609246,34.9,payment,mobile,1,0,DE,False,9,0,2024-05-06
b64dc4b902407d08,174082e445371ba1,745.22,payment,api,3,1,DE,False,28,0,2024-01-30
a141099396b0f1f7,d80291ff8a609246,45.12,purchase,atm,6,5,CH,False,12,0,2024-08-28
0f5cc853f93bec08,371ff7cf2e7b362f,45.03,payment,mobile,6,0,DE,False,3,0,2024-02-28
34fe62b2b18807a1,183a499c6578411d,121.1,payment,branch,3,1,AT,False,6,0,2024-01-17
244a069679cf3bfb,9a6c0061bbe97014,227.66,withdrawal,atm,5,5,CH,False,14,0,2024-05-05
213ab4710790e158,50d6200e599a11a6,1552.83,refund,atm,21,1,DE,False,3,0,2024-02-25
23ebec384668b60f,f2136377229fb6df,284.29,refund,api,22,4,DE,False,13,0,2024-02-13
ad2dd8499c47d18f,8537b128fe18c4ca,6.2,withdrawal,mobile,14,6,AT,False,17,0,2024-07-24
aa75da9e75601d98,65b92ffea23cd778,10.61,withdrawal,web,17,0,DE,False,26,0,2024-06-08
9b5f32003ca73e01,26ca3d0df8ed600d,28.34,withdrawal,api,7,6,DE,False,6,0,2024-11-17
16dea79b6bcad62b,165af6b8bc77c4ce,229.04,refund,web,10,0,FR,False,1,0,2024-12-06
c1fc25b83a0ad191,7d5ee2993338f28b,242.93,withdrawal,mobile,11,1,DE,False,15,0,2024-05-09
eb2853b731682159,38918cd5b3bd7fba,198.23,purchase,atm,18,1,DE,False,25,0,2024-08-10
afe13c6d2d65a1d6,294eec57b188ae20,54.64,refund,mobile,12,2,DE,False,23,0,2024-07-05
93886178b0cd02c6,5b528c377e06dea8,63.38,purchase,api,7,6,CH,False,11,0,2024-05-28
2f28febd63e0035d,a54cf8e4bd9cd4d7,261.2,purchase,mobile,11,2,CH,False,6,0,2024-01-23
143f67b54239ad85,c2dfeb5991158ea3,157.62,refund,mobile,4,6,DE,False,0,0,2024-03-14
0cbc01a882ed0cd1,070840efbc93df0d,386.0,payment,branch,9,1,DE,False,1,0,2024-07-09
26ff439ce1ce4cc8,6da130da8af1e304,134.18,refund,atm,7,5,DE,False,16,0,2024-05-16
f56f977915d4632e,13db5c474160f6cc,18.09,withdrawal,mobile,21,1,DE,False,15,0,2024-05-15
1067e8a32af9b66f,ae7d9d97fe6e5f3d,70.83,withdrawal,api,22,5,CH,False,11,0,2024-09-16
6ee54eafa8935ddb,b0cace3cdb71b4c7,21.46,transfer,web,15,5,CH,False,27,0,2024-03-14
f2efca4e63c2bc2e,2e6964ef01637f02,245.33,transfer,mobile,21,2,FR,False,19,0,2024-07-20
8a68f919aec67ad4,8ec955a8557fc25e,133.18,purchase,web,14,3,FR,False,0,0,2024-05-21
5b1a5e349a0647e6,074e14ee8997525d,52.89,payment,mobile,17,3,DE,False,3,0,2024-06-28
1a670833585b1872,d0244b2e899ab6bc,343.72,refund,mobile,1,3,AT,False,20,0,2024-07-01
a09786dc62e5419a,567c594223514ff3,16.02,purchase,branch,15,6,DE,False,6,0,2024-05-15
892b93f7d1349634,23edc044f01da22f,269.57,purchase,mobile,23,6,DE,False,30,0,2024-08-02
1a322aca0b473d36,76d068488532d560,167.91,withdrawal,web,1,0,DE,True,14,0,2024-02-04
b8247b2de0a09177,3d4dab7a8ecbf677,16.52,withdrawal,api,12,4,DE,False,25,0,2024-06-24
87e17e2fa2c4ca9c,2a1e1653e82c76a2,438.31,payment,web,11,1,DE,False,6,0,2024-08-20
95107189f16afe8d,c2a56da4cd451785,442.12,purchase,branch,7,0,US,False,6,0,2024-05-20
3fe9184488d92a46,dd2faed52032391a,26.08,withdrawal,web,5,5,DE,False,11,0,2024-12-22
31af0687d64476d0,11b0f22fe097ebd1,98.42,payment,web,19,0,DE,False,17,0,2024-09-01
978b10df35504627,f403324a35c8b2f5,13.79,withdrawal,atm,5,1,DE,False,10,0,2024-01-20
694ff31686267a5f,11c1d84fadb1c7c2,49.85,withdrawal,api,19,4,AT,False,3,0,2024-08-16
4f065b1033b6127e,f6b58d54c79a7cd6,122.81,transfer,web,17,4,DE,False,27,1,2024-11-05
eea9921838525629,7ec26dd45a2ecad7,487.18,payment,mobile,23,2,DE,False,0,0,2024-09-19
0720798c8fa4f350,a6e44b308296a3d0,108.64,withdrawal,api,22,6,DE,False,17,0,2024-01-03
8603bd5285230747,edb39a7fbdf3edaa,23.48,withdrawal,atm,1,2,DE,False,5,0,2024-07-19
33e774d45371a36b,ccebfc7b59f7809a,196.0,transfer,branch,5,4,DE,False,17,0,2024-05-27
5a04bd21af575853,0301680e7e8045c6,135.2,transfer,api,8,6,DE,False,21,0,2024-05-12
df862b74748dfce9,fb35e6d2e1868891,71.73,purchase,atm,21,1,FR,False,6,0,2024-05-26
c92234ed89f0ef5c,21074e734f33a890,25.5,purchase,branch,8,0,DE,False,17,0,2024-12-21
f8f572b112580ffe,2547a6de8a3897bd,147.8,withdrawal,api,10,3,DE,False,24,0,2024-07-21
26daa7630a94804b,2626f0f995feaad7,280.58,transfer,branch,9,0,DE,False,20,0,2024-10-02
51654b1779c2c880,51310eeba67238b6,252.69,purchase,web,2,1,DE,False,26,0,2024-05-16
392ce367340bc608,a2ff8127a2edf96f,221.27,transfer,atm,7,3,DE,False,0,0,2024-09-04
6c5f88d03f76ce9a,a97be0a50ea38d7b,121.57,payment,api,14,2,DE,False,13,0,2024-10-28
8c89369c01111f20,70e5fb5880e41b74,2162.85,transfer,mobile,15,1,US,False,3,0,2024-07-18
5ae792a6ade996fd,99606e9a057b6340,86.4,payment,mobile,7,0,DE,False,14,0,2024-10-21
d7203a228bc17401,8ed82341e506bba1,175.79,transfer,mobile,22,2,DE,False,12,1,2024-10-24
46d2fb199abb9072,1feaa13096450730,287.13,purchase,api,6,3,DE,True,30,0,2024-04-13
eab5a623488ee304,f358e079224e09b4,275.85,purchase,atm,20,1,DE,False,13,0,2024-10-01
3acf3d318afa23a8,a3bb335e7dd28a54,190.35,purchase,branch,0,5,DE,True,1,1,2024-05-19
9d9bbb99135cbced,704d95a855bc1c1f,20.1,transfer,mobile,14,0,US,False,23,0,2024-12-04
e07214275150f015,32693de0c6c167a7,43.51,purchase,web,21,5,DE,False,12,0,2024-12-25
cea527c73e17ca7c,e2c7515469a1306d,31.72,withdrawal,branch,22,3,AT,False,23,0,2024-07-10
288d0376bc07a156,a4390b8020481075,90.54,refund,mobile,9,6,DE,False,2,0,2024-09-07
b7b9881e11952824,564c3c628e93587c,62.05,payment,atm,3,5,AT,False,15,0,2024-04-16
daa775ed73dd4e36,c8922bed7d0e7358,28.14,payment,mobile,4,1,AT,False,18,0,2024-09-25
803fbe0714831d50,333346881cc05374,15.21,payment,web,14,5,CH,False,4,0,2024-01-04
50291857724e59ee,75296ede9828066e,9.35,purchase,branch,15,0,DE,False,8,0,2024-08-25
693b2fd3e6029c93,84a767726dc564b9,174.37,withdrawal,atm,13,4,DE,False,2,0,2024-07-24
12f6697d20347dee,79b34c7dbd15f98b,233.06,purchase,branch,15,6,CH,False,24,0,2024-07-09
7aa320956d149859,707dfe078e749c2a,81.86,purchase,atm,15,3,DE,False,0,0,2024-06-24
5987f767c4abead7,ff888cd20c715b33,181.3,withdrawal,atm,10,1,DE,False,9,0,2024-10-02
9545568507f6a5a7,72fcea085bcfb91a,88.98,refund,api,15,1,DE,False,8,0,2024-01-03
71221895d618ce52,d588d79aa4e13ad0,66.92,refund,mobile,19,6,DE,False,7,0,2024-08-09
0a724ca480ff8b37,0312fa2a05021b8f,133.72,purchase,branch,4,2,DE,False,6,0,2024-05-05
23039a1555346686,cfc633a0e42f4c7d,177.19,transfer,web,6,0,DE,False,18,0,2024-05-02
c74731549716a852,88945f8b56dcf41d,252.17,payment,branch,11,2,DE,False,16,0,2024-07-09
e2ece1887eb63230,9714754ba9ca7aa1,168.63,refund,branch,3,2,DE,False,19,0,2024-05-09
88fa59b8351a1919,66e075ad1e08433b,12.08,transfer,atm,2,3,US,False,6,0,2024-08-21
b2abec9c9368ff04,2abe76f47173a52a,28.92,transfer,api,22,6,DE,False,23,0,2024-12-06
69f3757104b013a4,58fe68b77b986d50,328.73,purchase,web,22,0,DE,False,3,0,2024-08-09
513cd940378b6b4c,8e7718b13ed59f5c,38.66,refund,atm,20,3,DE,False,18,0,2024-12-16
f8e82a98d4ba10db,93102f8c8c50d21e,98.25,refund,atm,3,3,US,False,13,0,2024-11-06
c9284e5644b481c2,7f55f073111f191a,220.29,purchase,web,19,6,DE,False,19,0,2024-12-12
c53a4630039ac500,d401c5577bb35cfc,114.74,transfer,web,4,0,AT,False,20,0,2024-01-22
a182b83a47379cb5,6a3cbb64234ba753,43.91,purchase,mobile,9,6,US,False,22,0,2024-01-19
93daecfcc18d88ff,448e54f978934d2e,60.86,transfer,mobile,19,1,US,False,16,0,2024-04-06
15d5c85a70a3bc84,63d18335b39fbaff,37.7,transfer,api,2,2,DE,False,15,0,2024-10-31
d9b8d3b9f1642a5a,262d379b1a935bf1,97.3,withdrawal,mobile,1,1,CH,False,6,0,2024-06-26
7c09f0387fdb272c,fb31b871b8a3adab,86.52,refund,mobile,23,6,DE,False,1,0,2024-11-23
12a609cfcc709040,6a5e8d62a433a4a5,669.47,purchase,web,4,2,DE,False,25,0,2024-01-13
0fd987dff83d3d51,58ff24853040e0ab,143.08,payment,api,5,1,DE,False,7,0,2024-03-07
fbd675bb6608fee3,262d379b1a935bf1,383.55,transfer,branch,13,2,DE,False,2,0,2024-08-15
70ec24bcb8797298,2084cdf8c9db19c7,84.41,withdrawal,atm,17,0,DE,False,5,0,2024-07-27
c44143205b73052f,bdaa952c935e7ce2,46.29,refund,mobile,19,2,DE,False,26,0,2024-02-05
d7387e1ec506612b,66e075ad1e08433b,40.15,transfer,mobile,18,0,DE,False,27,0,2024-11-09
de8521b9dfedf888,2ad62cb0b43165d1,445.87,withdrawal,branch,15,1,DE,False,18,0,2024-03-08
348364436cc239bd,35d53b5d84d3da8d,139.24,purchase,atm,19,1,DE,False,10,0,2024-02-14
b21513183982aee6,98189c1c1e585878,52.82,payment,branch,21,1,US,True,29,0,2024-11-30
13831ac31d9cbee7,772c09f7de4d4678,218.3,payment,web,22,2,CH,False,8,0,2024-07-19
976f1bbe50e630a3,a3bb335e7dd28a54,52.08,transfer,api,13,4,DE,False,22,0,2024-12-28
7be4f6cb588bacb1,ed4a16cea68d7e1f,149.1,transfer,mobile,14,3,AT,False,5,0,2024-01-25
7d791a5204498406,39a30d3931fe5458,1318.96,purchase,api,10,5,DE,False,29,0,2024-10-03
bd991f7214560d2b,2db647ad564ecb7a,68.44,payment,api,1,0,DE,False,4,0,2024-08-05
7e45d88114257d27,2aa6d7b211ac3c1c,271.95,withdrawal,api,13,0,DE,False,9,0,2024-11-30
f0dc059420a83276,124e6a8ca5919757,43.22,purchase,mobile,7,1,AT,False,11,0,2024-12-09
6e2673e4cdb66a3d,882794bbead75d88,425.15,payment,atm,9,5,DE,False,3,0,2024-09-10
d85b20f71cc5a83e,ddec1d52a8577332,24.67,purchase,branch,18,5,DE,False,18,0,2024-10-23
94f862a476867f53,7baf6c5fef6c48a2,49.17,payment,mobile,22,1,DE,False,5,0,2024-07-21
07d927c5721b76f7,48729bba3c509acb,47.9,transfer,web,0,4,DE,False,4,0,2024-05-15
5bcf9a9222a42233,f87bb15bd53e109e,2.27,withdrawal,mobile,14,5,DE,False,13,0,2024-02-05
a1ee990235250457,8d86e1749618f528,24.9,transfer,web,5,4,CH,True,2,0,2024-09-06
5f285b3d48f0a3df,d370bf88bb1fed68,20.07,payment,web,19,6,DE,False,4,0,2024-12-09
1c84b5c286b603e2,f3949495d1d258f1,116.98,withdrawal,web,2,5,US,False,29,0,2024-07-20
10dec3b95600b389,52f2608f0fdfd28c,32.42,purchase,branch,21,5,DE,False,6,0,2024-10-06
38386be35e23a149,cc721155c46c346a,99.55,withdrawal,branch,12,3,DE,True,30,0,2024-09-15
afb2bb1a15cf2552,7a7c8d4f2020eaf9,47.06,purchase,branch,19,2,DE,False,29,0,2024-01-03
741502c42f7e96e9,cc1a5cbbfe5d08a3,32.85,transfer,atm,23,0,DE,False,5,0,2024-11-20
8c702f6963720227,e02dcdb0a4866703,24.11,transfer,branch,12,4,AT,False,25,0,2024-03-14
01027a6c06e0e0b9,009d36e0c5c629be,50.49,purchase,mobile,20,2,AT,False,29,0,2024-11-06
1b588afb0bd9f530,51bae5d5e6eb1e84,171.13,transfer,mobile,21,5,DE,False,28,0,2024-08-08
e62cc788ecffa1dd,c9b87801e32ab2ac,72.2,payment,atm,19,5,AT,False,1,0,2024-09-19
6d7704248a82bf1d,470265a8c14c52e0,36.68,refund,api,15,4,US,False,8,0,2024-05-10
cdfacac8661402e1,aa70cf27e477cd4e,234.96,payment,api,13,4,AT,False,2,0,2024-06-02
5cebf26dcb3f3679,148f5e94748afbcf,10.74,refund,mobile,22,5,DE,False,7,0,2024-03-03
a1389700f0057358,a790d620cc18f41a,110.13,purchase,branch,18,0,CH,False,25,0,2024-09-09
57e176f78023ef82,4e0fa5ddd9a7dac2,59.42,transfer,api,17,6,DE,False,28,0,2024-01-15
4baa3004c463dc64,fedfe36dcf07da5a,69.37,withdrawal,mobile,0,0,DE,False,3,0,2024-04-20
d69892027450166f,bdce091f2454ef15,288.14,purchase,mobile,21,0,DE,True,17,0,2024-03-26
3db9de6a3bc38be3,62b313b1a9ca029d,26.09,refund,api,13,3,DE,False,5,0,2024-11-05
d22534ab66fa6038,ad007edf2917d996,86.27,refund,web,0,5,DE,False,18,0,2024-02-10
a2a6f1bb6f6545fb,72849230b2f67e32,50.3,transfer,mobile,9,6,DE,False,6,0,2024-09-18
1518d23a62d99701,cf24922037aeb96d,171.75,payment,atm,9,5,DE,False,3,0,2024-11-16
47f77045d7856c2d,8dc5d38069cca211,80.35,transfer,api,5,0,CH,False,19,0,2024-09-23
d6360e7c924ce660,58fe4ef80ba65ab8,461.59,transfer,atm,20,5,DE,False,26,0,2024-02-27
0ad68ffe508a6042,de4ae09d9f2d9531,47.2,transfer,mobile,8,5,DE,False,21,0,2024-06-28
3ce24446f290f54b,e56433ed5346f95f,182.53,withdrawal,mobile,20,6,DE,False,7,0,2024-08-11
cb4711c62a309515,65495bd15778eb48,145.48,transfer,api,23,1,DE,False,21,1,2024-02-12
84a72eea18bee138,d4a0f77033696654,79.43,purchase,branch,23,4,DE,False,19,1,2024-06-12
94aeec80bf7daff4,fd0a807ca0df70a8,44.82,withdrawal,mobile,13,3,DE,True,5,0,2024-10-20
7d9a29bf6c5a2c2d,15a29e232365fe42,343.96,payment,atm,21,0,DE,False,19,0,2024-02-08
192593c6c4346d4c,407b37d85e83dd32,127.58,withdrawal,atm,0,4,DE,False,17,0,2024-09-07
0323fbcc26ca294c,fec3a870a6448608,91.41,refund,branch,1,5,DE,False,7,0,2024-11-29
ff96d10e250535f9,692868edafe1ed22,47.02,payment,atm,16,1,DE,False,0,0,2024-03-24
9f3202c5c4aa0f8f,afe40b8a8f0f3d84,13.32,purchase,mobile,23,1,DE,False,3,0,2024-10-07
9ab51c22ddcc2254,58ff24853040e0ab,422.41,payment,api,19,0,DE,False,1,0,2024-02-02
88d9cb60d5fe88f0,39b28406376154b3,242.73,withdrawal,branch,2,5,DE,True,12,0,2024-06-29
04485010984f051d,704d95a855bc1c1f,283.38,purchase,api,17,3,US,False,2,0,2024-05-10
74aa1b697e41f957,1ab01430c33d21c2,122.71,withdrawal,api,21,0,FR,False,21,0,2024-10-22
27164b78bd925b06,3cd287a648484145,243.22,purchase,branch,22,3,DE,False,2,0,2024-06-22
06aadff4196ab178,8e7718b13ed59f5c,40.65,payment,web,15,0,DE,False,14,0,2024-06-18
1282be0fce51ecbc,47e9e5a660861f66,503.05,purchase,web,4,1,DE,False,8,0,2024-06-28
dd1e0568c3965d26,81124da40b852087,32.64,transfer,branch,14,5,DE,False,23,0,2024-11-12
1806ba31a8d36c72,132dcfea7bd1abd3,43.25,transfer,api,8,4,DE,False,7,0,2024-09-14
e5f02a906c44b2f0,6ad8a65f8b886422,26.13,transfer,api,19,1,DE,False,22,0,2024-12-16
be59590f57521abf,3c988be854d19cf7,155.23,purchase,branch,6,5,DE,False,24,0,2024-09-30
e70003a643e7cb6c,38918cd5b3bd7fba,20.3,transfer,api,17,1,DE,False,25,0,2024-03-08
343eeaf4125c97a7,22d658778894acd9,50.36,refund,branch,21,3,DE,False,4,0,2024-06-19
1f8bc37565b77a5f,1bcfd5947f39426e,40.71,payment,branch,20,1,DE,False,13,0,2024-05-18
28d9bb9f19811092,189d6ab44a602ce6,26.32,transfer,web,11,3,DE,False,22,0,2024-03-31
b51678efa00bb6dd,788179f07895627a,238.87,transfer,api,17,3,DE,False,11,0,2024-05-25
63335f7b1c5b21d7,3bb87dfe7d08315a,42.3,payment,atm,6,2,CH,False,2,0,2024-08-27
8010c4ffad2351a5,7efe72eedea1bcc7,28.79,withdrawal,api,10,3,DE,False,26,0,2024-10-10
04c617521958baca,9c7ccf173ddb81cf,155.79,withdrawal,branch,7,4,DE,False,5,0,2024-03-03
f37fe140d1f23097,cf24922037aeb96d,41.84,refund,mobile,8,5,DE,False,19,0,2024-08-14
57315c321d81f9a1,14be3a476b56c6b3,13.86,withdrawal,mobile,20,4,DE,False,11,0,2024-10-18
971d2e2aeab16fda,9a5ccc82ae06bb65,32.01,payment,web,14,2,CH,False,30,0,2024-09-27
1fca9920c8d36f07,8f1c9e592ba3b4de,369.51,refund,mobile,21,1,DE,False,26,0,2024-03-28
b8dc448efef1e4d8,ff107396f163c985,57.38,payment,web,23,4,DE,False,9,0,2024-05-02
ea60b0abf1540557,912105a7208a1ea3,79.56,purchase,mobile,9,1,AT,False,20,0,2024-05-17
8a4b561ba08e5288,32d234c08535ba67,66.55,refund,branch,3,5,DE,False,19,0,2024-05-04
11840c2c16406f4a,79f7d72f5f58db79,76.6,payment,mobile,2,4,FR,False,22,0,2024-07-16
ec5e76d01f39191b,f87bb15bd53e109e,244.37,withdrawal,api,0,0,DE,False,0,0,2024-04-07
0c63c9de25473042,4e2019446be70d5a,52.78,purchase,mobile,17,6,DE,False,30,0,2024-04-26
30d71fe89fe7e30a,89e3a36ad922f12c,20.34,payment,atm,23,5,DE,False,11,1,2024-08-24
96b7cf76bdd8aaeb,3c67301ba053ad47,63.5,refund,branch,16,2,DE,False,20,0,2024-02-13
f78aa31b6e3a54d8,6edd14d4d87db171,201.56,purchase,web,20,3,DE,False,7,0,2024-09-30
92041cd749024ca1,132dcfea7bd1abd3,51.32,withdrawal,api,11,1,DE,False,10,0,2024-12-28
394e8bd77421551b,788e7f53c9a7b524,131.32,withdrawal,branch,22,3,DE,False,15,0,2024-11-07
e4ece5a3cd49334c,ffeee34bbe241244,37.31,withdrawal,atm,15,3,DE,False,19,0,2024-04-16
196199ed828f10dd,cc3e28643aee16ef,80.0,withdrawal,web,1,2,DE,False,23,0,2024-02-22
92b18df3e6e5006a,ccd42e485671dcd6,473.61,transfer,atm,13,5,DE,False,11,0,2024-11-19
403e071b7a80b99a,fd1289ab928cde5d,77.04,refund,branch,6,2,DE,False,29,0,2024-09-05
ed146a5473f58593,3b04333b896699f3,44.49,transfer,branch,9,6,DE,False,16,1,2024-03-07
8b17f6e2ead845b6,4885e4643962dea4,30.04,payment,api,11,6,DE,False,12,0,2024-06-21
7a15f78e753b48d9,52ad3664a4d05665,505.83,purchase,branch,23,4,DE,False,23,0,2024-12-15
d4fb7ac2a85daa3c,f850880759dff994,25.72,purchase,mobile,15,6,DE,False,25,0,2024-03-20
1edbb2d66ed933a8,486b5d75cd1afdcb,13.33,refund,atm,13,3,AT,False,1,0,2024-09-08
8514dd41866acd7e,2f6a7cc25b5c97ab,58.27,transfer,branch,18,6,DE,False,8,0,2024-08-07
dce0d4c6ea04c5a1,009d36e0c5c629be,240.37,refund,branch,15,2,DE,False,29,0,2024-01-28
fa1ee3ee4c077aec,ca65d51e944b52ee,28.03,refund,atm,8,0,DE,False,8,0,2024-06-24
d3450567688fabd5,6e4f134425053dd5,41.93,withdrawal,branch,10,1,CH,False,2,0,2024-04-13
3d43557c5da40450,985b4d44da64c8ed,63.96,transfer,api,9,3,DE,False,13,0,2024-01-12
5204b9906dd2bbbe,cb145f30d0513f9d,22.11,payment,branch,7,1,DE,False,2,0,2024-09-12
26c802b26ecc9539,7e4da7f164626253,88.69,refund,mobile,20,3,FR,False,28,0,2024-12-03
1278dbbfda7e387d,ec7811d610b2961d,135.8,payment,api,2,3,DE,False,12,0,2024-05-05
85134ba5f169f710,70a47eb6dcfc057c,132.81,withdrawal,atm,9,0,DE,False,13,0,2024-08-08
f9e644b38701a9e0,eb70b687f60910b4,257.59,refund,mobile,2,1,DE,False,1,0,2024-12-16
b6537534abc7b48a,68a650ac8fd9caa6,10.75,purchase,branch,23,5,FR,False,14,0,2024-08-20
4990fc5e59bced4c,8dc183040a2d2cdd,271.92,purchase,branch,9,2,DE,False,28,0,2024-05-08
0505ea438962b1f2,a5f460d647889564,7.37,withdrawal,mobile,11,6,AT,False,28,0,2024-07-14
9e3ffe92f13f7287,87dc8c4342f67013,37.01,transfer,mobile,1,4,DE,False,6,0,2024-04-06
4eb2fdcad5d029c2,a54cf8e4bd9cd4d7,30.3,payment,atm,20,4,DE,False,0,0,2024-03-14
4feb919420139bd2,8764514397de911c,36.42,purchase,web,12,3,DE,False,20,0,2024-06-01
4b30bbfc4b17ad37,20afa56bf367ac54,311.37,transfer,web,13,2,DE,False,8,0,2024-08-20
62647f627b05c069,f61e060c86948745,81.37,refund,atm,1,3,DE,False,29,0,2024-03-26
d8739de3cdded6ea,114f7360cdf50a16,91.73,purchase,web,5,2,DE,False,16,0,2024-10-13
8d8e7686e460a2e8,35d53b5d84d3da8d,656.41,refund,atm,19,2,US,False,23,0,2024-10-25
f58b2a8d4d623174,875c96b52ad634b5,498.63,withdrawal,atm,12,5,US,False,13,0,2024-06-13
dbceb159c98421a6,d8a42796049f954e,24.64,payment,atm,2,2,DE,False,28,0,2024-09-26
6f2dc1e4110bd1de,4a64fe624ae06538,88.72,withdrawal,branch,0,6,DE,False,24,0,2024-12-17
15afb648e57d3c6a,66e075ad1e08433b,167.71,withdrawal,branch,14,0,AT,False,24,0,2024-09-07
7e5c4af9dfc35101,7dca056d1b851684,169.8,payment,branch,7,2,AT,False,21,0,2024-07-30
5eab640e49d26f02,cfd4f236ea9babb7,39.78,purchase,api,19,1,CH,False,12,0,2024-06-28
1e8292c86be1deb1,c8bd83145603e477,57.89,withdrawal,atm,20,1,AT,False,21,0,2024-03-05
c0cbb8fee439dd53,5aea0f8418c788e7,111.17,refund,atm,2,2,DE,False,28,0,2024-09-17
443a103a04b015e0,25ea9e9c9f1d2ee0,26.58,payment,atm,11,6,DE,False,27,0,2024-10-13
b0942b201c3bdf69,6e46faafb066708e,113.67,transfer,branch,8,3,DE,False,28,0,2024-03-02
4f38a7f34c893089,876b001890d3aca4,24.33,payment,mobile,6,4,DE,False,5,0,2024-07-09
840c7a275d97b070,e5847d6824a5e200,62.62,refund,mobile,2,1,DE,False,18,0,2024-06-08
e1f0c5fdfed718fd,9e0ee76af6f63d14,922.93,purchase,api,15,4,DE,False,24,0,2024-11-17
dc5557d83b67dbdb,9ea3c99ef5cf605a,20.4,transfer,web,11,1,DE,False,22,0,2024-10-19
8c50b12348b781cc,b0cace3cdb71b4c7,207.2,withdrawal,api,23,0,DE,False,0,0,2024-03-09
1efbd15f17b005ea,7d3b0e86e95f0ad8,30.35,payment,web,15,3,DE,False,19,0,2024-09-14
ccd0af1d82c83715,8cfb46094b5f0108,67.45,payment,api,11,5,DE,False,0,0,2024-03-17
ea71b709b6806115,14be3a476b56c6b3,30.62,withdrawal,branch,15,1,DE,False,14,0,2024-11-13
fec52a5ec74ef15c,a2f1ae70dbe7c06c,14.07,refund,atm,2,0,AT,False,26,0,2024-01-19
445a36e9182c3505,23edc044f01da22f,214.8,transfer,web,6,6,DE,False,5,0,2024-06-04
9fccd750d8adb9bc,e52768c960a35996,172.03,withdrawal,mobile,21,5,DE,False,13,0,2024-10-12
2681c66885c9dceb,ceabfd7dba2cdcee,142.89,transfer,api,0,5,CH,False,21,0,2024-10-25
c05bc7562d21e643,f7599fffc0d52239,193.18,transfer,web,17,2,DE,False,21,0,2024-12-29
7579abb085730802,84ccf3119a3a106d,90.52,purchase,api,0,6,FR,False,13,0,2024-04-27
20144272aa118615,121110decabf1965,55.15,payment,mobile,5,3,US,False,16,0,2024-01-06
ad7c6457843228a6,023873d9a8327222,12.85,refund,web,22,1,DE,False,0,0,2024-09-08
86ee878ff49154eb,9a6c0061bbe97014,18.59,transfer,web,21,1,DE,False,10,0,2024-12-18
5ff2119556e8d32a,73c62aac5c083e57,361.94,purchase,web,18,5,DE,False,26,0,2024-05-07
f0f2e7337a7c2363,eb70b687f60910b4,52.45,refund,web,14,6,DE,False,24,0,2024-03-18
526b9a115e2c5bed,d627159aece184f2,604.75,refund,api,2,4,DE,False,19,0,2024-05-01
c3c11e1c47fc4513,61dfb3c3e2866b8c,90.64,payment,web,10,0,DE,False,15,0,2024-10-21
0965cef7c28c1aee,7ab91c2ae7549b3b,13.37,purchase,atm,14,3,CH,False,28,0,2024-03-09
f8c3eccf4fecae9c,54134e1b407907c1,13.97,withdrawal,atm,22,4,DE,True,27,0,2024-10-15
fbc20e65d2c3c095,e745d7e53b03c26b,107.02,withdrawal,mobile,21,6,AT,False,27,0,2024-09-02
33970b148283d2c7,a4390b8020481075,264.04,purchase,web,23,1,FR,False,13,0,2024-06-23
f68384ec98ecf35d,fe5695a30da60bbd,108.53,withdrawal,api,11,5,DE,False,6,0,2024-04-16
45e1e4164b674d78,5e971feb22cb149b,226.13,refund,mobile,12,6,DE,False,24,0,2024-03-19
13ea2d0c74933629,101d05b7bf232350,78.11,payment,api,10,5,DE,True,16,0,2024-01-22
f9fc9a3fdbf35b13,93102f8c8c50d21e,237.67,refund,web,2,1,DE,False,19,0,2024-09-01
cd3fa58600b349c5,bdaa952c935e7ce2,527.48,payment,mobile,20,3,DE,False,16,0,2024-07-11
88c27082f9d4ac2b,c8548340e292f8ae,179.11,payment,atm,12,5,CH,False,9,0,2024-04-09
c415f5fa47628972,788055dac7b97bee,62.62,withdrawal,atm,12,6,DE,False,2,0,2024-11-01
18ba61b212cd270f,7e6231315e2ab6b2,185.46,withdrawal,atm,13,4,DE,False,30,0,2024-12-04
235ac4a7ec4e4f70,bd246b4341e55fef,267.25,refund,branch,17,0,DE,False,6,0,2024-03-10
1531d6bbfffb994b,26ca3d0df8ed600d,112.66,purchase,mobile,10,2,US,False,28,0,2024-01-17
f65ee287c1c81fb4,5e971feb22cb149b,61.94,payment,web,9,3,DE,False,25,0,2024-01-07
bbe8ceaeefd4aced,074e14ee8997525d,443.07,refund,api,10,2,DE,False,22,0,2024-06-07
aa13273215eb14ed,75d8f06438f91d09,89.08,purchase,api,7,6,DE,False,17,0,2024-02-23
0a030e8c42dc4218,35a88194863ed22a,16.05,refund,branch,15,0,DE,False,6,0,2024-06-28
3137f32f122f2f11,22a8ddf01d9d2df3,9.32,withdrawal,mobile,11,5,DE,False,28,0,2024-01-22
349372d64b72b4e4,6776e8e7006dfcf2,336.91,payment,api,9,1,DE,False,26,0,2024-10-16
255ac6d49f4b8df6,67354c40c7454eb7,234.03,refund,web,23,5,DE,False,7,0,2024-12-29
b4459c962c0329c9,73c62aac5c083e57,60.32,purchase,mobile,23,4,DE,False,26,0,2024-04-13
3f288d60e2b27a13,4f6a604412055600,343.46,transfer,api,19,6,US,False,17,0,2024-05-28
231358554cfa05c2,ad322e7a390c0744,149.96,refund,web,16,1,DE,False,24,0,2024-04-14
cbe7b6fde5488e1b,d708cdd5a1ab5147,201.28,purchase,web,5,3,AT,False,5,0,2024-08-29
6e38dcc9bb7f57ae,2a2d3abde32ffed3,57.28,payment,api,10,0,DE,False,3,0,2024-08-28
c8bc91f0febe0e2a,67206c8525e04df6,69.01,purchase,branch,14,3,DE,False,22,0,2024-12-06
d67e175525a4a1a6,2cff3b0222aaf6d2,102.04,payment,mobile,1,1,DE,False,14,0,2024-08-12
94ccfc3c32986bb1,7a2ac69a18fca7d4,13.01,transfer,mobile,21,6,DE,False,12,0,2024-09-28
79432893b643ae9d,567693f9de40afdd,5.32,purchase,mobile,12,2,DE,False,2,0,2024-07-26
cfc6245266b59ba9,7b34c685f3fbc9e0,117.65,withdrawal,atm,3,5,AT,False,14,0,2024-03-31
4d81b1c94d9a381e,2a31bcca5f725981,76.21,withdrawal,api,17,1,US,False,23,0,2024-11-05
c029baa515ac83c8,2cf007913545eeb5,251.17,payment,web,3,2,AT,False,7,0,2024-10-05
1dfc2a0523d712fc,e52768c960a35996,56.2,purchase,atm,23,3,DE,True,11,0,2024-07-30
f73e8197e9bf5f16,2db647ad564ecb7a,8.89,payment,api,7,2,DE,False,5,0,2024-06-12
50e3bb8d6c9b51d0,67206c8525e04df6,310.71,withdrawal,branch,6,5,DE,False,17,0,2024-05-05
0cff6307e8f096e7,0a3a13a712776e78,835.54,transfer,atm,10,3,DE,False,27,0,2024-06-21
4a3d06e4cdfbdf02,3a34da158180a2b2,79.1,transfer,branch,6,4,DE,False,6,0,2024-05-17
2f0aeac15c930156,5800cc8d6a5c3e91,79.91,refund,branch,5,5,FR,False,20,0,2024-08-24
fc03f43a9bbd9c99,11bccca6fdc498bb,229.56,transfer,mobile,20,3,DE,False,11,0,2024-05-22
07595ef504849bd9,e7bf14a2b33d4f12,112.52,transfer,branch,16,0,DE,False,29,0,2024-11-08
9aaa8dcee0d37e6d,d370bf88bb1fed68,19.21,withdrawal,web,22,1,FR,False,4,0,2024-12-22
53b80725f61cf6c4,2a4b2a53c4e04c71,220.95,transfer,api,8,6,AT,False,11,0,2024-07-07
7787f7ca190e6f17,6edd14d4d87db171,12.86,transfer,atm,17,4,CH,False,2,0,2024-01-02
c217f0162fa0ad80,1b2ee82dc979a6cc,308.43,transfer,web,6,1,DE,False,6,0,2024-06-04
d851d4c8d59365b4,9009b7941abcc0b2,125.77,purchase,api,17,3,DE,False,26,0,2024-10-26
39b2de5904c6a54f,7c7af75cffc2d2e2,77.37,transfer,mobile,23,6,DE,False,5,0,2024-07-27
af550f5a7bd51553,fb35e6d2e1868891,101.65,transfer,atm,14,3,DE,False,26,0,2024-10-02
123e0b8121b26115,49768037c84f8008,22.07,withdrawal,api,14,1,DE,False,20,0,2024-08-27
818a5d619dfba8f7,19046af20719a933,240.29,transfer,web,12,1,DE,False,9,0,2024-02-22
91b3bb1c6b48f33a,e7bf14a2b33d4f12,28.13,transfer,api,0,1,FR,False,12,0,2024-01-26
0880a77b3e675dab,ceabfd7dba2cdcee,229.4,purchase,atm,18,0,DE,False,7,0,2024-11-29
0f0c569d018007ee,a550dc9ed573b250,22.02,purchase,branch,5,6,US,False,11,0,2024-06-05
c150ee2b5f951322,bdce091f2454ef15,150.09,purchase,mobile,5,4,DE,False,3,0,2024-09-18
d62161a2ac8f2b4c,3ecd8c40e835c185,95.63,purchase,branch,23,0,AT,False,5,0,2024-01-04
303a60293d323675,371ff7cf2e7b362f,75.94,payment,branch,8,4,DE,False,26,0,2024-02-24
bad96e65cd250f6c,68a650ac8fd9caa6,262.81,transfer,atm,8,0,US,False,20,0,2024-10-05
122dc9139a3b3341,1316e2a487ca2390,44.61,transfer,mobile,2,3,DE,False,29,0,2024-03-19
808bd1c9b8b82000,333346881cc05374,25.79,transfer,atm,8,5,DE,False,14,0,2024-02-04
7edd0c7bdaf213d2,27e36276d98cabee,355.7,withdrawal,web,5,1,DE,True,11,0,2024-01-16
bd6af127504aaac8,a0cb6f1e5ae6809a,68.34,withdrawal,api,10,1,FR,False,24,0,2024-02-11
b0f99d4d7ac5e645,d89bfd5e918e6684,61.2,withdrawal,atm,23,6,DE,False,25,0,2024-12-21
43e16c5f1fbc7df6,00df7022ce2e0386,15.39,transfer,mobile,0,6,AT,False,21,0,2024-02-06
ce24c5d11bea2958,2084cdf8c9db19c7,184.79,refund,api,21,2,DE,False,27,0,2024-01-02
f745d40a05942dd0,da1ce756a9266d28,117.32,payment,atm,1,3,AT,False,4,0,2024-11-03
349976e53f5f0e31,28b1bf21489bea06,22.56,transfer,web,7,6,US,False,11,0,2024-03-27
7991f59119562282,4a4756cc2cdaeaa0,38.4,transfer,mobile,17,1,DE,False,1,0,2024-12-13
e3103db2f855781d,aa03c6e4e5791767,19.24,withdrawal,atm,6,4,DE,False,26,0,2024-07-01
ff921c1804cb6a8f,977c64cfba67295a,95.82,payment,api,13,5,DE,False,17,0,2024-05-05
8ad796f5841e6fa0,1ab01430c33d21c2,10.17,refund,atm,0,2,US,False,8,0,2024-09-18
72b64be551e9277a,4885e4643962dea4,89.11,refund,web,10,0,DE,False,14,0,2024-02-23
ce150b27ccf9e4d9,6da130da8af1e304,141.93,withdrawal,atm,15,4,DE,False,22,0,2024-03-04
3ead52db28c57f5b,62b313b1a9ca029d,39.3,refund,atm,16,3,DE,False,24,0,2024-05-30
878088274763e2ab,4f6a604412055600,43.18,purchase,web,14,1,DE,False,1,0,2024-08-28
b74f2455ad30a1a4,328e8885eb7190eb,65.18,refund,mobile,11,6,CH,False,21,0,2024-11-16
17a6de214868d794,7b34c685f3fbc9e0,39.65,purchase,web,4,3,DE,False,15,0,2024-07-10
90eb024289ff9fe6,409ac406fa85dadc,178.87,refund,atm,17,0,DE,False,13,0,2024-08-28
bf6288f19bd3fb83,276e5ae6c75a8b32,24.68,withdrawal,api,2,1,DE,False,28,0,2024-11-08
e6b2fc382bccb7f9,1ab01430c33d21c2,450.33,refund,mobile,0,1,US,False,11,0,2024-07-06
d332e30d7e2f885d,bc5b3d83c4f94cac,57.8,refund,atm,6,1,DE,False,14,0,2024-05-28
17d72c10b8d1e5a6,624fa59c72776852,6.29,purchase,atm,14,2,DE,False,21,0,2024-08-18
236c9d4978dd523c,3df83a86d1de18b2,81.08,refund,api,1,4,US,False,2,0,2024-07-05
f3298c89189c48ca,09b6ec1156b1654d,47.14,purchase,mobile,19,3,DE,False,21,0,2024-12-17
65da69a0c3d0f28a,58fe68b77b986d50,14.01,purchase,api,23,4,DE,False,27,0,2024-05-30
84db52f63c2eae13,3550bcf50d099218,7.62,withdrawal,branch,19,5,DE,False,15,0,2024-03-23
9900e94adf44505e,2f6a7cc25b5c97ab,175.58,purchase,web,21,5,DE,False,18,0,2024-06-12
46e9da7ec54a7811,564c3c628e93587c,81.43,transfer,atm,2,0,DE,False,10,0,2024-10-11
1305f36fc16a015f,132dcfea7bd1abd3,200.23,payment,mobile,12,2,CH,False,17,0,2024-10-10
e6ba2edbc652a5a5,ce668b20709dbda4,208.44,purchase,api,19,5,CH,False,29,0,2024-05-12
e948af6796d72ce1,600d2ea3ba44254f,138.43,refund,atm,3,5,DE,False,17,0,2024-07-07
3a6a09a5f58a8228,023873d9a8327222,82.05,withdrawal,mobile,14,3,DE,False,11,0,2024-09-09
486ba35d27fe023a,d80291ff8a609246,88.56,refund,atm,8,4,AT,False,8,0,2024-01-02
3a2505cca0f3cfe7,e97b3e0b20a99c99,16.14,purchase,web,4,1,AT,False,1,0,2024-06-08
e8423f4b2a046ca0,ce668b20709dbda4,249.9,refund,branch,5,4,DE,False,5,0,2024-09-14
ef92387821b7e04c,c2ae9458e7377ef2,43.27,transfer,atm,8,4,AT,False,23,0,2024-07-10
5c6d7fd5b046ef5f,7d5e2b48e263f4d1,496.71,refund,branch,22,1,CH,False,26,0,2024-05-21
1294f94f0a963214,5c10d75c21d92252,191.73,purchase,api,22,5,US,False,21,0,2024-02-04
5cce3ba9fb288ac5,9351b9869bfd640b,18.96,transfer,atm,20,5,DE,False,22,0,2024-08-23
165c766b2a67d635,da1ce756a9266d28,104.48,purchase,web,20,0,DE,False,22,1,2024-02-01
48cebfe3749cfe3c,f2136377229fb6df,345.7,payment,web,9,0,DE,False,21,0,2024-09-10
960e86e6ae29d7fa,5722d73095abd727,50.11,payment,branch,3,1,CH,False,22,0,2024-08-27
58674877e4c20937,84ccf3119a3a106d,76.76,withdrawal,web,13,6,AT,False,22,0,2024-10-18
45795d69ce786983,30888b723f760fac,112.91,withdrawal,mobile,16,4,DE,False,23,0,2024-07-22
c4b8be56df79db07,bc5b3d83c4f94cac,183.62,payment,branch,20,1,DE,False,9,0,2024-05-19
a2f0bacce0b31ec5,7f55f073111f191a,85.26,payment,atm,12,6,DE,False,5,0,2024-01-23
26dba17c2c98a075,95c371cdc09012db,18.1,purchase,web,10,5,AT,False,21,0,2024-07-20
b8594520c55a191a,9351b9869bfd640b,26.93,refund,branch,7,0,CH,False,24,0,2024-12-30
abe5a189e55619cc,c960159cb291b2db,58.94,withdrawal,atm,20,0,DE,False,5,0,2024-11-17
d9ac2a4a5a8c15f1,2940524866b1c70b,248.19,purchase,api,8,1,DE,False,30,0,2024-08-10
1f00b213706ffa14,a09cd46d515e3168,12.77,payment,atm,17,0,DE,False,1,0,2024-08-19
f9500236340d71b4,24deac2b448e263c,39.23,purchase,api,20,4,DE,False,26,0,2024-07-28
789d9c38ccd8d229,6c14a166a64d8b13,60.82,payment,atm,21,2,US,True,30,0,2024-11-14
3b817d57729906e4,76aa547f97a0017c,49.66,refund,branch,8,2,DE,False,10,0,2024-10-27
bd30be3e33be598c,6e46faafb066708e,106.47,transfer,atm,17,3,DE,False,7,0,2024-01-13
c1a81d68bdb0ba86,2160957767334b7b,66.91,withdrawal,web,11,0,DE,False,18,0,2024-08-16
c6f76ccdbcbfe2e7,ae2d1158bfce8bb7,125.61,refund,atm,18,2,DE,False,5,0,2024-04-11
3dbe5fc19db7a233,a3bb335e7dd28a54,186.64,withdrawal,api,20,0,DE,False,15,0,2024-03-22
9cf8f94e237866e0,9b48ca8ae3307299,38.39,payment,branch,8,5,DE,False,30,0,2024-08-08
5723b1f1cfb05e16,76d068488532d560,60.39,transfer,mobile,21,6,DE,False,14,1,2024-12-12
93a4d19af4e3261e,57e86fffed584acd,16.23,payment,mobile,18,5,DE,False,17,0,2024-10-11
452a2d3902983349,697dbb1da7fa8b85,886.85,transfer,branch,9,4,DE,False,20,0,2024-03-02
182469e22d9471ce,3a60297550f4327d,25.7,payment,branch,19,1,DE,True,27,1,2024-09-20
b6f128ea1b0a0c6c,28c2b9d5a3056adf,450.05,payment,atm,20,4,DE,False,0,0,2024-05-24
7b0d71b67e500471,2abe76f47173a52a,259.4,payment,api,23,0,DE,False,10,0,2024-12-29
0e2bb490d13daf6b,778f1472bf7067c2,36.17,purchase,api,18,0,DE,False,24,0,2024-02-05
718e507a8ca85a56,5ce4a8318d8f92e9,65.8,withdrawal,branch,0,1,US,False,29,0,2024-05-28
474ced13a9282282,c34245c3d61ac215,69.38,purchase,atm,4,4,DE,False,23,0,2024-10-16
d3231de2d3c35958,b99db9927fd6de2b,311.55,transfer,web,14,6,CH,False,26,0,2024-05-14
b48ca101f0e5325a,de22e940fc47bec0,340.92,purchase,web,18,1,DE,False,23,0,2024-08-09
bc0052857b0ae95d,d1bcbf944b97b4cc,52.25,purchase,web,13,3,DE,False,29,0,2024-02-19
ee540fdeaeae4f5a,f7c3852fce1b8ff5,487.58,withdrawal,mobile,16,4,DE,False,20,0,2024-05-18
8f5f6085ce894337,efd0f0ed55635551,19.24,refund,atm,6,6,CH,False,27,0,2024-08-29
7e2b5cdc95e85d23,90d800f496e91751,87.37,transfer,branch,3,1,DE,False,26,0,2024-07-04
5bc8207bb1e00327,c4f7fe339ce44579,29.28,payment,api,23,0,DE,False,6,0,2024-06-08
9ca809dd9e632e0a,aa3b32f4bbac4e77,654.34,withdrawal,atm,20,6,FR,False,21,0,2024-09-20
03f44af98d91907a,6734081fc5799be2,46.21,refund,web,18,1,DE,False,11,0,2024-04-10
6e1910fa64856052,4e0d9e14e02c2a34,3.85,purchase,mobile,14,3,DE,False,13,0,2024-02-12
9a23f5761d3c26bf,5b528c377e06dea8,32.54,withdrawal,web,17,1,DE,False,24,0,2024-06-22
bebc71915845b367,342bc2899163338d,88.38,payment,branch,4,4,DE,False,0,0,2024-07-16
22e14da148412005,e9eb878f95923e75,189.67,purchase,mobile,11,5,DE,False,28,0,2024-05-24
1b440636033c2786,f61e060c86948745,51.28,transfer,mobile,7,5,AT,False,13,0,2024-08-06
05ea0caf57c78c76,550a120e7736895e,77.39,payment,branch,13,5,DE,False,15,0,2024-11-20
0c9ead244e646465,b08621aaed58ed30,543.46,payment,web,21,6,DE,True,7,0,2024-05-06
24b6fb143d5a4050,a186648bf6fd0472,77.66,purchase,web,2,5,DE,False,15,0,2024-06-26
aba41d5b396d3ece,2ad62cb0b43165d1,182.84,transfer,atm,6,4,DE,False,4,0,2024-07-03
3c29c8d59b0c122c,39154da45e2b9586,254.59,transfer,branch,14,2,DE,False,1,0,2024-02-24
8275bfc67953f58b,394b8efc30a36396,337.41,withdrawal,mobile,2,0,FR,False,9,0,2024-01-18
c8a4c24fc49799a3,839cdd252273f04f,153.84,transfer,api,12,5,AT,False,26,0,2024-06-01
2cc1aa8cd5592dda,a98b26f89fb60041,417.53,purchase,atm,22,5,DE,False,17,0,2024-12-05
88bbc5455795d9ec,ffeee34bbe241244,215.15,purchase,web,12,4,AT,False,7,0,2024-03-31
13c5175208254c75,7e4da7f164626253,61.67,payment,mobile,10,2,DE,False,22,0,2024-11-26
32b1811aecc9dd49,f130ec10be50dac5,117.55,purchase,branch,16,5,AT,False,24,0,2024-08-10
4e19e780ff597512,a4f313d7c6e5b805,526.09,payment,mobile,18,2,DE,False,20,0,2024-10-26
fde865440290068b,bc5b3d83c4f94cac,141.11,refund,atm,23,3,DE,False,10,0,2024-01-27
8118a94652e622de,2cc5ecdf62ff6e89,141.64,purchase,branch,18,3,DE,False,16,0,2024-10-25
a9fd6eea2fa2229f,1a2082882718940b,304.86,refund,api,15,5,DE,False,15,0,2024-11-19
e03809882b334270,ec8204acdd2ac64a,122.14,payment,web,23,2,DE,False,21,0,2024-01-30
43cf37bfc1385178,a790d620cc18f41a,44.01,purchase,atm,18,2,DE,False,24,0,2024-01-22
6c77a1b537079197,1c0835fbe30d5c34,188.6,payment,api,0,0,AT,False,11,0,2024-09-04
3b98144fcc1f7b28,a5f460d647889564,41.56,transfer,branch,21,5,DE,False,22,0,2024-07-20
ca9d3f7c56bb081a,796eb45bf61bbdbb,36.28,refund,atm,16,1,CH,False,11,0,2024-03-04
b0e0945035624cd6,0eee2a184ccd2544,67.88,payment,mobile,20,1,CH,False,24,0,2024-06-16
6b75216c4906b5bc,cfa67ed2210f6940,495.29,purchase,branch,15,3,DE,False,25,0,2024-07-17
f2d3322ece5d75ee,58ed68e151539877,252.27,purchase,atm,1,1,DE,True,22,0,2024-08-12
db20aaf43ad4643e,ef3d71a9c72b587c,801.82,refund,web,13,0,FR,False,19,1,2024-05-15
0ff56fab56935ffb,465c21f02308e1c6,42.35,purchase,api,15,6,DE,False,25,0,2024-02-16
24f8bef117b9b438,898b90d5e7d15ebc,51.31,purchase,branch,16,5,CH,False,23,0,2024-03-19
758dc3bd68772671,36872988ee4f71b3,213.46,refund,atm,22,1,CH,False,14,0,2024-07-13
baa8b502ef7b98ea,c4f7fe339ce44579,9.69,purchase,api,2,5,DE,False,16,0,2024-11-30
59341ee573d5e7f2,12c49e91ba41f800,41.53,purchase,atm,23,3,AT,False,2,0,2024-07-12
eb16072086d13c9f,bc7c29eefe7123ba,17.6,refund,mobile,21,3,DE,False,24,0,2024-03-31
f9a37a13f3ae63c8,187336a7e7837268,494.17,purchase,atm,8,1,DE,False,18,0,2024-11-18
cd9e40255f9c12ab,ead1177c5fa66d4c,282.27,purchase,mobile,0,0,DE,False,4,0,2024-03-01
6202925c6d5b04e2,031a84fdde5154dc,434.79,payment,branch,8,0,DE,False,23,0,2024-12-30
b316ccd9877b5d17,39a30d3931fe5458,956.4,refund,web,2,1,AT,False,27,0,2024-04-10
785f163cd3b1c33f,e2bf979250213981,177.97,withdrawal,mobile,15,5,CH,False,19,0,2024-10-05
ec5fb899b7646f5a,121110decabf1965,71.53,payment,atm,11,2,DE,False,24,1,2024-02-15
15bf64c2d8e76506,6f22cea9eb529737,32.55,payment,atm,9,5,DE,False,30,0,2024-01-26
02bc40a202fc4686,77145db08d2500c4,32.48,payment,mobile,4,3,DE,False,26,0,2024-01-11
e05cf5bed6e066d6,32be5eb671304318,18.43,refund,api,9,0,DE,False,22,0,2024-11-07
f8fed7d4310a222d,cd00dc8810df1048,96.11,withdrawal,web,23,4,DE,False,2,0,2024-12-07
2f35845e6462269d,fb35e6d2e1868891,47.91,transfer,mobile,7,5,DE,False,22,0,2024-10-11
d203975a9a04140a,7f6ec6efeb9e17fd,1281.29,purchase,mobile,0,6,DE,False,17,0,2024-03-31
285f88625188d662,9160299cf45a5954,63.8,purchase,api,19,3,DE,False,6,0,2024-11-02
7c13df02edfe978b,379706e13cf85e7f,62.83,transfer,branch,16,5,DE,False,8,0,2024-12-12
a1ebe3577f3a346d,24876d5b2e6b42f2,45.78,transfer,api,7,0,AT,False,3,0,2024-06-29
baedb406fdce6caf,4ef34e24367ad7d4,200.53,payment,api,15,2,DE,False,29,0,2024-01-14
c7e054ae59eab705,890b4fd5337e8ae0,200.36,payment,atm,16,0,DE,False,20,0,2024-12-14
f6d4a0e11cb0062c,bb1163efc37aff0d,60.11,withdrawal,atm,15,3,DE,False,17,0,2024-10-07
bea65bf99a94fc9c,01cff8f2fefefb29,74.66,purchase,atm,12,6,DE,False,7,0,2024-08-15
2ab61fd76b2b8da0,a93aa7dace01d135,30.56,transfer,mobile,15,4,CH,False,25,0,2024-12-20
ed35da0039a486e0,515cff74d51e2c28,60.95,purchase,atm,6,4,CH,False,9,0,2024-01-26
2dea62af0727a5ec,989b641dee963b54,47.66,payment,atm,15,1,AT,True,15,0,2024-11-24
08bfe3a795edcabf,5e971feb22cb149b,62.12,withdrawal,atm,18,3,DE,False,13,0,2024-10-19
cd67007ded67fcd0,4aa210e4e90e7212,137.23,payment,branch,9,3,US,False,13,0,2024-11-10
4d8bb61129c85d42,886a3db278c0c1a3,169.64,refund,branch,9,4,AT,False,11,0,2024-07-04
4084d7172017a464,ee2417daade824ea,161.35,withdrawal,atm,23,4,FR,False,13,0,2024-10-16
7f744048e9d705e3,2105f94aa6b4d33d,25.54,purchase,branch,15,2,DE,False,2,0,2024-09-16
c7f275a569948953,701e668375016da9,95.24,purchase,web,19,0,FR,False,26,0,2024-06-19
e4c7bbbd1f205e77,a2fd300705d48a59,80.25,refund,mobile,4,5,DE,False,20,0,2024-01-31
e08cbd3bb7f30ffc,0d0033838b14a9bf,117.91,withdrawal,web,14,1,DE,False,9,1,2024-10-17
f033ec79e575bb7b,875c96b52ad634b5,110.4,transfer,atm,13,1,CH,False,15,0,2024-03-09
3cc42bb849537214,5d596698634b376f,121.62,payment,branch,10,1,DE,False,6,0,2024-07-07
44ee73d647d48b36,0b80468f1b1e962d,341.94,refund,api,0,4,DE,False,16,0,2024-12-26
6a8d6a1f68e33dfc,18f69bcd2f9cc9c3,916.03,refund,branch,17,3,AT,False,15,0,2024-10-09
aa7dff114bf10291,61fd0f5864ecb010,1321.51,transfer,branch,13,1,DE,False,14,0,2024-11-24
8f9ae941ae262ed0,cfd3427cb3b54ffa,93.91,purchase,branch,13,0,DE,False,15,0,2024-06-15
2ed92e9f1479f268,47b414bee807800f,135.13,withdrawal,web,14,5,DE,False,30,0,2024-01-14
a82ad1e6b40c8c71,79b34c7dbd15f98b,199.94,transfer,branch,11,1,DE,False,9,0,2024-01-09
d881188dc62b66aa,d5b91e64f71dcc83,191.98,withdrawal,branch,15,0,DE,False,6,0,2024-08-14
a819b8d48f3676a9,cb3a7a12ac0f2654,25.51,refund,web,22,4,AT,False,14,0,2024-09-16
e8abd5ade3c1dcbc,fa7732efe4772143,90.17,withdrawal,atm,6,5,DE,True,6,0,2024-06-22
46caf6acdfeb6ba2,3c67301ba053ad47,121.98,refund,mobile,19,2,DE,False,22,0,2024-06-27
9d4dafc4d3b9e8bf,c7a62b9370af391d,65.28,transfer,web,4,4,DE,False,7,0,2024-01-15
6715d42b419802c7,8ca025aa63ad7f19,502.1,refund,atm,7,3,DE,False,24,0,2024-05-27
9d7d4255434f3497,9a3d64fb99829a96,157.37,payment,mobile,15,0,DE,True,28,0,2024-04-08
4295ad06fb9b899b,cabbbba151261356,64.32,purchase,api,8,5,FR,False,27,0,2024-09-21
5c4ace6f9162668e,759c7bc81a6567b8,22.39,transfer,api,12,3,DE,False,29,0,2024-09-03
cd2251e77d076817,ccebc0d1a8068733,432.52,withdrawal,branch,7,5,FR,False,9,0,2024-01-02
7ef3297a758eb3fa,525cbd86c4dd39e9,167.96,transfer,atm,0,2,DE,False,26,0,2024-09-29
68c48f8ea48f4d5e,f68f4bdc055c2fa3,144.74,payment,web,20,4,FR,False,16,0,2024-04-18
689d2542da391a41,e600a61f7d1ab6b4,86.03,withdrawal,branch,20,1,DE,True,9,0,2024-01-09
a018ce0e37395a30,9368a3af2ec5e010,44.78,purchase,atm,18,1,DE,False,16,0,2024-08-07
306319a02732d151,05773f537a4c7ed1,136.97,withdrawal,atm,20,3,US,False,20,0,2024-12-26
00025c752fcfcb58,3bb87dfe7d08315a,63.14,payment,web,1,6,CH,False,9,1,2024-11-24
9707711c34cabfc9,623628e8186471ea,110.64,purchase,web,12,6,CH,False,1,0,2024-07-15
eaf6ea8965fe3ee7,4e061814b1e7346e,123.74,transfer,atm,13,5,DE,False,28,0,2024-09-16
2835be696b6ea918,76aa547f97a0017c,239.77,refund,mobile,12,2,DE,False,9,0,2024-09-18
a784b7a3d1782780,b622fd7faab4e0fc,238.32,refund,mobile,7,2,DE,False,9,0,2024-12-07
9ed2a711cfd401c0,b5a871cf7cc52ccd,22.3,refund,branch,12,5,DE,False,24,0,2024-01-18
101bb790e4191e94,ff107396f163c985,43.76,refund,web,8,5,US,False,17,0,2024-10-05
ea703729c68323aa,58ed68e151539877,236.57,transfer,atm,3,2,DE,False,3,0,2024-01-27
49c6f7f00841676b,1c0835fbe30d5c34,1789.21,transfer,web,15,6,DE,False,30,0,2024-07-22
ffbd83ece0365870,ce668b20709dbda4,59.54,refund,web,7,0,DE,False,9,0,2024-02-25
253cfa3779d85f6e,449468eb0d2d9425,43.5,payment,web,12,2,DE,False,12,0,2024-07-08
c2983d4de14279cd,2e6964ef01637f02,46.82,withdrawal,mobile,13,0,DE,False,16,0,2024-03-29
0a3ff45365883996,76d068488532d560,810.52,purchase,api,9,3,DE,True,1,0,2024-11-27
7e3a42051318f365,5f45a4b8ebe17768,139.58,purchase,mobile,20,1,DE,False,15,0,2024-08-05
98ace36fc2fbb15e,a981098a586ce8bd,239.77,payment,atm,8,3,DE,False,1,0,2024-05-14
e8a1d40b212e442c,05773f537a4c7ed1,33.16,withdrawal,atm,11,5,DE,False,4,0,2024-07-31
ae836706179fcb0d,4ae94faa21f10177,186.45,withdrawal,atm,2,5,DE,False,28,0,2024-04-22
5e1959d0515002f6,c58d0839909f773c,217.61,payment,atm,19,4,DE,False,0,0,2024-10-07
bd1a4c13659957e8,e4f1f16961d97f33,38.84,purchase,atm,23,1,DE,False,15,0,2024-01-02
ee02fc97e274e902,624fa59c72776852,213.59,payment,atm,13,2,CH,False,0,0,2024-08-10
d501f264b2e2263f,c71d88a3c296fdf2,27.24,withdrawal,mobile,10,2,DE,False,6,0,2024-08-08
bebb01d6020a51c3,30888b723f760fac,276.78,withdrawal,atm,2,6,DE,False,8,0,2024-11-17
622cb70cbdbd8c0a,c8548340e292f8ae,53.34,refund,api,20,0,DE,False,28,0,2024-03-29
3e5070144923ddb5,f61e060c86948745,21.16,transfer,atm,1,5,DE,False,6,0,2024-02-23
14e294d2e9f76b10,1c977db147f46222,178.86,purchase,mobile,14,1,DE,False,4,0,2024-08-07
caaf13c7626585c1,2e6964ef01637f02,45.36,refund,web,18,5,CH,False,17,0,2024-11-23
1856207f420fe7c7,1afdd1a2c9be1455,79.59,transfer,api,9,2,DE,False,2,0,2024-09-07
0abe384457805d1e,66e075ad1e08433b,157.47,purchase,branch,16,2,AT,False,28,1,2024-12-17
4069fef412e09308,486b5d75cd1afdcb,18.45,purchase,api,6,6,DE,False,12,0,2024-12-30
dafb9523860e6640,bbbdc5bdd5d4f50a,45.74,purchase,api,0,2,DE,True,6,0,2024-09-30
c2f078503eb03b40,778f1472bf7067c2,44.17,withdrawal,web,16,0,DE,False,17,0,2024-03-21
e5b2ffe9b15ebbbc,9777b4c1d1a06407,63.99,payment,api,7,4,DE,False,29,0,2024-07-06
ce3a405f8889338e,01cff8f2fefefb29,44.34,withdrawal,mobile,18,3,DE,False,15,0,2024-02-14
78b22bb3eb1454b0,c13e306f211ed1f4,13.31,payment,branch,13,0,DE,False,7,0,2024-06-29
35bc4fc2ada467fd,f1a71cf26fe20f2b,57.4,transfer,branch,20,1,CH,False,30,0,2024-11-23
663afc6d3ff32d68,ead1177c5fa66d4c,58.96,transfer,atm,1,3,DE,False,9,1,2024-06-14
4c679e292a1ad55d,788e7f53c9a7b524,80.95,refund,branch,20,0,DE,False,28,0,2024-01-20
75bf1b77e8677df1,5e971feb22cb149b,9.33,purchase,api,12,3,FR,True,17,0,2024-10-09
71bb5adb8d03113a,4d6eb45fd05d56fd,305.41,transfer,web,9,0,DE,False,6,0,2024-12-17
25373c9acd1ca2e7,4aac019c2c5db85b,25.66,transfer,api,0,1,DE,False,30,0,2024-01-27
67f2e55a3beeb8aa,5c80404db6afbf5c,1372.74,purchase,mobile,12,6,DE,True,5,0,2024-05-25
2bbef9bddf18c7d1,15cf0c8a9792e50a,7.18,purchase,api,16,5,DE,False,5,0,2024-03-27
0d891e4fa79eb9ab,e3d44afee8442cdd,47.78,withdrawal,mobile,4,4,AT,False,4,0,2024-12-09
9d2e0934bcf06d46,449468eb0d2d9425,51.11,refund,mobile,17,5,US,False,15,0,2024-07-07
77a8152d7e89bc29,f566318da79ba3a2,49.55,refund,branch,9,2,DE,False,1,0,2024-11-18
877e5cddf493580d,9346d0d6814428d4,204.91,withdrawal,branch,6,3,DE,False,16,0,2024-06-28
9358d0a9afd10bbe,24876d5b2e6b42f2,137.58,withdrawal,api,7,4,DE,True,27,0,2024-08-25
f71a15d2858cbe50,ce668b20709dbda4,154.38,transfer,web,20,0,AT,False,18,0,2024-01-02
2f718d7cee4a6e07,7ec26dd45a2ecad7,39.33,withdrawal,branch,18,3,DE,False,2,0,2024-01-16
4727b4a7c49c4cca,411fd7c0b7f9a803,1059.66,transfer,atm,5,0,CH,False,5,0,2024-07-15
dbf3ae0925d46862,eb70b687f60910b4,146.11,purchase,atm,4,6,DE,False,7,0,2024-07-13
777671b3784f0024,448e54f978934d2e,140.84,refund,atm,10,3,FR,False,10,0,2024-11-05
6561b482b167f158,697080d3446d0659,139.98,refund,web,19,5,DE,False,24,0,2024-07-30
806d904532594c0a,6664780cf8339f06,47.71,withdrawal,mobile,13,1,DE,False,15,0,2024-05-02
0081bdc2d8c9cc23,c8548340e292f8ae,43.17,payment,mobile,22,1,CH,False,25,0,2024-09-02
aef1b87a60f6318e,cfd4f236ea9babb7,18.8,purchase,web,5,2,DE,False,11,0,2024-08-13
ee800f2b2404e455,a8e77b8a8ffb5b81,24.46,refund,web,11,3,DE,False,4,0,2024-09-10
66c764eee4c1828d,d401c5577bb35cfc,368.59,withdrawal,mobile,12,0,DE,False,29,0,2024-12-26
aeac138c96623725,cf24922037aeb96d,398.58,payment,branch,23,4,CH,False,3,0,2024-02-28
6d010af9caa964d0,4d6eb45fd05d56fd,50.47,refund,atm,11,2,US,False,2,0,2024-04-14
1ee48a300c1c852e,a8e77b8a8ffb5b81,28.78,payment,branch,12,4,DE,False,10,0,2024-10-04
c8718d8d647eb481,efd0f0ed55635551,68.66,transfer,atm,0,0,DE,False,29,0,2024-02-15
dc7d6cd70ba58b1c,e3d44afee8442cdd,124.1,payment,mobile,14,1,DE,False,21,0,2024-11-19
62a74ead3dd76e06,25a2fefaa45a6219,158.63,payment,mobile,10,3,DE,False,26,0,2024-01-07
36b2f8bbc948c083,70af6a05166575bf,452.56,withdrawal,atm,4,6,DE,False,28,0,2024-10-10
561e450a59575f0a,14e24b971303e94d,19.87,withdrawal,mobile,8,6,DE,False,21,0,2024-02-05
1c3041c472935049,cba04ef519085d14,57.18,purchase,branch,4,2,FR,False,4,0,2024-02-01
d6675d06e2437082,2ad62cb0b43165d1,17.34,payment,branch,16,2,DE,False,25,0,2024-11-01
765f2feb0eade45b,3a60297550f4327d,38.76,withdrawal,api,4,1,DE,False,12,0,2024-02-03
0b4b926ae253dee8,c366faef9cbfbfd6,187.12,withdrawal,atm,6,6,FR,False,13,0,2024-05-18
840295fc70e54964,8f1e6776beeabb48,21.78,withdrawal,web,3,5,CH,False,29,0,2024-04-24
f5b3fc32d3e525f7,27e36276d98cabee,244.41,transfer,web,21,0,FR,False,27,0,2024-11-23
4a0b42f2249a8bed,e0ff36e4a2450b1a,106.99,withdrawal,branch,23,3,DE,False,24,0,2024-01-08
bb059817aab511c3,701e668375016da9,7.52,withdrawal,atm,15,2,CH,False,8,0,2024-07-09
279e2f945986e1a4,7cc3d9f09d5d18c2,80.39,refund,branch,1,0,DE,False,11,0,2024-07-04
e92df324047b1abf,cba04ef519085d14,18.31,purchase,atm,1,2,US,False,6,0,2024-02-12
e377201b4b9d9174,896aba5c3365d4b6,259.41,refund,branch,17,4,DE,False,0,0,2024-07-02
c7eb0cf34e5038d5,567c594223514ff3,109.72,withdrawal,web,19,2,DE,False,16,0,2024-05-16
4c875b5b851d8258,fec3a870a6448608,195.72,refund,web,12,1,AT,False,20,0,2024-05-27
ff2f5b69350bfd20,fedfe36dcf07da5a,59.28,payment,api,11,6,DE,False,23,0,2024-11-21
6ff0beb580827ada,1ab01430c33d21c2,376.75,purchase,api,20,4,DE,False,23,0,2024-01-28
26519a7df2655d1d,465c21f02308e1c6,90.55,payment,mobile,21,6,DE,False,10,0,2024-10-10
137f7ddbb62d104d,5eb10f0cd7a891d2,31.12,purchase,mobile,11,0,CH,False,6,0,2024-06-25
b36ee593e0b268e5,0bb1d61fa1b0f993,227.07,purchase,mobile,22,3,DE,False,8,0,2024-05-22
d07c4fcafc50041a,37f3b479dac1617b,13.07,purchase,mobile,4,1,DE,False,22,0,2024-05-10
199edc7922bb6d25,1933c19b3ca490f6,271.53,withdrawal,api,14,0,DE,False,4,0,2024-12-05
3a48d7f0c41f7de5,f7599fffc0d52239,2039.39,refund,atm,11,5,CH,False,15,0,2024-12-27
3bd55a015879ba74,9ea3c99ef5cf605a,40.16,transfer,branch,6,3,DE,False,7,0,2024-11-16
9c9c812262567789,be651712971ebd6b,54.51,payment,mobile,18,1,DE,False,3,0,2024-11-21
4b0f8ace49f3da4c,eeccf8e98cb3268d,45.74,payment,web,15,2,DE,False,21,0,2024-05-13
3a774c54439b619a,b7ab6a76332a3704,348.7,refund,atm,22,5,CH,False,4,0,2024-03-05
a508f47f8c7e4b19,387997a756b60d48,45.86,payment,api,15,6,DE,False,28,0,2024-08-30
577f32d20062e617,6da130da8af1e304,172.39,refund,web,7,3,DE,False,11,0,2024-08-13
cf8e6f876ad081e0,11bccca6fdc498bb,97.11,transfer,web,7,0,DE,False,17,0,2024-07-11
989ec014b62814d0,84a767726dc564b9,75.5,refund,mobile,2,3,CH,False,22,0,2024-10-13
d9827bf12fb71c51,1533a1259c2fc740,189.55,payment,mobile,14,5,DE,False,28,0,2024-04-28
dbfc6e91d4723590,0754188ebb01a7e4,33.17,transfer,branch,1,5,DE,False,5,0,2024-07-06
7207a5de95448bde,3ca015a11b3dab8b,44.56,purchase,web,0,2,FR,False,10,0,2024-09-16
42f4847b38b267ed,72fcea085bcfb91a,34.57,withdrawal,api,23,0,DE,False,0,0,2024-04-01
b69dd90c036591f1,1c0835fbe30d5c34,135.28,withdrawal,web,4,5,FR,False,15,0,2024-10-10
7ecca996cc4d6065,cb48b465991a6367,31.73,purchase,atm,7,3,DE,False,24,0,2024-06-13
75dd0b536f5b7f87,aa3b32f4bbac4e77,222.39,purchase,branch,1,5,CH,False,6,0,2024-04-29
ed0a8809b26db99d,411fd7c0b7f9a803,18.95,payment,web,18,2,DE,False,19,0,2024-04-15
645ee376804fdd53,4ef34e24367ad7d4,33.74,payment,mobile,15,3,DE,False,0,0,2024-04-20
22dbea2d97eac37f,2589298c9144818b,138.03,payment,branch,3,6,DE,False,1,0,2024-05-26
7113dc3cf7acc49d,93bf1e687d737a40,66.36,purchase,mobile,3,3,DE,False,22,0,2024-06-01
f64108a13842efe0,d588d79aa4e13ad0,530.67,transfer,mobile,11,6,FR,False,13,0,2024-03-09
80c1da96a98760af,93e0c9c1ec54aeae,126.31,transfer,branch,14,4,DE,False,26,0,2024-03-22
cba91c056e7a889a,fb35e6d2e1868891,145.12,refund,web,7,2,DE,False,0,0,2024-10-02
7453e24bed514c95,be651712971ebd6b,159.34,purchase,api,23,2,DE,False,30,0,2024-12-22
7e85441df33f7b98,cd99fa63c6194cc0,98.14,purchase,atm,9,1,DE,False,1,0,2024-11-21
d3363721b2258b9c,c8548340e292f8ae,162.22,withdrawal,web,18,6,DE,False,12,0,2024-06-10
5de910c90a524cf7,697dbb1da7fa8b85,410.84,payment,web,2,1,CH,False,2,0,2024-01-18
09ff404c35ed1a18,8ed82341e506bba1,260.14,purchase,branch,0,4,DE,False,25,0,2024-08-09
9926e3aae30d3430,3e042f9b7a6568c1,53.06,payment,web,1,2,DE,False,13,0,2024-07-02
6522e23afa2b3969,c883193555c4b7ec,136.0,transfer,atm,23,4,CH,False,11,0,2024-05-24
ec54f2a114ac4824,ea077a5eb6803562,117.79,withdrawal,branch,13,1,DE,False,2,0,2024-09-28
c2228e18aa2f1c54,8560f29217da0829,249.25,payment,web,16,0,DE,False,25,0,2024-06-29
cccc8c0922e3ad3c,a2fbd00f815aca53,163.21,refund,web,11,4,DE,True,7,0,2024-01-12
6b673d0034be78a9,2e6964ef01637f02,15.52,payment,branch,21,2,DE,False,27,0,2024-12-04
378b38f57f566bc3,97353626cda41f54,193.12,payment,mobile,5,5,DE,False,12,0,2024-03-24
9d8a2a24ffcb603f,c8548340e292f8ae,47.68,purchase,api,8,2,DE,False,9,0,2024-11-25
6d727d8fe947a6f8,5f45a4b8ebe17768,224.5,withdrawal,atm,2,5,DE,False,28,0,2024-02-15
ee9b0f0c1cb77a58,3df83a86d1de18b2,202.8,purchase,mobile,8,5,DE,False,15,0,2024-10-31
bb399b2e197810ff,707dfe078e749c2a,650.39,purchase,atm,18,0,AT,False,26,0,2024-09-28
47e37a43c0f55a8c,cf24922037aeb96d,154.0,refund,atm,12,1,CH,False,4,0,2024-05-28
0264b8aa0e5eca43,09fc2bea655a24f6,1088.06,purchase,api,0,5,US,False,15,0,2024-11-22
cc9f84d348865e59,f78adc53ffb3b0e6,265.3,withdrawal,api,15,1,DE,True,7,0,2024-03-16
42c09932ad266f35,5c03a23a3401daf8,98.42,transfer,api,18,3,DE,False,14,0,2024-12-21
eeb4951a480c8150,8d55b3cfeea097d0,72.4,refund,web,18,0,DE,False,5,0,2024-05-09
f96d152fe7d5c44e,fae0b351876a2aca,34.9,refund,mobile,3,3,DE,False,27,0,2024-01-08
4010016d91032c2e,6734081fc5799be2,255.38,purchase,atm,18,0,DE,False,20,0,2024-04-18
84b32cf351dc18a6,842e12789ce58df1,645.03,purchase,branch,1,5,DE,False,14,0,2024-09-03
d9614fef44117022,b622fd7faab4e0fc,191.01,payment,atm,14,6,CH,False,1,0,2024-07-05
21b5185cbda3bb83,72849230b2f67e32,492.18,withdrawal,atm,9,2,DE,True,26,0,2024-12-20
862af2f5b3d82b84,a6bd5c48718d9b02,283.08,withdrawal,mobile,11,3,US,False,8,0,2024-05-16
d80cc8c0363d7729,2adba5dc0b7356e1,180.14,withdrawal,atm,22,5,DE,False,26,0,2024-12-10
789546590cf704ec,fd1289ab928cde5d,565.09,transfer,branch,23,3,DE,False,22,0,2024-08-31
5e941ba105bb535f,d11d9804ea41b9cb,141.3,refund,branch,1,5,DE,False,26,0,2024-03-21
3192da6a3d943f15,2599d3f84b57199e,65.21,refund,api,0,6,DE,False,13,0,2024-06-05
09a735f6725eea4f,141beb494b8b7b27,113.88,refund,atm,6,5,DE,False,15,0,2024-07-22
7a2f016908acfb29,674648194942cb9b,25.33,purchase,branch,14,5,DE,False,15,0,2024-05-27
7249d40fc3eeb141,5e971feb22cb149b,72.14,purchase,mobile,10,4,DE,True,12,0,2024-06-27
32d828c33dddd415,e02dcdb0a4866703,147.72,purchase,api,16,1,DE,False,1,1,2024-02-02
a138d790679e26d2,6776e8e7006dfcf2,20.01,payment,mobile,6,6,DE,False,26,0,2024-10-20
98de46e75bf93abb,187336a7e7837268,565.43,withdrawal,api,9,0,DE,False,12,0,2024-11-23
9fe963432370a2aa,efd0f0ed55635551,787.86,payment,mobile,18,6,DE,False,1,0,2024-02-24
c9e1b6ea632d1d6b,36ab2c1257ef07e9,24.1,refund,web,8,3,FR,False,3,0,2024-11-30
65bd0c019d375b20,ef33a9a3135f3db9,4.59,payment,atm,19,3,US,False,20,0,2024-03-19
be98dad4d0719191,23edc044f01da22f,728.41,transfer,api,21,1,AT,False,27,0,2024-05-26
8e4dfe56825b73a2,7f55f073111f191a,22.05,purchase,mobile,15,5,DE,False,17,0,2024-06-15
fec9bbee52dff87e,8b531b21e41bc3a2,54.32,payment,branch,18,1,CH,False,11,0,2024-06-17
36b42b0ad9325176,efd0f0ed55635551,30.55,refund,api,4,2,CH,False,9,0,2024-12-25
bc0e8d1fce5460e6,97e43872adefea91,33.83,purchase,api,22,3,AT,False,28,0,2024-09-18
76df72623485c020,023bed971c9205c8,199.07,withdrawal,api,2,6,DE,False,13,0,2024-09-16
ce7840dea96b6259,32693de0c6c167a7,82.97,refund,branch,19,0,DE,True,12,0,2024-03-25
3055c175d661eece,233d3520fc2f3a34,46.24,purchase,atm,5,6,AT,False,10,0,2024-02-08
7187fc9f20a4acce,697080d3446d0659,93.04,withdrawal,web,8,0,AT,True,25,0,2024-02-05
f176161a46969637,63686e65207e190f,245.11,transfer,mobile,14,0,US,False,11,0,2024-02-21
0fcd0242724aa1dd,f566318da79ba3a2,123.77,withdrawal,atm,0,0,DE,False,28,0,2024-02-10
2806e25066c79efa,70af6a05166575bf,93.36,purchase,mobile,2,6,DE,False,1,0,2024-02-03
c439d14b823a8a42,f3ab14cdd1f7c406,155.77,transfer,web,14,2,DE,True,15,0,2024-01-04
c472ada70512fa5f,0c98212079c46664,80.94,payment,web,0,0,DE,False,18,0,2024-03-21
5d42a9e92432f1a3,fedfe36dcf07da5a,119.71,transfer,atm,0,0,DE,False,12,0,2024-12-20
0b236d25d85753e9,3571056f372526fb,69.83,transfer,atm,2,2,DE,False,1,0,2024-08-29
e0078380b9a97722,174082e445371ba1,11.87,payment,web,9,2,DE,False,23,0,2024-02-05
ae00b87fc3e65016,a550dc9ed573b250,1190.68,purchase,web,4,3,DE,False,25,0,2024-05-20
e221f738f2bf2611,842e12789ce58df1,29.45,withdrawal,api,10,3,DE,False,0,0,2024-03-27
981a5e271265ab2f,c848f2790122e6c2,4.95,payment,branch,18,2,DE,False,13,0,2024-09-08
afe1a9b07c1f4fe2,9818e0f282db1ff0,161.52,purchase,web,3,2,DE,False,3,0,2024-07-07
731f66a81c941d31,33a9983d68605042,811.34,refund,branch,21,6,CH,False,15,0,2024-03-28
a63c2faf0535694a,a4747a10707f24f1,86.76,withdrawal,web,8,2,AT,False,9,0,2024-05-22
e4cb6950a56bb4d5,3173f6ff68affcf0,50.58,purchase,branch,20,0,DE,False,11,0,2024-02-03
1346dcb0e1499357,356a8c1e286f5d7a,210.67,refund,branch,5,3,DE,False,30,0,2024-01-23
97aee2e96df136bd,22a8ddf01d9d2df3,360.55,payment,atm,4,6,FR,True,12,0,2024-02-10
917887572779e56a,2e6964ef01637f02,125.25,refund,web,8,1,DE,False,4,0,2024-04-25
1791414223759b98,833572166df65733,989.38,purchase,branch,23,0,DE,False,3,0,2024-02-12
b82778f527eb8910,989b641dee963b54,77.38,purchase,atm,3,5,AT,False,0,0,2024-08-30
b14ca48bc507a519,4b486e2e8f378290,31.75,withdrawal,atm,14,3,DE,False,29,0,2024-01-24
80dd4d599523970f,76c5701c80ac9f13,75.87,payment,api,23,1,AT,False,24,0,2024-10-27
713075c286acbb31,d401c5577bb35cfc,33.4,refund,mobile,3,2,DE,False,23,0,2024-09-05
77cbfacde2d725c2,5c84c467820b3240,33.4,purchase,atm,22,0,CH,False,3,0,2024-01-24
399703cd164a99ee,95d9b7dd6a49d3a5,244.54,withdrawal,branch,20,6,DE,False,17,0,2024-10-03
a0333be0a2643e45,8a7bd3275b901b34,5.38,transfer,web,17,1,DE,False,27,0,2024-01-20
7825204ab823f95b,5eb10f0cd7a891d2,17.07,payment,web,12,6,DE,False,23,0,2024-05-03
0a041ca766ed0313,e00949f19b733cdb,905.0,refund,web,10,0,DE,False,24,0,2024-12-27
32cdb42d00582fbf,882794bbead75d88,16.82,withdrawal,api,12,6,AT,False,1,0,2024-07-03
c15ef545aba4458b,703456167a7acd17,439.46,purchase,mobile,4,6,DE,False,10,0,2024-07-03
d13f8a6601d3cbc8,2e7254278d3f3118,361.34,withdrawal,web,19,3,DE,False,26,0,2024-11-28
71dcd63628aad1f0,8cfb46094b5f0108,353.09,refund,mobile,20,2,CH,False,1,0,2024-08-11
f8c8999dd92a6df7,d11d9804ea41b9cb,53.71,withdrawal,mobile,22,6,CH,False,30,1,2024-01-03
97d0d8039b97026a,79ae08fe23fd6203,74.86,withdrawal,branch,0,5,DE,False,30,0,2024-01-20
d2f3d500b2784014,ce52540e7c6e8d1c,3.17,transfer,branch,11,4,AT,False,14,0,2024-01-27
d1ae590316559eb1,342bc2899163338d,242.89,refund,mobile,1,2,DE,False,20,0,2024-01-13
547866b748f35cf5,c50eda8600c290eb,314.08,withdrawal,web,6,0,DE,False,10,0,2024-01-26
63d6e6dbb6312b8a,333346881cc05374,604.41,purchase,atm,9,3,DE,False,24,1,2024-05-24
c793293c69ba56a5,1933c19b3ca490f6,87.16,transfer,api,5,4,DE,True,5,0,2024-04-24
60bf76af6e56162c,b5a871cf7cc52ccd,398.6,withdrawal,atm,1,0,DE,False,14,0,2024-08-12
9583d3bcc885a832,4b486e2e8f378290,95.94,withdrawal,web,23,2,DE,False,19,0,2024-03-02
faa55046a1bd6cc4,cd57fcebe948e59f,98.1,refund,web,11,5,DE,False,4,1,2024-01-02
2323ee3c17c1da0a,15cf0c8a9792e50a,61.02,refund,api,6,1,CH,False,13,0,2024-03-15
86db4df0d1e4d150,0312fa2a05021b8f,326.53,refund,atm,14,1,DE,False,6,0,2024-03-18
f637faeac55e4424,046fa5773922c5d8,14.9,refund,web,12,0,DE,False,25,0,2024-02-11
710d4eb4f4d49b98,5eb10f0cd7a891d2,10.14,payment,mobile,15,1,DE,False,2,0,2024-06-09
220b78b6e860fde2,2996ac5bda773a5c,32.95,refund,atm,6,3,DE,False,11,0,2024-04-09
5ae71635a912b0ab,2a4637feda49b45d,2405.0,withdrawal,api,8,2,US,False,3,0,2024-10-05
687b2557666d6920,a8167c6a875a70a9,59.34,withdrawal,branch,22,1,AT,False,3,0,2024-11-12
a84cb4e9509cac28,af5787ae6bd8ac75,338.85,transfer,mobile,21,6,DE,False,8,0,2024-04-17
3e1ab86866792af8,d95707c4e6e87efd,726.51,refund,mobile,3,5,DE,True,4,0,2024-11-08
508704210358d35e,4ef34e24367ad7d4,151.37,payment,atm,0,0,AT,False,26,0,2024-08-10
c3422439c43d24b5,759c7bc81a6567b8,53.98,purchase,web,15,5,DE,True,5,0,2024-09-01
a19d9a40e6761878,60bf64ac291e0e1d,92.03,purchase,mobile,13,4,DE,False,15,0,2024-01-30
4cefd907fc02ab6b,e6f577c090d9035b,114.17,transfer,mobile,6,6,DE,False,2,0,2024-10-24
c1e0e524f5884347,36ab2c1257ef07e9,25.31,payment,branch,11,0,DE,False,4,0,2024-10-15
6f2a6fb3c0c59edb,61dfb3c3e2866b8c,1294.33,purchase,mobile,12,3,DE,False,5,0,2024-11-28
b6d4b469bff22887,cd00dc8810df1048,499.85,refund,branch,0,0,DE,False,12,0,2024-09-15
72fe2c0b38c1af80,3248a73959fbd3f3,459.75,payment,atm,23,6,DE,False,21,0,2024-06-14
92cd333608d69213,ffeee34bbe241244,415.03,payment,branch,19,1,DE,False,21,0,2024-08-21
86e999c454821f7c,ead1177c5fa66d4c,77.46,payment,api,1,4,DE,False,0,0,2024-06-26
95b9cb01598e9b88,39154da45e2b9586,168.16,refund,branch,17,4,DE,False,30,0,2024-09-30
c37b5932fef98cea,d160a2c8cadfb301,30.41,withdrawal,api,12,5,DE,False,4,0,2024-04-03
a223681bb99b2355,09151ed2d74d2e19,15.36,refund,web,13,5,DE,False,9,0,2024-11-23
5b702caffe91c276,7f53cb886f1e2ff1,407.78,withdrawal,mobile,20,0,DE,False,0,0,2024-04-18
2db7860e54503488,29888b944b65e29f,170.25,withdrawal,mobile,14,0,DE,False,27,0,2024-09-11
fcc5a11514ffaf3e,3cdd1af24469afca,51.61,payment,mobile,20,5,DE,False,9,0,2024-03-02
16915b24cd9b5308,a0cb6f1e5ae6809a,84.07,transfer,atm,15,4,DE,False,8,0,2024-02-26
d16dad5ce9568a5c,6a168ae298a97d31,4.83,withdrawal,api,15,3,DE,True,9,0,2024-08-13
914a1ddedecff88c,d741cef7a3234a8d,21.73,withdrawal,branch,12,1,DE,False,15,0,2024-06-11
56995d5025913149,d9fcace36fdc8173,60.04,withdrawal,atm,21,6,DE,False,17,0,2024-07-24
bb8ba90324f6b5b2,f148d5c44b2f2680,39.81,refund,web,14,1,DE,False,15,0,2024-01-23
f69c6de87d4ab595,76c5701c80ac9f13,131.59,withdrawal,web,7,4,DE,False,29,0,2024-07-27
c3f61fb0b65330cb,fa7732efe4772143,99.38,transfer,api,4,6,DE,False,24,0,2024-07-18
eca151bcfa8852ce,6208e28482f81294,12.05,withdrawal,branch,20,4,AT,False,13,0,2024-02-14
6fbb557cd03da363,f1a71cf26fe20f2b,35.16,purchase,atm,20,4,DE,False,6,0,2024-02-10
722d581da68a235b,1b110242588b118a,15.53,transfer,branch,4,3,DE,False,20,0,2024-01-27
94c7be0d5f0f6d5c,873fe2202b6bce0c,69.98,purchase,web,18,6,DE,False,25,1,2024-02-12
f2436a9bb03515ca,d0244b2e899ab6bc,23.55,refund,atm,9,2,FR,False,7,1,2024-02-19
3fb7686fabea1a4c,f130ec10be50dac5,208.19,purchase,atm,20,5,DE,False,29,0,2024-04-02
26a03f7dd1cdd29b,e7f8b23a62389cc1,175.5,refund,api,16,3,DE,False,1,0,2024-04-11
4251d01f168e6960,52ad3664a4d05665,28.42,purchase,api,3,0,AT,False,17,0,2024-07-25
df85a5a33f36a273,747b4e057947688e,183.52,withdrawal,web,20,1,DE,False,13,0,2024-03-16
8bec6a279dcfcebf,e2c7515469a1306d,43.62,refund,atm,21,3,DE,False,21,0,2024-07-01
8dcace33f08387a1,407b37d85e83dd32,145.54,payment,branch,0,1,DE,False,28,0,2024-10-08
dba41ebc8474252b,1a7e0a3bed5c2d81,180.08,refund,api,15,2,DE,False,1,0,2024-02-05
60cc74944f07da04,f78adc53ffb3b0e6,56.06,refund,mobile,7,0,CH,False,29,0,2024-04-28
b7998b8157fe7270,5bd4c9e5956de746,275.99,transfer,api,15,3,AT,False,24,0,2024-04-26
393167f3da439e45,d63e94a07a59a8cf,152.04,withdrawal,atm,21,3,DE,False,29,0,2024-11-25
9544bc1c888eb08e,63d18335b39fbaff,19.47,withdrawal,branch,14,1,DE,False,12,0,2024-11-13
22dfcd3ba145828b,c8bd83145603e477,245.41,withdrawal,web,18,6,DE,False,28,0,2024-02-08
f28348b08dc0554d,d80291ff8a609246,106.86,transfer,api,16,1,DE,False,12,0,2024-03-08
ffc4ed7d549323e9,8af0aecac4084a0d,37.51,withdrawal,api,11,4,DE,False,30,0,2024-04-02
d7186618c9aaeb55,8d86e1749618f528,93.21,withdrawal,atm,15,4,DE,False,24,0,2024-09-27
01cd834588961bb3,b626377d5234383c,46.12,withdrawal,branch,11,0,DE,False,7,0,2024-05-15
c5cfa83fccbc8ac3,59e97c496d5f4822,202.86,payment,branch,20,1,DE,False,18,0,2024-11-28
0d9a390384d76f6e,3889f99d1d1b1c92,131.5,withdrawal,atm,19,0,AT,False,22,0,2024-03-04
906adf446fba0d41,7a7c8d4f2020eaf9,94.75,payment,web,5,3,DE,False,21,0,2024-06-12
cbc8b24c2176ac47,38d200e0e0f438ff,34.15,refund,api,18,1,AT,False,14,0,2024-01-30
18b93e33085968d9,d1bcbf944b97b4cc,335.97,refund,atm,20,5,DE,False,4,0,2024-04-21
1755443e1f6d355d,0c98212079c46664,78.18,withdrawal,mobile,4,3,DE,False,30,0,2024-11-06
6f16d4698d860142,3f8912e52a75358c,12.86,transfer,branch,19,4,DE,False,5,0,2024-11-29
754f1ece7ecb29fe,53900e3fadc042d3,173.26,transfer,branch,18,6,DE,False,11,0,2024-02-25
a43baf27433f2a0d,788e7f53c9a7b524,219.18,transfer,api,11,3,US,False,4,0,2024-07-23
0060cf7e103f2001,e4f1f16961d97f33,14.31,payment,branch,11,0,DE,False,10,0,2024-05-25
42ecb3fe8368fdb8,fec3a870a6448608,440.63,purchase,web,11,5,DE,False,30,0,2024-11-27
3e09649871819907,5c10d75c21d92252,176.88,payment,mobile,20,2,CH,False,12,0,2024-11-11
b09ea3a4963ec00d,9346d0d6814428d4,75.56,purchase,branch,11,5,DE,False,0,0,2024-01-23
f3d5dfc2083131c2,7606fac68580d2c7,89.6,refund,api,11,6,CH,False,24,0,2024-08-25
fe73a00b92e7e7c0,05994ecc6b269fd8,210.94,transfer,atm,7,4,CH,False,20,0,2024-04-08
c5327398d5128add,9e04230ae86651f3,275.01,refund,mobile,5,5,DE,False,29,0,2024-03-26
377a6fcccbbb5c57,c8922bed7d0e7358,5.56,purchase,mobile,5,3,FR,False,15,0,2024-02-15
d62b2a872a3de274,fedfe36dcf07da5a,196.24,withdrawal,mobile,17,3,DE,False,14,0,2024-11-04
ce0b9f4ad8fff60b,023873d9a8327222,180.43,withdrawal,atm,20,4,DE,False,3,0,2024-10-16
ac4889a5ec96337e,4a64fe624ae06538,145.55,refund,branch,5,5,DE,False,8,1,2024-10-21
4d4e93256ed428ae,9030765f9f6a676b,243.03,payment,atm,14,6,FR,False,13,0,2024-01-03
0ec20211fac9f60f,97b20d27eeac7dcf,76.13,payment,api,4,2,DE,False,25,1,2024-04-08
d12a32e9a8c02a69,7ab91c2ae7549b3b,157.14,transfer,web,15,2,DE,False,26,0,2024-07-31
ae05929a286faaeb,8223a60e4286692e,65.61,purchase,branch,0,0,AT,False,8,0,2024-01-01
af98054ad00684ca,a265fd09e4a67210,63.22,purchase,branch,22,2,DE,False,20,0,2024-07-21
f4025fc08d23cff8,e99c22c2b6429fca,277.19,purchase,branch,9,0,AT,False,13,0,2024-11-10
e14a526b4231d220,13ddef20378fc798,1872.72,transfer,mobile,7,0,DE,False,27,0,2024-12-25
4b01bd8d702c36fb,33027c5d86ee9f67,708.32,payment,branch,10,1,CH,False,7,0,2024-01-07
2bc8ab98e024d037,719634f087c58b78,35.95,payment,branch,22,4,DE,False,13,0,2024-04-13
8024f7e24b9e8d6d,3cd287a648484145,61.08,payment,branch,3,6,CH,False,3,0,2024-01-28
f4652b5bd78d5ebc,8f1c9e592ba3b4de,31.37,payment,atm,18,0,DE,False,21,0,2024-11-23
9712601ffcea23b9,4885e4643962dea4,175.78,purchase,mobile,3,4,DE,False,14,1,2024-11-14
b13cbdd6fa99bfbb,97353626cda41f54,198.54,withdrawal,api,13,6,DE,False,19,0,2024-09-18
52e160e3fdfa217a,e2e2d702793e5410,86.29,purchase,branch,18,4,DE,False,8,0,2024-08-21
d96a85df2fb213f8,36872988ee4f71b3,263.17,purchase,mobile,14,2,FR,False,22,0,2024-01-19
7f0b85db7b6afd63,ae7d9d97fe6e5f3d,143.87,withdrawal,atm,15,6,DE,False,0,0,2024-04-09
67401c9d2284f681,a482af252c6703ed,16.93,payment,web,10,3,DE,False,30,0,2024-01-10
0da0f867e7897977,2996ac5bda773a5c,19.94,withdrawal,branch,9,4,DE,False,25,0,2024-11-24
a799df6de7d34b19,8dc183040a2d2cdd,75.21,withdrawal,web,18,2,DE,False,25,0,2024-12-04
878b045e93ea34eb,40c70ea52c9c36e1,49.17,transfer,branch,17,0,AT,False,20,0,2024-02-02
22c1520cc1155191,6a623adabb546f28,180.52,refund,web,0,2,FR,False,9,0,2024-06-05
1545067157d40d15,7b34c685f3fbc9e0,111.67,withdrawal,api,2,2,DE,False,19,0,2024-03-20
3fdd0c1fb008c9ae,5972430fab4f2beb,266.28,payment,api,21,1,DE,False,19,0,2024-11-15
3445b2bb140b4be2,ec2d062aff8a7a9f,308.97,payment,branch,16,0,CH,False,9,0,2024-08-07
c752b8d336491715,b9cff79f30abaf85,824.44,purchase,web,3,3,AT,False,26,0,2024-03-24
94253d17a5120724,4587b25745585a05,77.86,payment,atm,23,4,AT,False,4,0,2024-12-13
6ad9f7eb55927743,8166de5cde53c8ee,21.51,purchase,api,22,2,AT,False,0,1,2024-01-31
20beb25609cc94cf,149396c4c5912808,24.87,refund,api,13,1,AT,False,19,0,2024-08-27
94bc9f0e5537f025,2547a6de8a3897bd,156.36,withdrawal,api,6,1,US,False,18,1,2024-01-06
609e0f4224860f4e,b08621aaed58ed30,42.66,refund,mobile,4,3,FR,False,24,0,2024-09-29
e0b5498578ab91a4,009d36e0c5c629be,260.51,transfer,branch,16,1,DE,False,11,0,2024-05-15
47a5f03465dcc245,42aa2d0489c6df45,154.04,transfer,web,7,4,DE,False,10,0,2024-06-22
ff8489b6a348452f,f17b1c284520d4e3,68.77,payment,atm,3,1,DE,False,11,0,2024-05-07
13469f781b2ce49f,32be5eb671304318,257.28,withdrawal,web,16,6,DE,False,3,0,2024-03-26
580c6cd29a5c268e,f5c1f4185201b43e,28.09,transfer,mobile,8,1,DE,False,23,0,2024-06-27
daa0edc0279bbc2f,d74b06ffbaac2f60,984.55,purchase,atm,13,1,DE,False,28,0,2024-01-10
a3f50550d6119b21,e471fdaf173e9a5f,72.14,withdrawal,atm,23,4,DE,False,25,0,2024-11-09
a753eb44eebce56f,124941d12cb83091,39.86,refund,mobile,16,3,DE,False,16,0,2024-04-02
496e3d44565c968e,ef5f35f62ea79582,8.23,purchase,web,13,6,DE,False,27,0,2024-08-25
75925a74de409d5b,3efc9e32d7f15ec4,22.28,transfer,mobile,13,1,AT,False,21,0,2024-07-28
af9862e32bcd185c,b6778ac3599a9a75,68.98,payment,atm,6,6,DE,False,23,1,2024-04-20
527c7062d381dbd8,bfb5e25d1defb1ce,57.2,withdrawal,branch,15,2,AT,False,17,0,2024-12-11
2ce171c5ca342f62,7477e882990d2bcf,28.25,transfer,branch,18,4,DE,True,0,0,2024-12-19
c0a6a265ec2ca661,2940524866b1c70b,234.22,transfer,api,18,4,AT,False,5,0,2024-12-01
85771a40b19610ae,865382db3c8da506,312.82,withdrawal,branch,22,5,DE,False,20,0,2024-07-18
c2136310bfaeee02,7a2ac69a18fca7d4,231.51,transfer,atm,12,1,FR,False,17,0,2024-12-02
a38dd16c808de490,4fe67b56bf4bf3dd,1174.08,withdrawal,atm,4,4,DE,False,3,0,2024-01-30
e1a08bbc2b33a59b,73c62aac5c083e57,269.51,transfer,api,19,2,DE,True,12,0,2024-09-27
964345665d7d9de9,d3654c09e096b5bd,94.2,transfer,web,12,1,US,False,23,0,2024-06-05
8bf23b12f34d7ba4,c71d88a3c296fdf2,24.22,purchase,web,1,1,DE,False,0,0,2024-11-02
9f0c161685d45bdf,165af6b8bc77c4ce,219.52,purchase,mobile,10,5,DE,False,19,0,2024-03-12
efd4dec325828b20,4e5f8e83ea0b0ed8,39.56,refund,api,18,5,AT,True,30,0,2024-09-20
de35e612d3ab0aa6,93e4ee0c621c6c0d,281.03,payment,web,14,0,DE,False,29,0,2024-12-26
1acc7d71aa8f4e52,02cf0c5ce4fdbcb7,75.01,withdrawal,api,21,4,DE,False,8,0,2024-09-06
218ef21bcb675297,63686e65207e190f,215.09,purchase,branch,6,6,DE,False,24,0,2024-10-27
993ed65d275e8071,e5b1e41da4f5a0ef,193.24,withdrawal,mobile,16,2,DE,True,18,0,2024-10-18
5ec21eba2b990f36,2449bfe37a9e012a,50.12,purchase,api,22,6,DE,False,3,0,2024-01-17
9e5f14223f7b5d4a,39b28406376154b3,81.02,refund,web,22,5,CH,False,5,0,2024-07-01
b99db0cf81c9069c,3c67301ba053ad47,159.4,payment,mobile,1,1,DE,False,2,0,2024-02-28
f66af6f7c5d567da,73c62aac5c083e57,37.41,transfer,branch,10,4,DE,False,2,0,2024-11-08
143874194df467ed,9a5ccc82ae06bb65,27.89,payment,atm,3,3,DE,False,5,0,2024-02-15
61dbb0d48b95cc1a,4b486e2e8f378290,109.81,payment,web,2,3,DE,False,24,0,2024-04-25
7d91d1b27b25d945,070840efbc93df0d,223.91,transfer,api,20,0,DE,False,30,1,2024-01-16
c4321feef39325de,ff888cd20c715b33,298.95,payment,api,9,0,DE,False,8,0,2024-07-17
79cf1a574985a43b,c7a62b9370af391d,240.96,purchase,web,14,3,DE,False,1,0,2024-05-24
5ad4beb2bb62fae6,6a623adabb546f28,2899.74,withdrawal,mobile,7,1,DE,False,12,0,2024-08-03
58eea41cd424af07,409ac406fa85dadc,61.21,withdrawal,api,8,3,FR,False,1,0,2024-07-04
510f727e8d27e460,697080d3446d0659,59.1,transfer,web,18,3,DE,False,27,0,2024-03-17
4963cc008c0bf5a2,22a8ddf01d9d2df3,586.54,payment,mobile,10,4,DE,False,10,0,2024-10-15
eff1ae1df410190c,bd246b4341e55fef,35.59,refund,atm,15,2,DE,False,18,0,2024-09-15
a056659eeddb06a0,513c2e73b6e607e2,101.56,transfer,branch,15,2,DE,False,13,0,2024-11-27
f04846184d4653fd,8af0aecac4084a0d,42.54,payment,mobile,18,2,AT,False,11,0,2024-07-03
326e525ae32f9a5d,97e43872adefea91,459.08,withdrawal,branch,23,2,DE,False,16,0,2024-11-26
fcd125c4db838b5f,56673b96aa4090ba,113.78,transfer,web,3,3,US,False,16,0,2024-11-05
6a2ad2daefe3949c,ed4a16cea68d7e1f,73.94,refund,web,15,6,DE,False,10,0,2024-10-23
85d4a7c8556eb5e1,dd4bc80c6125668a,72.48,payment,atm,12,0,CH,False,21,0,2024-11-22
365c83c9b02636e2,58ff24853040e0ab,160.56,transfer,api,21,3,DE,False,23,0,2024-10-12
402fac8b9fef94a2,9346d0d6814428d4,260.56,transfer,web,4,0,DE,False,17,0,2024-02-11
22ca7bb22b6b1580,1dd675c43554d179,217.42,withdrawal,branch,12,6,DE,False,25,0,2024-12-29
9d2e70ec767d7f94,187336a7e7837268,159.61,refund,branch,9,2,DE,False,11,0,2024-06-30
c384599d821fc97d,27c92834df097d11,180.08,purchase,mobile,10,3,FR,False,25,0,2024-03-12
80524899dfdd480f,3571056f372526fb,38.02,payment,web,19,0,DE,False,8,0,2024-11-26
8a18ec92a17feb60,65a9cbb4b5328719,165.46,transfer,mobile,13,0,DE,False,1,0,2024-01-07
3f25fa9fe0f6838e,350d9ea9aab807a6,40.06,withdrawal,mobile,21,5,DE,False,2,0,2024-04-05
cb788414069e056b,e56433ed5346f95f,250.46,withdrawal,atm,2,3,DE,False,3,0,2024-08-17
0e1cd9fef8dfb0e7,1c0b4f39057c26ff,50.84,payment,branch,6,4,DE,False,19,0,2024-11-12
c3cd245d89dc6ea2,123d24d4a082ef24,148.81,withdrawal,branch,3,1,CH,False,30,0,2024-07-16
7b10c093d34221fe,6edd14d4d87db171,1457.5,purchase,branch,8,3,DE,False,5,0,2024-01-25
011873cc2373eddd,901cca668dced61d,42.14,payment,atm,7,6,US,False,18,0,2024-07-01
dcf35db9b23d4537,cc721155c46c346a,109.51,purchase,web,0,1,DE,False,24,0,2024-05-08
1bc6d7f1f22d9efc,6ee604a0b16c2ac5,136.62,withdrawal,atm,4,0,DE,False,21,0,2024-10-04
fdd1830f68c25e40,77e0b6a5284edb40,29.49,payment,api,3,6,CH,False,16,1,2024-06-27
2adbd1beeb222657,33027c5d86ee9f67,97.31,refund,web,10,1,DE,False,7,0,2024-12-09
2e95b69b4a4b82d6,28c2b9d5a3056adf,117.93,payment,web,23,3,DE,False,12,0,2024-12-22
b3f223df79ad67ff,81300e96b360deb4,558.74,payment,web,10,0,CH,False,18,0,2024-11-04
5f1bc740022faa73,3dafdba89e78ae73,362.52,withdrawal,atm,22,2,DE,False,30,0,2024-02-29
4deca97bb3896bbd,aa70cf27e477cd4e,40.43,purchase,branch,6,4,DE,False,24,0,2024-11-20
8dbf6276244a7e20,9a95dfb5a96b3ab2,201.21,purchase,branch,19,2,DE,False,5,0,2024-04-02
bbee372fba7bf2c6,48729bba3c509acb,71.93,purchase,mobile,5,2,FR,False,1,0,2024-11-20
d8d92cdf5a9d4136,361aca729d2d0a42,18.15,withdrawal,web,8,0,DE,False,0,0,2024-07-22
8fc69f4f6a0f2e6d,eaeb32f2bbc92cc0,135.15,refund,api,14,3,CH,False,20,0,2024-08-08
8f48f4f2e3bc137f,22d5bb56573939bc,168.73,purchase,web,5,5,DE,False,13,0,2024-08-14
6707be4890747eea,58fe68b77b986d50,164.06,transfer,api,1,0,DE,False,8,0,2024-02-08
a208378f59fc7f43,5d596698634b376f,33.71,payment,branch,23,4,DE,False,3,0,2024-05-26
a648cd2c79f3336a,e3d44afee8442cdd,8.51,payment,branch,6,2,DE,False,25,0,2024-06-25
4ddedd4e68315aae,3ecd8c40e835c185,51.53,purchase,atm,14,1,DE,False,12,0,2024-06-16
75d5913a69b9fc68,183a499c6578411d,29.5,purchase,web,0,4,CH,False,19,0,2024-10-07
c7db4da15d8623d9,651c548260d1130f,23.72,withdrawal,branch,16,5,US,False,11,0,2024-01-06
e84c307192430689,72fcea085bcfb91a,95.94,withdrawal,web,16,5,DE,False,21,0,2024-05-25
137036666ba580f7,9030765f9f6a676b,44.33,refund,api,5,3,DE,False,22,0,2024-10-06
31867369ddae46d3,e00949f19b733cdb,4.33,transfer,web,8,4,DE,False,2,0,2024-03-09
074928df8ca18c53,6a7a45ef56b7cc6a,5.82,refund,web,9,2,DE,False,24,0,2024-09-25
61b04a8c02275ef1,129fe03886f1f5d5,177.52,payment,web,12,2,DE,False,5,0,2024-04-11
a5ff5bb8883ca75d,5426c51613baed1d,174.38,payment,mobile,7,5,DE,False,22,0,2024-09-06
e99a7cab592e07b0,3550bcf50d099218,224.03,refund,web,11,2,CH,False,5,0,2024-09-14
a89c9ce21713d651,5c84c467820b3240,22.05,payment,branch,1,5,DE,False,2,0,2024-08-30
865067c6521f1119,93e4ee0c621c6c0d,96.82,transfer,api,15,2,DE,True,5,0,2024-12-19
67e1bdf8ff5cc370,79b34c7dbd15f98b,31.69,payment,atm,22,0,DE,False,15,0,2024-03-29
c796d301dab3247f,6734081fc5799be2,92.68,refund,mobile,19,5,DE,False,18,0,2024-01-30
ca13f1c01f17e056,bbbdc5bdd5d4f50a,103.22,transfer,branch,20,4,DE,False,11,0,2024-06-11
232f850e9848b0e0,d4178519491ed4e0,288.89,refund,mobile,7,6,DE,False,20,0,2024-09-18
b7e1b1d688e106c1,6292e6c448e5f12d,17.49,transfer,mobile,1,6,DE,False,0,0,2024-10-21
bda2b2fd04d88d36,d6b0aeb2a47ebd4f,70.5,payment,atm,22,0,CH,False,0,0,2024-08-12
ae06e5e62868b1bc,466084ce02acd76c,31.22,withdrawal,api,14,2,DE,False,6,0,2024-10-05
4c80c969d0f49c96,97b20d27eeac7dcf,494.4,payment,branch,7,6,CH,False,14,0,2024-01-13
e991529fc2993a3c,54134e1b407907c1,44.05,refund,atm,20,0,AT,False,18,0,2024-01-26
eb21492104452cb5,1383c0e777d7e42a,51.96,payment,branch,18,4,DE,False,28,0,2024-12-28
d215c3f5650fc47d,703456167a7acd17,179.26,withdrawal,branch,2,6,DE,False,10,0,2024-09-03
f3d9bc8948da9b37,2df30e5e5dd0ca06,88.46,refund,mobile,22,4,DE,False,7,0,2024-10-01
4c99e158472bb180,1bcfd5947f39426e,607.32,transfer,branch,9,2,DE,False,5,0,2024-11-13
b0245c48ccadc170,7f55f073111f191a,31.89,payment,mobile,11,6,CH,False,1,0,2024-09-02
ad3e7694e3b919fd,9a5ccc82ae06bb65,98.67,refund,api,17,0,FR,False,23,1,2024-04-29
f88a76ece524059a,52978548f0059668,159.82,transfer,api,9,0,DE,False,26,0,2024-01-16
bf50f952efa0aa9a,9743d8af544024c4,40.81,transfer,branch,19,6,DE,True,23,0,2024-06-12
66afabe5aea74b05,caffab3ed0242dd1,17.41,payment,api,18,3,FR,True,15,0,2024-09-14
e0488852a6a95ea8,8c1114da6e55d308,124.39,payment,mobile,4,4,DE,False,15,0,2024-10-28
bb0f969d44a54f9b,220587bd50b23c82,59.75,withdrawal,branch,9,4,DE,False,17,0,2024-01-06
197f2ec219bf1b4e,2c955c05a25028f6,472.86,payment,atm,12,0,CH,False,10,0,2024-09-24
cb51587edc8f9de2,c8c37fc4912b4fd6,56.33,purchase,web,0,5,DE,False,3,0,2024-12-11
2113b9da4ec063bf,8cfb46094b5f0108,23.17,payment,branch,12,3,DE,False,9,0,2024-07-10
9296ae849fb4fc2e,8764514397de911c,180.8,payment,api,2,2,DE,False,28,0,2024-07-17
2f28c43096aa7387,788e7f53c9a7b524,141.13,purchase,atm,11,2,DE,True,17,0,2024-04-02
85e281a96949c286,87665a30c225f102,485.24,withdrawal,api,22,4,US,False,12,0,2024-10-06
195367839b611d6b,624fa59c72776852,186.42,purchase,atm,16,4,DE,False,20,1,2024-08-02
53f09230aed36fb3,20d0575d08c7416f,603.45,withdrawal,atm,3,1,CH,False,29,0,2024-05-03
b82d3c8a9e9e5b77,788e7f53c9a7b524,80.75,transfer,mobile,20,5,CH,False,0,0,2024-12-18
12099e3ad7ef331e,f566318da79ba3a2,205.65,withdrawal,atm,14,4,DE,True,1,0,2024-06-24
a3a3710ba867f686,d4a0f77033696654,18.8,refund,branch,4,1,DE,False,30,0,2024-08-16
7961c4add3282de9,d401c5577bb35cfc,96.45,payment,atm,3,6,DE,False,12,0,2024-09-04
766e18abde819b03,01cff8f2fefefb29,55.56,withdrawal,api,21,5,DE,False,23,0,2024-05-18
95e47d00550f975d,9009b7941abcc0b2,134.47,purchase,web,18,3,DE,False,14,0,2024-03-01
eeec76c158adf4d1,3a60297550f4327d,52.28,payment,mobile,17,5,DE,False,28,0,2024-10-13
468e8db1bb2632d0,dd4bc80c6125668a,158.48,refund,branch,12,4,DE,False,21,0,2024-09-06
987356c44192aaa3,7a2ac69a18fca7d4,282.95,refund,api,18,3,DE,True,24,0,2024-08-05
febb8716c30fd186,cfa67ed2210f6940,104.05,withdrawal,web,17,5,DE,False,23,0,2024-11-15
874d69970e11ddbe,38918cd5b3bd7fba,185.46,withdrawal,atm,14,2,DE,False,4,0,2024-05-19
00029633edc8eac5,673514b88fe6c0c7,220.7,purchase,web,1,4,DE,False,20,0,2024-08-31
52134898e1e1f312,79ae08fe23fd6203,416.98,payment,api,7,4,DE,False,25,1,2024-08-17
196fdceb06cc63b7,216e516e33710669,19.15,payment,mobile,10,3,DE,False,22,0,2024-01-10
fbf904f53b535e5c,09fc2bea655a24f6,148.25,purchase,branch,14,0,CH,False,0,0,2024-10-21
e2f52a51f0447086,fc7409b846103218,141.49,refund,mobile,10,3,US,False,19,0,2024-09-01
a095620c537c14ab,c70667064ebd7fff,1058.86,purchase,mobile,2,6,US,False,2,0,2024-04-02
629346ef5292f4bc,1095343f2be478c8,63.82,refund,branch,2,3,FR,False,24,0,2024-04-16
453f96143254ee8a,37f3b479dac1617b,98.76,transfer,mobile,23,6,DE,False,26,0,2024-08-03
50fb7e9c0cabc068,8c61369cacedb868,29.48,withdrawal,api,15,3,DE,False,12,0,2024-05-07
f3eed5cd69fe1d0a,707dfe078e749c2a,28.6,withdrawal,atm,3,1,DE,False,5,0,2024-10-03
5bad3cf84a0cf13f,4837f180d0eb561f,21.77,transfer,atm,16,1,DE,False,25,0,2024-03-24
67d4bfc8b22221ee,09b6ec1156b1654d,70.64,withdrawal,branch,16,3,DE,False,1,0,2024-11-03
b876481dabb7467e,567c594223514ff3,233.89,withdrawal,mobile,9,0,FR,False,3,0,2024-11-22
3ba83a270859899b,204388e1feff3a9b,28.6,transfer,branch,13,4,DE,False,20,0,2024-09-02
6882c0be9f0d39eb,67354c40c7454eb7,972.46,refund,mobile,7,1,DE,False,30,0,2024-06-08
e1488345b8cdcb5d,4d2ab5de3d01f17e,8.59,purchase,branch,12,0,DE,False,21,0,2024-10-21
68aee525a06ac242,9ec68a9aa1445e62,985.14,withdrawal,web,23,3,DE,True,2,0,2024-02-02
a95c20f5aea00925,cb70054de19693ac,1146.84,purchase,mobile,21,1,DE,False,4,0,2024-11-20
0df81d6d5dde45e9,bdaa952c935e7ce2,7.27,withdrawal,atm,13,5,DE,False,25,0,2024-10-04
92d468bad9bce393,e92882f97b592e42,206.51,transfer,branch,8,2,DE,False,19,0,2024-09-19
723e32c05bb8707e,aa1ec59bd2903131,53.46,withdrawal,mobile,10,6,DE,False,10,0,2024-08-08
562cf46568533c22,e9c2978b46367476,384.49,purchase,web,15,5,US,False,24,0,2024-09-16
a539697777ad77d6,d627159aece184f2,528.32,withdrawal,web,7,5,AT,False,14,0,2024-11-12
f3c0639aed0b873d,bc7c29eefe7123ba,92.13,payment,atm,22,4,CH,False,8,0,2024-06-26
be5ec901f997bbe3,fa7732efe4772143,69.32,transfer,web,12,4,DE,False,13,0,2024-11-15
9c756483b5ad5aa5,8e51ba45c280251a,219.7,refund,branch,6,5,DE,False,25,1,2024-03-01
8553f211cd6b8ada,81d95c143c333ee7,101.13,transfer,api,8,2,CH,False,17,1,2024-06-13
217319d2c622107d,d89bfd5e918e6684,131.48,transfer,mobile,3,4,DE,False,30,0,2024-09-11
4e049ee65b58674e,0856888b48e8a7ac,223.29,payment,mobile,8,5,AT,False,30,0,2024-11-14
688826c8ceb4d498,c281620ecc16e8ea,224.03,withdrawal,atm,22,2,AT,False,23,0,2024-03-16
49723270480006bc,04591516c0cb3ee1,92.4,withdrawal,branch,11,5,FR,False,7,0,2024-04-27
34bf1f8d047c22ef,f0bdf50af02c3036,25.5,withdrawal,mobile,2,0,DE,False,17,0,2024-06-29
697e5616dfdc88ef,4b5612a18aca755d,73.52,transfer,api,0,5,CH,False,5,0,2024-09-17
534c8a86f9100e95,0856888b48e8a7ac,140.41,payment,web,17,4,DE,False,20,0,2024-12-14
ad35a1a2ce222811,276e5ae6c75a8b32,15.63,payment,branch,9,2,CH,False,10,0,2024-07-12
37542b2db0cfc92d,73a33dcdb368fef2,47.56,transfer,branch,3,4,CH,False,11,0,2024-06-17
308aecd8884e7d43,8b531b21e41bc3a2,348.82,payment,mobile,1,3,DE,False,29,0,2024-05-09
42e48d79a861a018,02cf0c5ce4fdbcb7,385.93,payment,branch,9,1,DE,False,26,0,2024-09-29
89da531552ebec5d,c883193555c4b7ec,82.97,refund,mobile,1,1,DE,False,26,0,2024-05-17
8d7b759c97ff7bdc,7a95d43b030bcb1f,146.98,payment,api,15,0,FR,False,23,0,2024-03-02
056b15663354d29f,cd00dc8810df1048,6.01,purchase,branch,5,4,DE,False,23,0,2024-11-18
143f8f4c8964a3bf,87923f6cb4a43c53,8.35,purchase,branch,21,3,DE,False,0,0,2024-10-20
d7fbd054b5f04519,8f1c9e592ba3b4de,51.06,purchase,atm,4,5,AT,False,3,0,2024-04-08
48b0b670455ef439,8166de5cde53c8ee,126.1,purchase,web,20,6,DE,False,10,0,2024-10-18
1b137a42070df5e2,533bbbafa1feecc9,88.5,purchase,branch,22,5,DE,False,17,0,2024-05-31
5c602471d9e9be59,90d800f496e91751,126.96,payment,branch,15,1,DE,False,9,0,2024-05-09
22c0202c8b8ab1ef,e92882f97b592e42,85.18,payment,branch,1,3,DE,False,15,0,2024-09-27
2f6e83282d41461f,9c7ccf173ddb81cf,232.76,withdrawal,web,17,0,DE,False,25,0,2024-09-14
bd88bdc3557b538e,e9eb878f95923e75,24.11,refund,web,23,0,DE,False,23,0,2024-07-19
d6f1df78edd26d2e,cb145f30d0513f9d,51.7,purchase,atm,17,5,DE,False,14,0,2024-04-25
6d76bd33885198e4,2f6a7cc25b5c97ab,198.8,purchase,atm,20,4,AT,False,24,0,2024-11-04
1663530dd0a3af74,174082e445371ba1,140.87,refund,api,20,1,AT,False,16,0,2024-07-24
15b01d6e0156131b,4762862489547fd2,100.5,transfer,mobile,8,1,DE,False,17,0,2024-08-25
2e3a94932fda2767,dad9aab4c746f6c5,34.54,withdrawal,atm,8,3,DE,False,24,0,2024-05-28
363393ff80540d89,f6b58d54c79a7cd6,45.07,payment,web,15,6,CH,False,20,0,2024-04-08
1f333c04ef308176,d9fcace36fdc8173,327.35,payment,branch,5,3,US,False,27,1,2024-01-28
c85dd1ac73aaca2c,865382db3c8da506,5582.14,payment,api,22,4,AT,False,2,0,2024-07-07
cbb67e27ef2db98b,513c87b51b9ca1fc,21.78,transfer,web,12,2,DE,False,29,0,2024-02-17
53d679f9c804f6ca,09151ed2d74d2e19,72.28,refund,api,3,6,DE,False,13,0,2024-04-29
2b24d3601db62e54,fef4105014bf1d50,66.8,transfer,branch,15,1,CH,False,2,1,2024-01-04
e1092828e5a3ab6e,93102f8c8c50d21e,62.37,purchase,atm,13,5,CH,False,15,0,2024-06-28
2b0e2deb66ff5ef3,4f503dea81961fa6,123.87,refund,api,10,1,DE,False,5,0,2024-06-11
3af4475cb2793d88,898b90d5e7d15ebc,74.81,refund,api,20,5,DE,False,24,0,2024-10-20
bb3e2ad23b37434b,a2fd300705d48a59,9.32,purchase,web,7,5,DE,False,7,0,2024-01-16
88781c75c409fc2f,09151ed2d74d2e19,15.55,refund,atm,22,5,US,False,25,0,2024-02-09
247b9a2fcda3580d,5c03a23a3401daf8,322.77,refund,api,12,5,DE,False,4,0,2024-11-29
40af12d774a888a7,14c52a5e0e180aa9,85.63,withdrawal,api,13,0,AT,False,30,0,2024-12-27
a3c7eaa708ddb5d9,27bfaa358cd59a75,253.61,transfer,mobile,16,6,DE,False,29,0,2024-12-15
7fb1033c70b01583,f5c1f4185201b43e,7.79,refund,web,10,5,DE,False,1,0,2024-04-08
517c1971c77f83e2,11b0f22fe097ebd1,129.6,transfer,atm,18,1,DE,False,16,0,2024-09-24
b01fc0d92ab18e20,6ad8a65f8b886422,65.58,transfer,atm,15,1,DE,False,3,0,2024-08-25
b5402534a28b915c,97353626cda41f54,87.64,payment,api,13,2,DE,False,20,0,2024-07-19
827b6f61fa63c1c1,a76efe22f6e53977,41.36,purchase,web,19,5,FR,False,27,0,2024-08-03
c81b95b8aa2add16,94c152bdf68cc6af,8.61,payment,api,9,2,DE,False,12,0,2024-09-01
86ae90b43f77425b,c34245c3d61ac215,45.85,transfer,atm,16,0,DE,False,26,0,2024-08-26
480e95a9907867bd,69ab54f2b5e0c129,176.82,purchase,branch,10,5,DE,False,9,0,2024-11-08
38b14dbb88f28485,d4a0f77033696654,94.57,payment,branch,18,1,DE,False,14,0,2024-07-09
f17fe12ea55a1a17,8c725f3e249643b8,215.17,withdrawal,atm,8,5,DE,False,26,0,2024-11-16
2466533b2526ce96,3cdd1af24469afca,6.71,withdrawal,atm,22,4,US,False,13,0,2024-08-23
2cb8ffab73b62440,eaeb32f2bbc92cc0,52.62,transfer,web,5,3,DE,False,24,0,2024-06-28
cfbc91fe534ab31d,9ea3c99ef5cf605a,52.74,transfer,atm,11,1,DE,False,24,0,2024-03-01
a523168bdaf4598a,97353626cda41f54,879.06,withdrawal,mobile,9,0,DE,False,11,0,2024-02-24
72bf71fe34877e7c,c03ffd1693bec76d,52.13,refund,web,1,5,DE,False,14,0,2024-10-17
5a918fb0f324c694,1a13581cb12c0831,1664.85,transfer,api,16,6,DE,False,10,0,2024-05-24
ef3d61dae575b927,09fc2bea655a24f6,136.24,purchase,web,4,3,US,False,29,0,2024-11-27
b9d1c02810b85bab,54bbd2fc294c7d06,161.62,withdrawal,atm,15,4,FR,False,29,0,2024-12-02
ebd1cbef92709b6d,0fe90c42e16ec1ac,484.74,transfer,mobile,18,5,DE,False,26,0,2024-11-12
dc123403297cdca2,cb48b465991a6367,53.83,withdrawal,web,4,5,DE,False,8,0,2024-07-31
80230c4de280d7db,73a33dcdb368fef2,45.57,transfer,api,0,1,DE,False,10,0,2024-07-30
e580624b1123fde9,24035e5fa3060bd4,48.97,payment,api,17,4,DE,False,0,1,2024-04-09
1a946225d84ec35d,204388e1feff3a9b,106.99,purchase,api,23,3,DE,False,20,0,2024-03-20
8b893457a11b29f1,1b2ee82dc979a6cc,375.61,transfer,mobile,6,6,AT,False,30,0,2024-03-26
123d14de195eb84f,61b8edd0c82a20ae,66.97,payment,api,17,0,DE,False,21,0,2024-08-20
3de98d2794a0b325,60bf64ac291e0e1d,9.62,refund,atm,4,5,DE,False,17,0,2024-05-01
94266dbab174a03a,20afa56bf367ac54,161.01,purchase,mobile,17,4,AT,False,17,0,2024-12-01
90b9eb60a0f79d34,dfa892259253e955,129.97,payment,web,19,1,AT,False,30,0,2024-07-04
b78e9ed0b51d2b21,dad9aab4c746f6c5,97.25,transfer,api,20,1,DE,False,20,0,2024-11-07
1e1e36f6ba499a91,5ce4a8318d8f92e9,123.52,refund,branch,11,1,DE,False,18,0,2024-05-19
00366bdf10d04571,cd99fa63c6194cc0,152.96,payment,api,9,0,DE,False,20,0,2024-11-29
c4d65a68e4f2430b,39063b88013afa8a,18.29,refund,api,21,5,DE,False,27,0,2024-10-04
4089c6bb97ce2907,a278a47b25db6b97,386.27,refund,web,15,5,DE,False,25,0,2024-10-01
f3c80091a3c31a6d,4ae94faa21f10177,82.97,payment,web,18,6,DE,False,29,0,2024-07-22
09682af62e85070a,66e075ad1e08433b,1861.94,purchase,mobile,0,6,DE,False,0,0,2024-01-11
7bc4ebc72ae32037,a278a47b25db6b97,119.85,transfer,atm,14,2,DE,False,19,0,2024-06-25
85444779cf3d7aa8,daf14806094945d4,339.88,payment,api,8,3,CH,False,0,0,2024-12-21
e3a1ba4151ca508b,a54cf8e4bd9cd4d7,104.23,transfer,branch,4,2,AT,False,20,0,2024-05-26
e12cf7725f187807,0312fa2a05021b8f,86.9,transfer,atm,3,4,DE,False,20,0,2024-03-12
95e461b53c8d6581,00aa6841d365e160,560.23,payment,api,11,6,US,False,28,0,2024-05-27
42ece7514006337f,4aa210e4e90e7212,84.76,purchase,mobile,1,5,DE,False,4,0,2024-11-04
1755c478062c4d6c,6ea67b24b77eb9f4,1223.87,transfer,atm,20,3,DE,False,2,0,2024-05-15
826731d6377d35b4,aa70cf27e477cd4e,37.17,withdrawal,api,15,2,DE,False,24,0,2024-10-11
badc0a126fb92694,d28853d261e28c50,132.45,refund,branch,12,2,US,False,11,0,2024-06-18
2707179c8629cab0,67206c8525e04df6,69.2,purchase,api,11,0,AT,False,12,0,2024-09-13
4931eb51856127e0,f17b1c284520d4e3,104.72,withdrawal,api,15,0,DE,False,5,0,2024-05-13
c434e21e2bd654cb,b7ab6a76332a3704,139.83,transfer,mobile,9,3,DE,False,18,0,2024-11-16
5561453286686b69,e66d521b716e3bfc,92.32,payment,atm,3,5,DE,False,10,0,2024-07-16
af8550893b76beb4,2858814fb98eb39b,258.41,purchase,api,10,5,DE,False,3,0,2024-11-27
7b1c1cb6290dcefc,da1ce756a9266d28,15.61,withdrawal,api,11,2,DE,False,18,0,2024-02-22
124eace3c94f3249,697080d3446d0659,138.03,refund,api,14,6,US,False,2,0,2024-01-03
ce56890775bcf22f,187336a7e7837268,51.57,withdrawal,mobile,12,0,CH,False,0,0,2024-09-23
a2b61808ce8ee2e4,45f6093c8d51c7cf,131.61,withdrawal,mobile,21,3,DE,False,8,0,2024-04-15
1aedbee981b403c8,ce668b20709dbda4,312.98,purchase,api,17,4,DE,False,2,0,2024-02-16
6918dc94bfd7afa4,ebc260a30110adcb,249.23,withdrawal,api,21,0,DE,False,25,0,2024-11-20
88bdb1cd5d329e17,9a95dfb5a96b3ab2,1050.22,payment,web,10,1,DE,False,13,1,2024-06-12
500792a88cfa26e4,f61e060c86948745,248.66,transfer,api,9,2,DE,False,30,0,2024-08-04
82d4682e1e2fed09,8fb1e2b799a1e70e,38.56,payment,mobile,13,4,DE,True,16,0,2024-04-17
a32099b4f9eae781,2bc450148c28b47a,600.73,transfer,atm,18,2,DE,False,24,0,2024-05-13
170f4bae98d18c3c,009d36e0c5c629be,110.66,transfer,atm,22,4,DE,False,9,0,2024-09-12
16c40a74342d3631,12f047c9e326e9ad,65.81,withdrawal,web,9,4,DE,False,6,0,2024-12-24
2e13e0d4908cfdc6,637dbf8360d5194e,11.93,payment,web,12,0,AT,False,12,0,2024-05-31
179483a6c0957666,701e668375016da9,39.05,purchase,web,5,5,US,False,12,0,2024-04-16
fcfc5ffa03d5faf8,ea41aee0b5febb6b,194.03,payment,branch,20,1,DE,False,30,0,2024-03-28
74ed32011e266913,486b5d75cd1afdcb,29.27,payment,atm,21,5,US,False,11,0,2024-02-18
bd422aa1d4fe3e6f,3d1981c5ee371d67,34.89,purchase,api,11,0,DE,False,21,0,2024-07-05
41e2b81709843eb6,567c594223514ff3,48.11,transfer,mobile,10,2,DE,False,5,0,2024-06-12
fbc486eaff29e175,a80add72462cd85f,185.24,transfer,web,12,0,US,False,19,1,2024-05-16
14f855c92fe66727,494d524e72dd81a6,3572.12,transfer,branch,11,6,DE,False,1,0,2024-01-19
00803e033fd32df5,7f4335560a6a3524,49.77,transfer,mobile,10,2,US,False,16,0,2024-10-11
19f355a1e750b0d8,28b1bf21489bea06,95.85,withdrawal,mobile,19,4,AT,False,25,0,2024-10-13
46049b387bdee302,39063b88013afa8a,21.45,withdrawal,branch,22,1,CH,False,29,0,2024-08-23
30d4c0e6c8b023e1,744d8a1d6cb48194,65.62,refund,atm,0,2,DE,False,11,1,2024-08-20
6876f41241d043aa,c03ffd1693bec76d,50.79,purchase,atm,10,4,DE,False,30,0,2024-11-26
ba9c89056bdabd1e,a83327220e8416d4,404.9,transfer,mobile,6,1,DE,True,7,1,2024-07-23
d0585fd66368505f,6ee604a0b16c2ac5,225.76,payment,branch,18,3,CH,False,27,0,2024-05-03
4bbd0cb66406cc30,de77ec1f76a7aec8,198.89,payment,atm,22,1,CH,False,4,0,2024-02-25
7acdab3d5eaec1da,9714754ba9ca7aa1,206.31,refund,branch,21,6,FR,False,8,1,2024-03-08
173b4694134565eb,cb70054de19693ac,46.87,transfer,mobile,8,5,DE,False,7,1,2024-04-28
5cae43a0c0b7895e,0fcdd235f2ddae38,7.03,payment,web,3,1,DE,False,19,0,2024-12-03
b191462f85fc501a,94c152bdf68cc6af,11.41,withdrawal,web,20,4,CH,False,22,0,2024-06-20
a4cfa1794e2d48bd,dfb2d8eaac985697,346.07,purchase,web,20,3,US,False,8,0,2024-12-22
dde74d05a48ec5e8,72fcea085bcfb91a,15.62,purchase,atm,1,6,DE,False,27,0,2024-08-20
714c5ab9bf72428f,e2c7515469a1306d,116.58,purchase,web,8,0,DE,True,14,1,2024-01-28
e49485ac2bcf4889,121110decabf1965,67.27,transfer,web,23,2,DE,False,5,0,2024-09-07
3050ae78d589ce6e,b4d5d08374e3b34a,63.25,withdrawal,atm,19,5,DE,False,14,0,2024-04-10
ce6eb3f4508186a0,0754188ebb01a7e4,159.12,withdrawal,mobile,16,1,DE,False,19,0,2024-04-05
909ba595715a8d83,af7c0a451d8bd57f,9.63,payment,mobile,16,2,DE,False,10,0,2024-01-15
1241139954c625b1,a38f7ac494b6d0a0,9.04,refund,atm,1,5,DE,False,9,0,2024-06-08
861232ba543f1a39,f87bb15bd53e109e,263.17,transfer,atm,11,3,DE,True,21,0,2024-10-17
746a481e076dbecf,8f1c9e592ba3b4de,109.99,withdrawal,web,8,3,FR,False,19,0,2024-04-10
6fe2db8a5338f397,62152f503ed652ee,329.11,withdrawal,mobile,10,4,CH,False,29,0,2024-04-16
4bc39cd6783c45bb,425b364d849378d4,98.82,refund,atm,19,0,AT,False,19,1,2024-05-04
29a132a6a114f8fc,4b5612a18aca755d,30.29,withdrawal,api,11,0,DE,False,11,0,2024-09-01
1e4f442a3a248892,8e7718b13ed59f5c,10.11,transfer,web,0,3,DE,False,28,0,2024-08-11
72e39ffce0b2c396,35d53b5d84d3da8d,329.63,withdrawal,branch,21,3,DE,False,24,0,2024-11-13
5a82b625451886c3,cfd4f236ea9babb7,47.75,withdrawal,branch,11,0,DE,False,18,0,2024-03-12
6ffa4731ed321fc2,e2c7515469a1306d,331.29,withdrawal,mobile,21,5,DE,False,21,0,2024-11-16
ac3873160d635b3b,84ccf3119a3a106d,991.13,payment,atm,11,5,DE,False,2,0,2024-12-03
1297cfb0c070a5ba,cf6a24668294f154,30.62,refund,web,20,4,CH,False,23,0,2024-07-24
a42782217a3a1893,2cee8df3253c6be0,86.13,purchase,atm,5,6,DE,False,24,0,2024-03-20
86d814f7462c862d,df5a7d4e1e07dca3,73.91,transfer,mobile,13,5,DE,False,9,0,2024-12-22
a860c686e49836fe,697080d3446d0659,234.98,payment,web,19,0,DE,False,13,0,2024-11-29
b5cdc7f0f21df837,9351b9869bfd640b,171.24,payment,mobile,5,2,DE,False,12,0,2024-08-15
556fb00d20ccd6f8,7b34c685f3fbc9e0,70.96,purchase,branch,20,5,DE,False,5,0,2024-11-17
b5dbc611c4d8afc4,93102f8c8c50d21e,82.35,payment,web,23,0,DE,False,26,0,2024-09-25
5d01b11377996c6b,6664780cf8339f06,17.1,withdrawal,mobile,3,0,AT,False,22,0,2024-01-11
8e42918daaed7f8d,2e7329697a5ef49e,30.21,payment,web,14,1,DE,False,23,0,2024-05-30
74a6143441ecb1c4,132dcfea7bd1abd3,29.42,payment,branch,9,0,CH,False,2,0,2024-01-21
cad4e8b04651cd4c,fa7732efe4772143,872.05,transfer,web,0,6,DE,False,6,0,2024-09-24
4acf2baa91b30dda,4d3e5e5ed93e8130,78.78,purchase,branch,0,6,DE,False,11,0,2024-05-16
b51e08abc6fa5ab2,4bff6814ca7d7561,48.09,payment,atm,12,0,DE,False,23,0,2024-08-22
b86a27dd35fc6a83,f130ec10be50dac5,59.11,purchase,web,3,2,DE,False,22,0,2024-08-29
0360adeb301e24c5,07b871ac172a9c35,31.52,withdrawal,api,6,2,DE,False,20,0,2024-06-15
38ba2ae53cc24e92,aefe81416a2fabaf,231.57,withdrawal,atm,6,0,CH,True,6,0,2024-02-08
5dc30c39929a4887,e56433ed5346f95f,24.54,withdrawal,web,17,5,US,False,23,0,2024-06-02
c750e7ff42be62a1,f850880759dff994,11.61,payment,api,13,5,DE,False,30,0,2024-04-30
6551fccef5f49340,cf6a24668294f154,723.17,refund,api,7,6,DE,False,3,0,2024-12-27
5631db94bcdd4412,9ea7371d4d87b646,54.3,refund,api,21,4,DE,False,27,0,2024-12-28
8e691a4821804194,101cbc670c03679a,774.9,transfer,api,16,3,CH,False,2,0,2024-10-29
a9c5830d19ee9e2f,d401c5577bb35cfc,814.9,withdrawal,atm,20,1,DE,False,1,0,2024-08-06
b8767a8647e01ad0,ff107396f163c985,159.54,refund,branch,20,4,CH,False,28,0,2024-02-02
fd58d5052361403c,c6ef2a45ddd2f617,24.79,transfer,api,20,5,DE,False,4,0,2024-04-06
99f80565aa0c730c,513c2e73b6e607e2,234.49,purchase,api,16,1,DE,False,16,0,2024-09-09
762ffdcc26661fc5,305c43f9ac88e981,110.09,withdrawal,web,16,4,AT,False,2,0,2024-04-22
9100310f37fa89b7,53900e3fadc042d3,156.44,withdrawal,branch,18,1,DE,False,7,0,2024-07-16
8df418d776a7190b,174082e445371ba1,271.59,transfer,web,2,3,CH,False,18,0,2024-06-15
48016c8a9f4de074,60bf64ac291e0e1d,35.98,purchase,web,21,4,FR,False,18,0,2024-02-26
97f4367311ed5e77,2cc5ecdf62ff6e89,21.24,refund,web,23,4,DE,False,30,0,2024-07-19
1b40fc115b447205,52f2608f0fdfd28c,78.19,payment,api,13,1,CH,False,26,0,2024-11-27
ddfdd24b97430129,4587b25745585a05,53.56,purchase,branch,13,0,AT,False,0,0,2024-01-14
f0d626ed7bba0340,379706e13cf85e7f,99.89,refund,mobile,11,0,DE,False,16,0,2024-06-28
3ed10e1086a66c08,e66d521b716e3bfc,323.87,payment,api,18,5,DE,False,4,0,2024-08-01
21f356029d29a829,39b28406376154b3,63.28,transfer,api,20,6,US,False,1,0,2024-02-17
cfb7ce5db5d12086,c2417da8ecc86cd2,10.7,payment,atm,19,4,DE,False,8,0,2024-05-01
a1d407ed6518fe92,63686e65207e190f,68.62,payment,web,15,3,DE,False,22,0,2024-01-21
1b66936dc9b82cf0,d386115847af95a5,25.34,transfer,web,10,6,DE,False,21,0,2024-03-31
87aed7dcd4d90bf0,430d5e560fc5effe,24.79,transfer,api,12,0,FR,False,1,0,2024-09-10
94e76fb3542cc442,f566318da79ba3a2,110.36,withdrawal,branch,15,2,CH,False,10,0,2024-06-10
ab918336faaaa547,f2caa0becd2c7c50,17.31,purchase,atm,6,4,FR,False,16,0,2024-01-30
3fe3f54df9a286e0,e2c7515469a1306d,133.77,payment,mobile,15,4,DE,True,0,0,2024-03-14
76e105a7b91214b0,674648194942cb9b,408.71,transfer,atm,3,6,AT,True,21,0,2024-10-22
ff76ba98b091ae89,f51d70a6070e06e9,31.13,refund,atm,3,3,DE,False,15,0,2024-05-13
25d945bbe0673032,3ecd8c40e835c185,27.04,withdrawal,mobile,18,2,AT,False,28,0,2024-02-08
fb6077b2fe9271e3,238a336ea811dc5f,2437.86,transfer,branch,3,0,DE,False,25,0,2024-01-20
36a90bc2a3ee1cd6,567c594223514ff3,406.79,withdrawal,branch,11,5,DE,False,2,0,2024-10-27
afd92be3cbbaf942,ccd42e485671dcd6,55.23,purchase,atm,19,4,CH,False,21,0,2024-05-20
8b1a6dccfffb395e,efd0f0ed55635551,17.8,payment,api,1,1,DE,False,14,0,2024-11-23
4e9807736e2d0140,9743d8af544024c4,53.48,transfer,branch,7,3,AT,False,19,0,2024-02-01
94603488918bee96,9b07df76ca908edb,52.88,purchase,api,9,3,DE,False,16,0,2024-11-30
523e84f056b96d30,d133b4740ead06a0,19.26,payment,mobile,9,4,DE,False,29,0,2024-03-21
012ab9a678bd6bda,39a30d3931fe5458,32.48,payment,atm,2,6,US,False,3,0,2024-08-06
8bad015c29d37abf,c7d3a2c6c0d0016a,101.61,payment,web,0,3,FR,False,10,0,2024-11-14
739d61fa8306f95f,5c10d75c21d92252,90.47,withdrawal,mobile,23,2,CH,False,4,0,2024-04-21
7f74aa22b992f85e,e1b74aaa16682d8d,215.61,payment,atm,23,2,DE,True,7,0,2024-10-08
5c2f8f85de27543b,399d361b0b750759,39.18,purchase,api,0,4,DE,False,19,0,2024-01-23
e7920f2eaad84f0d,7edd7493d09fd63a,129.41,withdrawal,mobile,5,5,DE,False,27,0,2024-12-05
841f381408d41d07,93102f8c8c50d21e,27.64,purchase,api,3,4,DE,False,16,0,2024-09-21
3f3239e885086002,ed76426daca5391c,129.68,transfer,atm,10,0,DE,False,19,0,2024-05-08
885a05ffd6607e26,90378b5f74c6c6ee,54.0,transfer,mobile,15,4,DE,False,15,0,2024-12-28
72eecd26d629ad41,14c52a5e0e180aa9,29.21,purchase,atm,7,4,CH,True,6,0,2024-12-10
d1c615c1a2206f4f,6da130da8af1e304,431.63,purchase,api,13,3,DE,False,0,1,2024-06-13
ba3aa2b7ed48d2fe,f3949495d1d258f1,374.49,purchase,web,20,1,DE,False,6,0,2024-02-04
8290e5c5af6783fc,dfa892259253e955,37.34,withdrawal,web,11,6,CH,False,23,0,2024-11-11
0ca6fb78120a4851,81d95c143c333ee7,57.56,withdrawal,api,22,1,US,False,7,0,2024-10-06
81711d6078ec5439,e600a61f7d1ab6b4,14.14,purchase,atm,23,3,DE,False,12,0,2024-07-19
a79912b979082ade,6ea67b24b77eb9f4,348.31,withdrawal,web,23,0,DE,False,4,0,2024-12-12
837aeee832f250cc,97e43872adefea91,156.91,transfer,branch,16,1,DE,False,15,0,2024-07-14
f404b4a669f96c9e,356a8c1e286f5d7a,50.96,withdrawal,branch,3,2,DE,False,14,0,2024-01-04
3b55408f2b815a68,189d6ab44a602ce6,10.24,transfer,branch,11,6,CH,False,30,0,2024-10-18
9b27e16feff9a95d,20d0575d08c7416f,352.04,withdrawal,branch,5,3,DE,False,21,0,2024-01-08
c27487d9a99ce28c,f431ecb7711615b0,358.37,refund,api,7,4,DE,False,10,0,2024-12-02
6e55b33942aa44e7,cfc24bfff76187ec,123.75,payment,api,8,3,DE,False,8,0,2024-07-22
3aa97eee6818b0a8,7be3f805babdce8a,92.81,transfer,api,21,6,AT,False,2,0,2024-12-01
8c1dcbe94c4d8c9a,cc721155c46c346a,41.84,refund,mobile,14,0,DE,False,17,0,2024-03-16
29fb7848ce9bba5a,289fad8aadc0b5a7,361.05,withdrawal,api,7,2,DE,False,8,0,2024-03-08
2262a8f91f9bfaa9,09b6ec1156b1654d,155.98,purchase,mobile,17,2,DE,False,5,0,2024-02-01
c7e55356c507b042,7a7c8d4f2020eaf9,196.38,purchase,api,16,3,AT,False,19,0,2024-10-12
5bd8751a27fa04be,cb70054de19693ac,155.13,purchase,branch,6,6,DE,False,15,0,2024-08-12
53dbdebe8b0855c5,2f6a7cc25b5c97ab,83.07,purchase,api,14,1,DE,False,2,0,2024-07-27
98938c4323580069,2a2d3abde32ffed3,290.01,payment,branch,6,3,FR,False,7,0,2024-09-10
5e61cbd3677b5357,149396c4c5912808,129.91,payment,api,22,6,DE,False,27,0,2024-03-02
517a7b89182032eb,3d9d6ee6fa361a6d,6.14,purchase,api,23,4,DE,False,23,0,2024-07-20
e319fa282c428391,267e625565404acc,30.53,refund,mobile,4,2,DE,False,28,0,2024-08-04
598690338251b6db,c8d33b0935001a63,28.59,refund,atm,14,4,DE,False,11,0,2024-04-08
81f38aed66ae9481,cca7ef7141361fdf,57.53,refund,web,0,6,DE,False,2,0,2024-08-14
acd5619f315eebd0,6ee604a0b16c2ac5,44.65,withdrawal,branch,3,0,DE,False,5,0,2024-02-03
a04252deb4a47015,e1b74aaa16682d8d,14.39,payment,branch,2,6,DE,True,26,1,2024-08-21
d12eccdbab7a7aad,80bcb8bfbd90af5c,316.06,payment,mobile,3,6,CH,False,9,0,2024-10-10
f11db3932df3702b,6776e8e7006dfcf2,32.17,payment,mobile,11,1,DE,False,23,0,2024-03-30
ef6ac56a6e1e3678,a6acf3ec3917ed9a,189.25,refund,web,9,4,DE,False,27,0,2024-08-17
df3d87325cafbef4,b53861bc6e140d22,58.57,transfer,atm,17,1,DE,False,8,0,2024-04-20
feb54353eb874048,f7599fffc0d52239,46.95,transfer,branch,15,4,DE,False,7,0,2024-08-09
51b41e86087ae047,90aea48fe5e82c00,29.38,withdrawal,atm,23,2,CH,False,3,1,2024-07-25
663a50e9acec739b,e5847d6824a5e200,309.69,payment,branch,22,6,DE,False,18,0,2024-11-11
aa740598ebc0dee8,ea76132d9f572ff4,46.88,transfer,atm,1,3,DE,False,28,0,2024-10-21
ba347978c569d7e3,299b90f63d80b474,240.94,transfer,web,3,1,FR,False,4,0,2024-11-10
b7f2d73daa6b4703,5f45a4b8ebe17768,6.64,refund,web,3,2,CH,False,30,0,2024-07-07
84d4cf0462ad3888,0144e4b8227cbf3f,57.87,purchase,web,13,4,US,False,20,0,2024-09-19
4a2703d1869e42f6,2160957767334b7b,2268.23,payment,atm,21,5,DE,False,0,0,2024-12-24
e4b1f050fcc71c82,a265fd09e4a67210,257.52,transfer,branch,0,2,DE,False,3,0,2024-02-25
815f692f5a8de624,18f69bcd2f9cc9c3,325.96,refund,atm,19,5,AT,False,4,0,2024-12-15
fa573c1fb99835ac,f130ec10be50dac5,316.88,refund,web,19,6,DE,False,2,0,2024-08-01
6db5beb13a083fc6,ccd42e485671dcd6,788.13,payment,atm,18,2,DE,False,12,1,2024-10-18
312231fe6e912568,11b0f22fe097ebd1,64.03,payment,web,10,6,DE,False,13,1,2024-07-16
4d427cc155ffca59,f566318da79ba3a2,38.42,transfer,atm,19,3,DE,False,27,0,2024-01-18
0e5a26adacea467c,76aa547f97a0017c,33.7,transfer,web,11,1,DE,False,30,0,2024-03-29
a77f1d89676a6aca,a80add72462cd85f,146.01,refund,api,0,6,AT,False,15,0,2024-07-29
c872459d41595ecf,3bb87dfe7d08315a,128.21,withdrawal,atm,3,5,DE,False,5,0,2024-01-17
ba5066a913021a63,e6f577c090d9035b,20.87,purchase,atm,3,0,FR,False,11,0,2024-02-20
ddd838f2acb47d52,ebba17080438114d,166.26,purchase,branch,15,3,DE,False,21,0,2024-03-20
e01cba96b1c90056,bdce091f2454ef15,44.85,purchase,api,22,0,DE,False,19,0,2024-10-29
f8a793e07166ba26,cf5b8dacc43023aa,195.71,transfer,atm,17,6,DE,False,25,0,2024-10-05
ff33f2df20435f2e,250219c2401f56a4,79.52,payment,mobile,1,2,US,False,13,0,2024-12-18
7f5fe9b8305713c0,20afa56bf367ac54,94.65,payment,branch,8,4,DE,False,25,0,2024-01-12
d36b3f98d9f65c54,7817ec45dfccddb9,166.86,payment,atm,0,2,DE,False,3,0,2024-12-29
84a84b01d0c68c68,3b9b7927f45a9da6,94.36,payment,mobile,21,1,DE,False,3,1,2024-10-25
9762b211c529335c,8d86e1749618f528,139.77,withdrawal,mobile,22,4,DE,False,11,0,2024-05-19
26e2eae1015cbeeb,dfa892259253e955,34.05,refund,api,14,0,DE,False,19,0,2024-03-07
5555e08ea83d9f09,8af0aecac4084a0d,39.08,payment,branch,13,0,DE,False,9,0,2024-04-29
18b784bb43986c84,52ad3664a4d05665,15.93,refund,branch,23,2,FR,False,21,0,2024-02-09
bc7b292518819352,11c1d84fadb1c7c2,48.06,withdrawal,api,2,5,CH,False,2,0,2024-12-29
8d3088cacd689cec,ce132dfabb90cfec,13.45,payment,branch,14,4,CH,False,11,0,2024-07-18
b1d62f4d73094abe,f68f4bdc055c2fa3,81.75,transfer,api,23,5,AT,False,12,0,2024-02-20
a883a3ba4e683cee,22a8ddf01d9d2df3,42.84,transfer,mobile,16,0,AT,False,19,0,2024-06-09
13b4734d3dfb6320,d3654c09e096b5bd,767.53,payment,atm,23,4,DE,False,28,0,2024-05-18
c323122edd6c8f2a,2f018d859cd898b5,95.07,refund,mobile,12,1,DE,False,5,0,2024-12-24
e21c52970b054621,54bbd2fc294c7d06,86.76,payment,web,11,4,DE,False,11,0,2024-10-20
8427021aa3edb010,67206c8525e04df6,689.78,payment,atm,10,2,DE,False,11,0,2024-07-07
39887698b2c31dfc,350d9ea9aab807a6,126.41,withdrawal,mobile,4,0,DE,False,9,0,2024-09-25
8e6b9409da28d4de,48373bfa03a95bc5,104.13,transfer,web,4,4,DE,False,5,0,2024-02-24
6253d20c72d1cb8d,fc7409b846103218,265.92,transfer,web,9,5,DE,False,24,0,2024-05-05
1f2d2659051aef33,21074e734f33a890,214.21,withdrawal,mobile,1,1,DE,False,27,0,2024-01-09
f4f3e34820876bb8,27c92834df097d11,33.02,withdrawal,branch,9,6,DE,False,7,0,2024-09-01
57b9f1c88cce3881,513c87b51b9ca1fc,279.68,withdrawal,atm,21,4,DE,False,15,0,2024-01-13
dbbdc36bc3d410fe,0bb1d61fa1b0f993,160.36,withdrawal,api,14,3,DE,False,19,0,2024-09-22
7102aedf6d6d735e,601c7b8334f16768,79.33,purchase,api,13,5,AT,False,6,0,2024-08-17
bd6feb066baa6912,0fcdd235f2ddae38,74.44,refund,branch,14,1,AT,False,6,0,2024-07-29
2e476bc0ac41458f,564c3c628e93587c,401.13,payment,atm,20,1,DE,False,4,0,2024-09-04
80fd3e98b0f880b3,a6acf3ec3917ed9a,53.78,withdrawal,api,23,1,DE,False,4,0,2024-10-09
b5c77282acae1d15,f403324a35c8b2f5,205.71,payment,branch,2,3,US,False,19,0,2024-08-29
8f504aad6dc7a7eb,14c52a5e0e180aa9,63.59,purchase,web,3,4,US,False,18,0,2024-02-04
72ca5e3cea0e7724,37f3b479dac1617b,25.16,refund,branch,4,1,DE,False,15,0,2024-11-27
210524cc95e86b17,fec6726221782e14,574.04,payment,mobile,12,2,DE,False,5,0,2024-06-03
e75c419e5890fe03,7efe72eedea1bcc7,337.84,withdrawal,branch,23,4,CH,False,25,0,2024-11-27
4b12a36895f495d0,5054f7ce5a98862d,85.84,refund,web,11,5,DE,False,2,0,2024-09-11
957fb6e3092ad818,5a4f09026b5bd8b5,43.9,payment,web,4,5,DE,False,16,0,2024-03-28
e6c2c0a6ed8da418,3bb87dfe7d08315a,53.67,refund,mobile,12,3,DE,False,9,0,2024-07-22
b5f50d72340070ac,271851a35dd63fe7,17.36,purchase,web,16,1,AT,False,20,0,2024-08-16
bdce394b08947043,781a084a4e5ce34e,42.58,refund,atm,11,5,DE,False,22,0,2024-11-24
407770d04873fd40,6a3cbb64234ba753,200.81,refund,web,10,3,DE,False,3,0,2024-06-20
5e1b16f1cf7bcb87,79ae08fe23fd6203,733.04,withdrawal,atm,21,3,DE,False,0,0,2024-11-03
24262b6ca1a44e42,a20770f994d8bc93,213.02,purchase,web,9,5,DE,False,6,1,2024-01-11
df456d98c2ddd970,2709c6d24922d50e,86.95,withdrawal,web,4,3,DE,False,5,0,2024-04-03
3cfb8e53cb1ece73,f9d1e3c71170b16f,134.93,purchase,mobile,8,0,DE,False,20,0,2024-03-24
1230cbaa6c26b4f3,3b04333b896699f3,75.65,withdrawal,branch,10,1,FR,False,29,0,2024-05-18
bcf0fdea68c1d024,2a1e1653e82c76a2,77.36,transfer,mobile,0,1,DE,False,0,0,2024-10-19
6a8df61a0d9eb23e,224fb9a274e0418f,28.54,payment,atm,16,3,DE,False,14,0,2024-08-12
18d65a33d6565c2a,c57e3d97aeb40ec3,68.4,transfer,mobile,3,5,DE,False,26,0,2024-04-09
a9ab30ee257b3dc0,f6b58d54c79a7cd6,31.34,payment,branch,23,2,DE,False,12,0,2024-02-28
5b4c578115c015ab,f78adc53ffb3b0e6,534.02,withdrawal,atm,4,1,DE,False,8,0,2024-01-14
783597bd8f320f24,c35c0ec39826d510,20.76,purchase,branch,12,5,DE,False,25,0,2024-05-05
6be12de090e501a6,76aa547f97a0017c,83.15,purchase,branch,18,6,DE,False,0,0,2024-08-08
fa75dbca86fbafc5,3dafdba89e78ae73,143.57,transfer,mobile,1,3,CH,False,6,0,2024-12-16
8eeed548761b2521,250219c2401f56a4,463.21,transfer,mobile,17,3,DE,False,19,0,2024-09-16
62488684d9f3356b,d9ce79fc0372e327,31.33,withdrawal,mobile,17,5,DE,False,24,0,2024-12-19
55a2797a4939e85c,1a13581cb12c0831,57.72,purchase,mobile,16,6,CH,False,3,0,2024-04-15
38c53e6346ac90c3,692810cfefcfecae,131.66,refund,mobile,6,4,DE,False,5,0,2024-08-26
590f4fa3edd10cd9,705161d2912988f8,56.6,refund,web,12,5,DE,False,8,0,2024-11-08
ac8ec7388088d32d,399d361b0b750759,106.75,withdrawal,web,22,1,DE,False,23,0,2024-11-19
4c1288e366ff35c9,36d6a41bcef939ab,14.31,transfer,api,18,3,DE,False,28,0,2024-07-14
d46ada6cd22c4655,12f047c9e326e9ad,324.49,payment,atm,15,5,DE,False,30,0,2024-08-06
e513db0bd308c304,c2ae9458e7377ef2,408.75,withdrawal,atm,9,0,DE,True,25,0,2024-09-07
c74fb20be319d67c,5722d73095abd727,222.88,purchase,branch,1,2,DE,False,24,0,2024-03-27
f0e23126a06b7d47,a1afea0794aed73b,407.61,purchase,web,9,4,AT,False,27,0,2024-10-26
d6b0cfae457e8901,3571056f372526fb,17.81,purchase,mobile,5,6,DE,False,19,0,2024-02-29
82537bd643fefca1,fedfe36dcf07da5a,335.83,payment,mobile,11,4,AT,False,5,0,2024-10-24
fcfc9e286520e576,12f047c9e326e9ad,68.4,transfer,mobile,4,6,DE,False,7,0,2024-02-06
c962bea2662da81c,9e7be26c3c0f3326,51.43,purchase,branch,2,3,DE,False,5,0,2024-05-12
2fb7c6403145e284,8ec955a8557fc25e,343.54,refund,api,7,3,DE,False,17,0,2024-12-05
e3c0092d327715f6,7ec26dd45a2ecad7,200.66,refund,mobile,12,6,DE,False,20,0,2024-07-18
684fc43684e04ded,6292e6c448e5f12d,97.01,refund,web,17,0,DE,False,10,0,2024-01-13
af7324f975ed6d62,fb31b871b8a3adab,42.38,withdrawal,web,19,1,DE,False,0,0,2024-01-03
45d48010e0991c87,3c67301ba053ad47,397.3,payment,atm,4,5,DE,False,9,0,2024-03-31
dbb9b2196bdde82e,6ad8a65f8b886422,215.69,transfer,mobile,21,3,US,False,19,0,2024-10-19
da489dbd16e74069,009d36e0c5c629be,33.6,purchase,mobile,19,1,AT,False,30,0,2024-10-20
9e66efa88c8dfe84,1df807fa2247cd59,67.19,refund,web,19,6,DE,False,20,0,2024-08-01
f678c3c9460001d3,9cca632d144505eb,15.6,refund,api,0,4,DE,False,8,1,2024-04-16
b5abdd265b966e58,d504b2be039b67e9,69.06,transfer,atm,9,2,CH,False,11,0,2024-03-10
ac44e7f12a47bc6f,cc3e28643aee16ef,80.12,purchase,mobile,5,1,DE,False,11,0,2024-06-12
982fa178c33ea255,bd246b4341e55fef,230.2,refund,mobile,5,4,FR,False,11,0,2024-12-26
945f62be56af53b9,697080d3446d0659,27.9,payment,branch,0,4,DE,False,9,0,2024-06-15
66fb7e41c11416ce,c6ef2a45ddd2f617,32.71,purchase,branch,23,0,FR,False,26,0,2024-03-17
29393555af45b79a,1a13581cb12c0831,116.18,withdrawal,branch,2,5,DE,False,29,0,2024-12-03
229ec00853b2fb68,305c43f9ac88e981,79.94,refund,web,18,5,DE,False,12,0,2024-07-05
df3fbd3e7f8941f7,187336a7e7837268,18.96,transfer,branch,18,5,DE,False,28,0,2024-07-12
a41a66c0428fd40b,e2c7515469a1306d,145.35,refund,api,18,0,FR,False,26,0,2024-08-14
8fe3c85d7ed0a865,224fb9a274e0418f,38.12,withdrawal,api,22,4,AT,False,3,0,2024-04-30
f99ee5a1d84baa4c,a2e84703fc42e1ed,333.3,transfer,atm,4,2,DE,False,4,0,2024-03-02
cb504e9f7ecaa5d6,5e69702a05aeb8c9,68.05,withdrawal,mobile,5,1,DE,False,9,0,2024-11-26
a60caf2cbf0a2a79,310b642934f57b26,214.78,refund,web,21,5,CH,False,0,0,2024-05-11
0389329872585b4a,a8e77b8a8ffb5b81,29.51,payment,web,21,1,DE,False,7,0,2024-06-16
0d8f6669bf46d7cb,27c92834df097d11,91.46,transfer,branch,3,0,DE,False,30,0,2024-04-21
0ebe3e106a8c2c9c,9a95dfb5a96b3ab2,285.17,withdrawal,mobile,2,5,DE,False,21,0,2024-02-03
8997cbacdb2da681,6bf2a2cffbf5c19d,1242.62,withdrawal,branch,20,0,AT,False,27,0,2024-05-04
e4787681f226ebda,601c7b8334f16768,160.59,transfer,atm,9,0,DE,False,18,0,2024-12-18
22ae79632cc9dd83,046fa5773922c5d8,26.93,refund,mobile,18,5,DE,False,10,0,2024-12-18
ecbfe15b90ef0ef5,03317b602209d5a0,22.71,withdrawal,atm,14,0,DE,False,30,0,2024-02-21
7f74f28c0626f03c,262d379b1a935bf1,130.53,payment,branch,23,1,DE,False,19,0,2024-06-03
f19ddcf32617bcbf,719634f087c58b78,37.01,payment,mobile,6,4,US,False,7,0,2024-12-20
4cc228690b42762f,220587bd50b23c82,55.05,purchase,web,15,6,DE,False,7,0,2024-02-10
0630976259331f9a,319fdc2d4e45cd71,89.56,payment,branch,19,6,FR,False,7,0,2024-03-30
d258367973a25328,310b642934f57b26,73.45,refund,atm,0,5,DE,False,14,0,2024-10-31
489d4c2dad5aab77,1383c0e777d7e42a,79.15,payment,atm,2,4,DE,False,2,0,2024-02-24
8d428dfb4d8581d4,2aa6d7b211ac3c1c,57.1,purchase,atm,23,5,FR,False,8,0,2024-05-12
48bf30a2d9383813,cf5b8dacc43023aa,116.58,withdrawal,atm,7,0,DE,False,25,1,2024-07-19
536466b70cdaed79,88cfc5a51b95e5d1,227.0,withdrawal,web,7,4,CH,False,12,0,2024-05-24
c2a4216ae7da6587,95d9b7dd6a49d3a5,45.58,payment,api,9,0,DE,False,21,0,2024-11-11
0905a5b6de4101d0,eab35ba465ec4495,61.87,payment,mobile,16,2,DE,False,24,0,2024-04-07
d265a2278182ace4,4bff6814ca7d7561,138.42,refund,mobile,9,1,FR,False,21,0,2024-11-12
6a9efa243cd13ff6,299b90f63d80b474,11.59,purchase,branch,7,4,DE,False,22,0,2024-10-21
714fbbc92d4e8e06,90d800f496e91751,6.92,withdrawal,mobile,15,5,DE,False,5,0,2024-02-19
ae7bd2ab59e0b014,fedfe36dcf07da5a,82.29,purchase,atm,6,5,DE,False,11,0,2024-11-06
a7d95ff720fcec47,dfa892259253e955,62.96,refund,atm,16,6,DE,False,17,0,2024-02-01
591564099f75a571,9ea3c99ef5cf605a,119.34,transfer,api,10,2,DE,False,14,0,2024-12-24
aa58548529e14896,3b522e0c4debdf10,198.23,transfer,web,9,4,AT,False,29,0,2024-05-09
cf8330ca5e8149dd,4e061814b1e7346e,18.08,purchase,mobile,9,1,DE,False,15,0,2024-06-07
781356ab05449ad4,3cdd1af24469afca,389.79,purchase,branch,0,1,DE,False,13,0,2024-04-28
bd899aae658b02ec,bd246b4341e55fef,161.71,refund,branch,10,0,DE,True,0,0,2024-12-01
b8b5e1ddfeea4217,3dafdba89e78ae73,200.43,purchase,web,11,5,DE,False,23,0,2024-01-26
c010afc7a95250c8,4d3e5e5ed93e8130,38.78,payment,api,4,6,DE,False,6,0,2024-01-03
5950052b023b0282,c848f2790122e6c2,118.17,payment,web,9,3,DE,False,27,0,2024-11-11
5826a2e9912e766b,9138a33ef327e1ff,22.1,withdrawal,atm,4,1,DE,False,19,1,2024-11-09
c0d368a2ed02a8ab,9a3d64fb99829a96,331.95,withdrawal,atm,12,4,DE,False,12,0,2024-04-17
845d1e29979820cc,bb1163efc37aff0d,461.56,withdrawal,branch,10,0,DE,True,22,0,2024-04-12
84014bee134d1e0f,37f3b479dac1617b,76.07,withdrawal,atm,18,0,DE,False,18,0,2024-05-28
72c82cb1b319de66,a80add72462cd85f,381.39,transfer,mobile,9,5,DE,False,24,0,2024-01-22
6e51e3cccaefb4b7,81124da40b852087,2221.19,purchase,web,17,5,CH,False,3,0,2024-09-29
939088b16f36e2b1,c50eda8600c290eb,23.08,payment,branch,21,1,DE,False,2,0,2024-07-11
4d2585652f245877,e3d44afee8442cdd,629.43,purchase,api,21,3,FR,False,4,0,2024-12-09
8bd413f4362850ee,9368a3af2ec5e010,42.22,withdrawal,mobile,11,3,DE,False,28,0,2024-12-01
981d59106641c769,3248a73959fbd3f3,36.47,purchase,mobile,16,3,DE,False,22,0,2024-06-05
5612d82327e7c2dc,c03ffd1693bec76d,90.57,refund,mobile,1,1,DE,False,19,0,2024-06-13
acc64c097047be52,aefe81416a2fabaf,156.62,payment,mobile,19,5,DE,False,16,0,2024-11-11
6f00cb7c7ece09e2,88945f8b56dcf41d,122.65,payment,web,12,6,AT,False,6,0,2024-04-04
853dfd5228e2a780,29888b944b65e29f,25.15,transfer,atm,18,3,DE,False,22,0,2024-10-12
9d7870449ea98097,c8548340e292f8ae,128.71,transfer,web,2,0,DE,False,20,0,2024-12-20
49e3811d1d9cd21a,23e537df4abbfd88,247.08,withdrawal,atm,9,4,CH,False,4,1,2024-05-18
842e283a7cb61cca,686c007f83d0eac1,22.99,refund,branch,0,1,DE,False,23,0,2024-08-21
d9457fa680994009,356a8c1e286f5d7a,115.72,withdrawal,atm,23,5,DE,False,7,0,2024-01-14
1085398cb2c5da65,6796a86bf89380a4,139.78,payment,mobile,20,3,DE,False,1,0,2024-11-01
26994506766ff2ff,19283f997756204e,32.31,purchase,atm,11,0,DE,False,1,0,2024-09-09
adc699e912e55759,4b5612a18aca755d,235.21,transfer,mobile,22,0,AT,False,3,0,2024-08-07
61826203d5a6348b,82c0794d896302f7,562.84,transfer,web,5,3,DE,False,27,0,2024-06-04
ee0eb94f1a428511,6a623adabb546f28,157.74,refund,mobile,20,4,FR,False,29,0,2024-03-22
5b3faf74f6d020f0,8595ddc66d3b9017,109.82,withdrawal,api,1,4,CH,False,27,0,2024-06-01
f3913943af31fa0a,6ad8a65f8b886422,63.29,purchase,branch,6,6,DE,False,22,0,2024-03-30
8525d8e35570c6f5,8ed82341e506bba1,212.55,purchase,atm,15,3,DE,False,21,0,2024-09-11
b852a8780d03e85f,2589298c9144818b,177.04,refund,branch,11,6,DE,False,23,0,2024-07-30
cde2a13456e4636e,12e63a843a011c35,45.46,payment,atm,18,5,DE,False,27,0,2024-06-18
28ab5c9d15e804a9,ccebfc7b59f7809a,90.59,transfer,branch,8,3,US,False,11,0,2024-10-06
e64606a81a130a5f,f7af4dc3737fd9e4,208.08,purchase,branch,0,5,US,False,16,0,2024-04-03
f3fe537a94120f44,ccde1e88c9dacee8,35.41,payment,branch,4,6,DE,True,25,0,2024-03-24
8cd1754bb58daf45,124e6a8ca5919757,126.57,withdrawal,mobile,3,1,AT,False,17,1,2024-10-24
251f5888543f34fd,707dfe078e749c2a,147.36,purchase,mobile,15,3,DE,False,3,0,2024-05-30
d40724515e70395d,97e43872adefea91,75.14,purchase,web,10,5,DE,False,30,0,2024-07-08
bebafbb7238359b0,f6f0f3fb39eda772,430.72,refund,atm,7,5,US,False,16,0,2024-05-30
30b60ae2ae0feef0,6e4f134425053dd5,354.05,refund,web,13,4,DE,False,29,0,2024-11-27
146d012c6c3a4497,26a276ce458d11ed,149.92,refund,branch,20,5,DE,False,0,0,2024-01-23
2c95e3673c9ddc5b,39b28406376154b3,109.63,withdrawal,api,14,1,AT,False,9,0,2024-08-04
617a5204f030e5a1,6ee604a0b16c2ac5,126.57,payment,web,10,5,DE,False,24,0,2024-07-18
566674f84ee998ab,342bc2899163338d,593.63,purchase,atm,1,0,CH,False,15,0,2024-09-23
c70220ebfd934c8d,ce132dfabb90cfec,20.14,withdrawal,atm,19,5,DE,False,22,0,2024-01-09
af64e4c417ddb4de,ac1307fe013f478f,92.39,payment,api,5,4,DE,False,10,0,2024-01-19
6f2a676a4087fd64,a4390b8020481075,79.16,withdrawal,atm,1,5,DE,False,28,0,2024-01-25
4c2b6f6fc1aa4c50,2cf007913545eeb5,34.35,purchase,branch,0,6,CH,False,18,0,2024-12-02
93cada14ca5a4f7e,3b3d64cca5a929f3,9.98,purchase,api,8,0,DE,False,3,0,2024-10-04
0591849c2e3718e3,6463222113544c6b,343.09,purchase,api,10,6,AT,False,11,0,2024-03-22
d2bd8e567d2e8c1f,62b313b1a9ca029d,83.0,purchase,api,19,6,DE,False,19,0,2024-02-26
1af1af6fa96c1b11,461896e94fb5a53d,49.84,withdrawal,api,0,3,CH,False,20,0,2024-08-05
3c51a2ed6963b01d,32dd4f34e06d50d9,4.29,transfer,web,19,6,CH,False,18,0,2024-07-15
579ddc39bb97222f,a8167c6a875a70a9,72.73,refund,atm,6,4,DE,False,13,0,2024-09-01
d255bdfe807297ef,3e042f9b7a6568c1,119.46,withdrawal,api,22,0,DE,False,15,0,2024-09-27
a924465238e0452c,5e69702a05aeb8c9,98.32,payment,web,23,1,DE,False,10,0,2024-03-22
6aaf521c73a456f9,5d57564f1c1f0033,39.03,transfer,atm,2,5,FR,True,14,0,2024-02-20
e51408c2051924f9,ef33a9a3135f3db9,86.38,refund,branch,7,1,AT,False,26,0,2024-01-21
b6d439aed5679592,9ec68a9aa1445e62,92.57,transfer,mobile,23,0,CH,False,5,0,2024-06-05
20964561ec48e46a,7b34c685f3fbc9e0,100.99,transfer,atm,3,4,DE,False,24,0,2024-07-31
66168a8cc9115c1a,2c0e7544e635fc12,41.32,payment,web,9,1,DE,False,19,0,2024-01-08
d35bdcae2461e5ba,54134e1b407907c1,435.32,refund,atm,5,1,DE,False,1,0,2024-10-03
72d69a0183d8f520,c35c0ec39826d510,194.66,purchase,atm,6,2,DE,False,29,0,2024-06-23
314707e2615b4446,4ae94faa21f10177,202.29,withdrawal,web,15,1,DE,False,16,0,2024-07-28
660da56cfddbf54e,ec2d062aff8a7a9f,39.35,payment,atm,4,4,US,False,19,0,2024-07-07
ad182e3fb4df088c,1316e2a487ca2390,72.6,purchase,branch,0,5,DE,False,16,0,2024-02-24
bb09e24160a0d024,bb1163efc37aff0d,689.4,purchase,atm,23,5,DE,False,6,0,2024-10-21
c5e6174c38a60610,319fdc2d4e45cd71,6.69,withdrawal,web,20,6,DE,False,8,0,2024-07-12
2a58bf9dc8e0c5ec,28c2b9d5a3056adf,585.1,payment,api,4,6,DE,False,16,0,2024-10-26
d48599956e28f708,47b414bee807800f,121.36,refund,atm,23,4,DE,False,14,0,2024-12-03
b04f96891168a222,5a928ed4234138f0,193.04,withdrawal,atm,4,5,DE,False,13,0,2024-05-11
3edc3aaa9549f3aa,0eee2a184ccd2544,69.06,withdrawal,atm,8,2,DE,False,15,0,2024-02-04
61230b1d607dd8cd,4a178282c5ca18d1,48.1,withdrawal,mobile,22,4,AT,False,25,0,2024-07-13
55b51ab13887ab05,9a95dfb5a96b3ab2,784.81,withdrawal,mobile,2,3,FR,False,2,0,2024-11-01
96177d9e854d2532,cfd4f236ea9babb7,32.8,refund,api,15,2,DE,False,6,0,2024-09-04
66e6e48ad915644d,ea077a5eb6803562,34.27,transfer,atm,0,5,DE,False,6,0,2024-02-20
f616e698289cc41b,33027c5d86ee9f67,54.27,transfer,branch,4,0,DE,False,19,0,2024-04-20
6cb6c47d4d620284,09b6ec1156b1654d,39.97,payment,branch,7,1,DE,False,19,0,2024-11-17
b462bfce07af9804,901cca668dced61d,192.44,transfer,branch,11,2,DE,False,25,0,2024-07-31
734bf07244369287,fb09b981a66b5455,97.38,withdrawal,web,23,0,DE,False,16,0,2024-12-18
491105131f091873,299b90f63d80b474,100.77,payment,api,3,0,AT,False,8,0,2024-03-02
880964b3c9dae2d8,6a168ae298a97d31,865.06,transfer,atm,4,6,DE,False,6,0,2024-10-28
465081349195e7c0,b4d5d08374e3b34a,15.69,transfer,mobile,9,4,DE,False,24,0,2024-03-06
6ace23a69a028516,a6e44b308296a3d0,674.93,transfer,mobile,9,1,DE,False,20,0,2024-01-17
9da3bb456da85f42,289fad8aadc0b5a7,81.96,transfer,mobile,4,2,DE,True,16,0,2024-12-06
f5d3c1cb801f0d5d,5e69702a05aeb8c9,173.75,withdrawal,branch,16,1,CH,False,29,0,2024-03-10
bec23e2abf8684e3,174082e445371ba1,248.4,purchase,api,17,4,DE,False,2,0,2024-06-04
232bdcad8f3e0fa1,097fd8b6f9a08ae3,684.75,purchase,mobile,8,2,DE,False,1,0,2024-10-19
1d8db124f1e33fd2,6e46faafb066708e,119.9,transfer,api,6,0,DE,False,14,0,2024-10-22
42113393fc2ae887,2084cdf8c9db19c7,23.05,payment,web,17,0,DE,False,0,0,2024-08-26
995f12f4e03c06d9,52978548f0059668,69.63,transfer,mobile,3,3,DE,False,11,0,2024-01-18
73edb8d52fd99873,513c2e73b6e607e2,198.66,withdrawal,mobile,18,6,FR,False,20,0,2024-05-18
d6216b4cf3031976,5fa82ac52c1823ed,184.58,refund,atm,11,4,DE,False,27,0,2024-03-31
7ad4a8d66fcd9db0,21074e734f33a890,98.65,transfer,branch,4,2,CH,False,19,0,2024-01-17
8b7eb662b6dbf61a,b626377d5234383c,145.23,purchase,mobile,7,3,DE,True,25,0,2024-05-30
6ee42a08253952d4,e1b74aaa16682d8d,156.85,withdrawal,mobile,4,4,DE,False,28,0,2024-06-21
cea7b4c72da2d598,e63445ba373e1c9e,814.55,withdrawal,branch,12,1,CH,False,2,0,2024-06-30
94766c25f72376e0,5a928ed4234138f0,311.97,transfer,branch,10,1,DE,False,27,0,2024-03-22
275092ff155d22d2,a4390b8020481075,440.66,withdrawal,branch,13,3,CH,False,4,0,2024-12-23
e344afe81149c5e8,567693f9de40afdd,57.55,purchase,api,0,2,CH,False,10,0,2024-03-14
980ad3e51176bd7b,244f782635e02474,156.99,payment,atm,19,6,DE,False,4,0,2024-11-05
c49723cd8d2b34f7,692868edafe1ed22,100.16,transfer,branch,2,4,CH,False,29,0,2024-12-21
bb6a2cf662ce9a3b,97b20d27eeac7dcf,471.1,transfer,web,3,3,DE,False,27,0,2024-10-16
08337a51598f489c,35d53b5d84d3da8d,2.34,payment,atm,8,6,DE,True,11,1,2024-05-13
c1b594324085d76e,ae956de840bb1be2,334.1,payment,api,13,6,DE,False,16,0,2024-09-26
c5d3459c9132c667,455d12da511ab656,452.91,withdrawal,atm,20,4,DE,False,14,0,2024-12-30
ca711a3dba072230,7d3b0e86e95f0ad8,42.11,withdrawal,mobile,20,4,DE,False,24,0,2024-04-19
a4b78d59d2a7bc8b,ce52540e7c6e8d1c,122.32,withdrawal,branch,16,2,DE,False,21,0,2024-02-01
9e271bb3d54a1cc7,c03ffd1693bec76d,102.41,purchase,branch,5,6,DE,False,16,0,2024-09-28
4349d797bd21ad5e,7e6231315e2ab6b2,104.55,purchase,api,21,6,FR,False,11,0,2024-11-04
bb31b2b92dd8f7e1,3b3d64cca5a929f3,33.77,purchase,web,20,5,DE,False,4,0,2024-03-28
14de1d815131660c,2a1e1653e82c76a2,78.25,payment,mobile,23,6,DE,False,27,0,2024-07-16
0896801c379613d1,53900e3fadc042d3,13.64,refund,branch,11,3,DE,False,5,0,2024-05-05
6fc5d972e23d9211,8764514397de911c,22.46,purchase,atm,3,4,US,False,18,0,2024-12-02
82b617713b1511a4,c3d8cf379d11afd5,72.06,payment,branch,18,6,AT,False,23,0,2024-09-25
d56067491e45f1e2,124941d12cb83091,109.51,payment,branch,2,6,DE,True,7,0,2024-09-05
b6d529f267113143,124e6a8ca5919757,118.26,withdrawal,branch,14,4,DE,False,25,0,2024-08-31
100787ecd83b309d,2a1e1653e82c76a2,60.19,transfer,branch,11,4,DE,False,29,0,2024-01-23
ddb0be435155a86a,fe5695a30da60bbd,84.46,refund,branch,1,0,DE,False,20,0,2024-07-22
c33930191174166a,fcfa4a64ddbcd24d,154.5,payment,branch,3,0,DE,False,7,0,2024-01-21
f3cb28c6fce7f938,d0244b2e899ab6bc,89.61,payment,web,4,6,DE,False,5,0,2024-10-13
a77cf5db945e80ac,25a2fefaa45a6219,127.05,payment,web,2,6,FR,False,2,0,2024-10-16
c0809f3f13da08db,169437022249b28e,795.42,payment,web,12,3,DE,False,15,0,2024-01-21
746c4b5c684b5db4,88cfc5a51b95e5d1,356.95,withdrawal,web,2,6,CH,False,13,0,2024-04-01
fed7f825f6e02c71,2cff3b0222aaf6d2,38.48,payment,api,12,2,AT,False,29,0,2024-06-17
2bdf857e63a0dce2,61dfb3c3e2866b8c,122.4,purchase,mobile,3,0,CH,False,27,0,2024-06-16
dccc015908665f1a,de042e0dc8e22bd7,119.84,payment,mobile,22,2,FR,False,22,0,2024-09-22
c3f09166568a32db,0ef584decd975f31,15.02,refund,web,10,5,DE,False,26,0,2024-01-02
72bf7fc7cd2114f5,2c0e7544e635fc12,40.86,withdrawal,mobile,13,1,DE,False,7,0,2024-08-25
de2cb32fb8b31fa6,3fc3ba49c9dc124c,42.76,purchase,web,21,1,DE,False,12,0,2024-04-15
060108c42130d2d4,361aca729d2d0a42,183.97,transfer,web,16,3,DE,False,25,0,2024-05-23
27c6b54540c9bd36,14c52a5e0e180aa9,94.13,refund,branch,17,0,DE,False,1,0,2024-06-02
b079cdcd78ec27af,cc637b3172221795,77.97,refund,branch,13,3,CH,False,13,0,2024-07-12
bdba6e8d23ec1077,016ff9d51a4486dc,1556.41,withdrawal,api,19,0,FR,False,8,0,2024-09-09
9a46ba82b5a1e8ac,2a2d3abde32ffed3,372.0,refund,atm,8,6,US,False,27,0,2024-06-04
ab588f8e4756f5f0,cf24922037aeb96d,62.83,payment,mobile,22,6,FR,False,11,0,2024-03-26
0beb9a4054a01519,5722d73095abd727,90.9,transfer,api,14,6,DE,False,24,0,2024-08-27
e6b92e27b1124768,0301680e7e8045c6,13.77,withdrawal,mobile,15,6,DE,False,25,0,2024-08-07
a0db8a7168c7b5b2,81300e96b360deb4,30.66,payment,mobile,23,0,AT,False,3,0,2024-04-29
87da398ef96a14de,ce52540e7c6e8d1c,44.1,refund,atm,11,1,DE,False,6,0,2024-05-07
f456f2826dfcf0d6,e745d7e53b03c26b,219.92,transfer,mobile,11,3,DE,False,4,0,2024-09-25
2985c4c90439ef5b,ef3d71a9c72b587c,1529.34,withdrawal,atm,19,5,DE,True,25,0,2024-12-24
49463d871d491d35,789cca4466567bf5,100.43,transfer,branch,20,3,DE,False,28,0,2024-08-21
2fee938df0baf466,567693f9de40afdd,58.68,payment,atm,23,6,DE,False,26,0,2024-02-05
67a1cbb448c2b0de,3dafdba89e78ae73,43.51,refund,web,3,2,DE,False,29,0,2024-01-20
0d61a0c4dea56be6,ef5f35f62ea79582,223.72,refund,branch,20,2,DE,False,26,0,2024-03-11
835374bd25e6b3ca,da1ce756a9266d28,303.69,payment,api,17,6,DE,True,18,0,2024-05-30
b7b6a4c6b9e9c37f,778f1472bf7067c2,87.5,payment,branch,10,3,DE,False,20,0,2024-04-06
b46bb877184fed8f,4b486e2e8f378290,268.93,transfer,web,2,2,DE,False,14,0,2024-11-01
aba101abbb7598a2,ffeee34bbe241244,85.27,payment,atm,5,3,AT,False,18,0,2024-07-11
12a528c9d5b372db,e11c4b4d9ebc35d0,68.39,transfer,api,23,1,CH,False,27,0,2024-07-30
3ca02ecbef377b86,5e69702a05aeb8c9,20.3,refund,api,10,2,CH,False,9,0,2024-05-12
88e290ea8a6a1c94,d160a2c8cadfb301,119.73,purchase,atm,4,6,DE,False,25,0,2024-11-29
2fad8eb1da2dbb82,e745d7e53b03c26b,37.67,refund,api,18,4,DE,False,9,0,2024-12-20
78bdf8c184bc77dd,8a2b37f719b60f6b,53.68,payment,web,9,5,DE,False,3,0,2024-08-30
788ea953c21d47db,5c10d75c21d92252,118.58,withdrawal,mobile,18,5,CH,True,11,0,2024-11-13
e65ebb561eb8f555,216e516e33710669,2.21,purchase,api,5,6,AT,False,10,0,2024-01-05
a5760f92863587a4,692810cfefcfecae,352.39,transfer,atm,23,2,FR,False,27,0,2024-11-23
22eda306097f76ed,d1bcbf944b97b4cc,69.51,purchase,mobile,3,1,CH,False,11,0,2024-09-07
688708772a31a540,c03ffd1693bec76d,22.47,purchase,mobile,21,1,DE,False,4,0,2024-10-15
e5afa0389592ed19,32d234c08535ba67,32.96,withdrawal,branch,18,2,DE,False,28,0,2024-02-05
55eefbfec922acfb,e00949f19b733cdb,285.98,refund,mobile,11,5,DE,False,2,0,2024-06-28
da3236ade0578da6,a20770f994d8bc93,376.71,transfer,atm,13,1,AT,False,19,0,2024-05-23
a26994efab66dced,42aa2d0489c6df45,140.78,payment,branch,2,6,DE,False,19,0,2024-10-08
0227ecc932806555,e94a724da12595f8,239.35,purchase,api,9,1,DE,False,10,0,2024-04-23
2a54b6f2603ca4d7,070840efbc93df0d,421.35,payment,api,14,6,FR,False,1,0,2024-07-11
fbd769ff6270c60c,361aca729d2d0a42,164.78,transfer,api,10,6,AT,False,18,0,2024-05-29
2baa1a72303377e5,8042459bdf2374c9,35.91,transfer,mobile,3,6,FR,False,12,0,2024-12-28
bf9d2c569dca8bd5,28c2b9d5a3056adf,6.05,transfer,web,16,0,DE,False,25,1,2024-05-05
82d69710433ffa09,2db647ad564ecb7a,37.4,payment,api,10,6,DE,False,2,0,2024-06-30
e12d1f30e420dc42,399d361b0b750759,17.97,transfer,api,16,3,DE,False,16,0,2024-06-13
ccd1ca9d89e3976d,e63445ba373e1c9e,357.72,purchase,branch,15,2,DE,False,28,0,2024-06-26
b333788590bdefbd,207fe588bb4392c5,31.77,purchase,mobile,6,6,DE,False,27,0,2024-05-04
bd071e9e5f1b1f72,1b110242588b118a,78.07,purchase,atm,14,5,DE,False,27,0,2024-01-30
1c8fafe3bf1be588,e56433ed5346f95f,58.88,purchase,api,20,5,DE,False,11,0,2024-08-06
0b126e4bfa96d90c,4e2019446be70d5a,443.42,refund,branch,11,2,CH,False,4,0,2024-05-10
4855c83c9e0c1023,6a168ae298a97d31,53.1,withdrawal,web,5,5,DE,False,26,0,2024-10-18
08d54e25290d32ef,ca1290690bd7ba4f,98.15,transfer,atm,18,6,AT,False,0,0,2024-10-09
bf6ea4460ee9052e,7bae829bc27e6ff4,92.89,transfer,api,17,0,DE,False,18,0,2024-03-15
d0bb7d0d6b86c604,f17b1c284520d4e3,240.96,refund,web,19,4,DE,False,3,0,2024-01-02
3ec59ef233e8c39d,5ce4a8318d8f92e9,80.5,purchase,web,3,4,DE,False,22,0,2024-06-12
b90a211cee39126a,79f7d72f5f58db79,24.26,withdrawal,api,2,2,DE,False,7,0,2024-02-24
26c081df50997d30,fb35e6d2e1868891,286.0,payment,branch,15,1,DE,False,19,0,2024-08-23
c4a7418e80f83003,db996eb524714042,50.69,transfer,atm,4,5,US,False,21,0,2024-04-03
1a08220e7dabfc05,a20770f994d8bc93,231.43,transfer,branch,13,5,DE,False,16,0,2024-06-13
32ab6ffa3ccbf342,82c0794d896302f7,222.66,withdrawal,web,12,1,DE,False,15,0,2024-06-17
0d3a3213dbb1afeb,c883193555c4b7ec,98.39,transfer,api,2,6,AT,False,9,0,2024-06-19
a70ae459b48089d3,df5a7d4e1e07dca3,36.72,payment,branch,9,4,DE,False,16,0,2024-08-16
237fbf110f3c167e,3f4efb84eb535b03,137.82,withdrawal,atm,22,2,DE,False,27,0,2024-09-07
c6e6661307758bf3,23edc044f01da22f,153.59,transfer,web,4,2,FR,False,30,0,2024-08-29
b7bd56b532cfe6e2,d6b0aeb2a47ebd4f,60.87,payment,atm,2,1,DE,False,11,0,2024-12-26
09f08c27fb3649ad,a2d85430341b11eb,51.15,refund,api,13,5,AT,False,25,0,2024-09-02
d6258d4427037f4b,aa3b32f4bbac4e77,88.11,payment,mobile,10,5,DE,False,26,0,2024-11-23
cbaf54c63b38991a,f2caa0becd2c7c50,5.04,payment,branch,11,6,DE,False,19,0,2024-11-13
a491206dc906474c,fb09b981a66b5455,44.89,withdrawal,branch,5,5,AT,False,26,0,2024-01-26
f92616e3b47197ee,788e7f53c9a7b524,22.63,transfer,branch,14,6,DE,False,9,0,2024-01-18
d2d691f6bae14e30,8ec955a8557fc25e,104.75,purchase,web,23,6,AT,False,22,0,2024-01-07
40cf5f6c5fc893c9,ec7811d610b2961d,22.53,transfer,branch,23,5,DE,False,6,0,2024-03-10
d437f0147f5086ce,f5c1f4185201b43e,67.09,purchase,atm,3,6,FR,False,15,0,2024-09-17
f0bc6ce91c3502e4,6ad8a65f8b886422,312.51,purchase,api,17,4,US,False,16,0,2024-09-08
fe7ec4fd747c134f,cf3ced1a30242c1c,189.15,refund,branch,2,0,DE,False,14,0,2024-11-04
d75646d3c7857de3,d9fcace36fdc8173,57.1,refund,web,12,4,AT,False,25,0,2024-10-19
173857f54d86c299,cfd7bfdc0ab5033a,66.27,transfer,mobile,15,5,DE,False,16,0,2024-10-04
7e19908d4907359e,2940524866b1c70b,208.18,refund,atm,4,0,DE,False,12,0,2024-06-18
d66b05bb8fa3bc40,f1a71cf26fe20f2b,52.28,transfer,web,23,3,US,False,3,0,2024-04-24
0508d7adbcbccc1d,2a1e1653e82c76a2,11.22,withdrawal,api,11,3,DE,False,20,0,2024-08-01
f47b1028e8275796,8ec955a8557fc25e,132.32,refund,mobile,22,4,DE,False,10,0,2024-08-05
654765037855716e,36ab2c1257ef07e9,79.56,refund,branch,13,3,DE,False,20,0,2024-04-10
0b6e9712f934caa6,e09a386fb3c4160b,49.1,payment,atm,23,1,US,False,23,0,2024-12-06
90e29fea18427f21,b622fd7faab4e0fc,92.83,withdrawal,api,20,4,CH,False,11,0,2024-02-03
c7e1df188762ad0f,4e0d9e14e02c2a34,106.22,payment,web,5,2,DE,False,1,0,2024-05-08
c867bf30de3197b2,1ef74de24738db7d,161.81,transfer,atm,20,1,DE,False,20,0,2024-09-19
efd9db2cd4bced46,8fb1e2b799a1e70e,21.88,purchase,branch,19,6,FR,False,23,0,2024-03-13
00f40dd4bf7a966c,6796a86bf89380a4,88.2,withdrawal,api,4,0,AT,False,28,0,2024-06-21
6cc7ad13686a7514,5bd4c9e5956de746,229.81,refund,branch,7,0,DE,False,1,0,2024-05-20
3404a5309dd4b136,0eee2a184ccd2544,70.29,purchase,atm,2,4,DE,False,2,0,2024-09-04
45fd2977bea244c8,1b2ee82dc979a6cc,392.63,refund,branch,16,3,DE,False,27,0,2024-09-18
282e0b7776cb34af,ccebc0d1a8068733,187.32,payment,branch,3,1,DE,False,30,0,2024-12-21
2bc4e30d9f00ea45,def76f599c8e96a7,85.26,purchase,web,21,6,AT,False,0,1,2024-03-28
8056e74389a1bd99,97b20d27eeac7dcf,36.04,transfer,atm,9,2,DE,False,27,0,2024-04-10
f78d13dc82f88952,2a4b2a53c4e04c71,139.15,payment,branch,9,3,CH,False,18,0,2024-11-01
25a7a4de686e4152,2cc5ecdf62ff6e89,861.25,purchase,api,20,5,CH,False,20,0,2024-12-22
5e86fac1e2c0c25f,89f7acc482b0f4c5,116.85,transfer,web,6,5,DE,False,17,0,2024-07-25
d93eee61743921a7,54bbd2fc294c7d06,75.88,transfer,branch,11,2,US,False,15,0,2024-05-26
c8ae1a8cfd23ad84,009d36e0c5c629be,80.9,purchase,atm,6,0,DE,False,30,0,2024-04-15
15a90c23fd2ff06e,ad007edf2917d996,35.73,purchase,atm,0,2,DE,False,12,0,2024-05-02
187dd0d7d96ea587,c70667064ebd7fff,878.3,payment,api,8,6,FR,False,23,0,2024-08-15
981a2ef36a8d3959,cfa67ed2210f6940,74.58,withdrawal,branch,14,3,DE,False,4,0,2024-09-14
548e1f3530ee336f,6da130da8af1e304,86.36,payment,mobile,8,2,DE,False,16,0,2024-08-07
8dfdf9371d24b8a6,148f5e94748afbcf,20.61,refund,mobile,19,4,CH,False,19,0,2024-11-23
f3c5c50e0e75f36e,24deac2b448e263c,350.84,transfer,mobile,16,1,AT,False,26,0,2024-09-19
74ffa300b4416668,35a88194863ed22a,151.85,refund,api,16,1,DE,False,14,0,2024-08-10
1a0fcd456161ecf2,550a120e7736895e,219.54,purchase,atm,5,5,DE,False,15,0,2024-11-21
31d2d5e350f45a4a,35d53b5d84d3da8d,581.96,transfer,branch,17,3,DE,False,4,0,2024-11-05
cf6777390c760e1f,276e5ae6c75a8b32,49.7,transfer,atm,5,4,FR,False,23,0,2024-10-04
d485abddad82d2b4,a790d620cc18f41a,10.91,purchase,mobile,17,0,CH,False,14,0,2024-08-15
37ad24334b64fc5f,5b528c377e06dea8,22.17,payment,api,2,4,DE,False,14,0,2024-08-08
db7341e490de981f,54bbd2fc294c7d06,791.23,refund,mobile,6,0,DE,False,8,0,2024-08-05
3cfbd284d2044f60,52ad3664a4d05665,43.02,refund,branch,15,1,DE,False,17,0,2024-11-06
deaa7d91f0f8d523,101cbc670c03679a,341.52,purchase,web,6,1,DE,True,7,0,2024-08-29
2ce70c5ccaf04f74,6f22cea9eb529737,39.95,transfer,api,17,2,DE,False,12,0,2024-09-24
83e01d3a214d8891,989b641dee963b54,15.01,refund,atm,7,4,DE,False,16,0,2024-01-05
5748b14f69dd5811,11b0f22fe097ebd1,213.47,refund,branch,13,5,FR,False,25,0,2024-05-17
6673edf07fc9f610,2aa6d7b211ac3c1c,26.5,payment,atm,16,6,DE,False,23,0,2024-07-10
63939e2324584f3d,148f5e94748afbcf,40.77,withdrawal,mobile,12,6,DE,False,3,0,2024-09-06
0969f39b4601208c,535a3d7407a53ec9,262.58,purchase,branch,4,1,DE,False,9,0,2024-07-12
65841e65f383142e,873fe2202b6bce0c,394.41,withdrawal,mobile,7,0,DE,False,4,0,2024-07-05
2be09b3cb401a905,a186648bf6fd0472,528.19,refund,mobile,17,5,DE,False,8,0,2024-10-10
89fa8b608c61dc70,6278347022e40fe1,233.14,payment,branch,16,6,DE,False,28,1,2024-06-24
f2bf030dcae8b730,1df807fa2247cd59,245.31,refund,web,11,2,DE,False,29,0,2024-10-26
ba4ed28db8018647,6bf2a2cffbf5c19d,1058.69,withdrawal,atm,10,2,FR,False,6,0,2024-02-19
0946b7f90e67db00,8c61369cacedb868,264.7,refund,atm,8,6,DE,False,24,0,2024-07-10
db3367c12570bedf,def76f599c8e96a7,19.22,refund,api,6,1,FR,False,2,0,2024-10-25
3a6cb841856e0e1d,3b04333b896699f3,108.57,payment,atm,23,5,DE,False,11,0,2024-01-07
3ab854ea4bc99686,aa03c6e4e5791767,41.56,purchase,web,20,6,DE,False,27,0,2024-01-22
1538dac525ad6112,624fa59c72776852,542.21,payment,branch,6,0,DE,False,19,0,2024-09-28
6c5a9f08c41e9885,ef33a9a3135f3db9,24.71,refund,branch,16,4,DE,False,18,0,2024-09-15
4677cdb78114e7db,ef5f35f62ea79582,183.3,withdrawal,web,11,1,DE,False,10,0,2024-01-27
c6f6ae8759e27c95,09fc2bea655a24f6,106.89,purchase,web,8,5,AT,False,16,0,2024-06-15
68af8cf812921e56,328e8885eb7190eb,151.41,refund,atm,8,0,DE,False,30,0,2024-08-07
e61985c16dd13242,eab35ba465ec4495,581.13,refund,mobile,15,5,CH,False,30,0,2024-09-18
ad707d7357f2b9fb,e00949f19b733cdb,42.26,withdrawal,branch,12,1,DE,False,29,0,2024-07-09
309214564e5fce87,121110decabf1965,70.05,payment,web,4,6,CH,False,24,0,2024-06-20
133846df7a811d47,b345e0b5da78665d,56.85,purchase,branch,1,6,US,False,11,0,2024-09-18
5af832a9d0aea22f,87a48f2a1473fa26,57.01,purchase,branch,10,3,DE,False,26,0,2024-10-20
e3c98ecad7f560a9,8a21706ad64d5905,320.61,withdrawal,mobile,14,1,CH,False,1,0,2024-06-15
306131dda33952f6,70b4ff1afa97020e,8.69,refund,branch,0,4,DE,False,13,0,2024-05-19
3ecb399f2bd62783,5e69702a05aeb8c9,229.6,transfer,mobile,2,0,DE,False,1,0,2024-11-27
6feba79ce8b53e86,c9b87801e32ab2ac,167.73,purchase,branch,6,5,FR,False,7,0,2024-05-07
edff50a51eb5801c,ed4a16cea68d7e1f,65.39,purchase,api,0,1,DE,False,6,0,2024-04-02
70d936106e1ded03,ceabfd7dba2cdcee,65.37,withdrawal,branch,10,3,US,False,12,0,2024-09-29
56d28a93b4ba6e8b,22d5bb56573939bc,21.13,refund,api,21,2,FR,False,6,0,2024-06-16
0f8fb4d157e3482c,e7bf14a2b33d4f12,55.06,refund,atm,14,4,DE,False,30,0,2024-11-13
57608d7b8170837e,550a120e7736895e,219.03,payment,atm,16,4,CH,False,21,0,2024-11-20
b35ac5bfc1ba7f9b,1533a1259c2fc740,40.7,refund,api,10,2,DE,False,0,0,2024-07-27
047da46f752790f4,4852c491722ca246,14.95,purchase,branch,13,4,DE,False,25,0,2024-06-19
1ee0812ef62360a6,90aea48fe5e82c00,427.82,purchase,mobile,15,6,DE,False,19,0,2024-06-29
09625fcf3c0ea856,3c67301ba053ad47,115.18,transfer,atm,9,6,AT,False,25,0,2024-08-07
6bbc77bc8151fca6,387997a756b60d48,28.86,withdrawal,api,9,4,DE,False,12,0,2024-07-16
69ad690057c25afc,7f55f073111f191a,21.17,purchase,mobile,22,2,DE,False,11,0,2024-04-12
36ecfa9917fd60da,74aea4f110f27179,128.37,transfer,web,21,1,DE,False,3,0,2024-01-03
01b012864fd27558,e1bcdb4be6b1fdd8,86.23,transfer,atm,9,3,US,False,6,0,2024-03-30
d2eb2e7e05adf863,839cdd252273f04f,240.7,purchase,web,19,5,US,False,5,0,2024-06-26
2ffe5ad5bf0b3ab0,65a9cbb4b5328719,119.76,refund,atm,21,1,DE,False,24,0,2024-12-14
7fa790e16ba25234,3248a73959fbd3f3,89.19,purchase,atm,14,2,DE,False,19,0,2024-10-21
e41ea481ac8ba5ac,a97be0a50ea38d7b,47.04,withdrawal,branch,10,3,DE,False,27,0,2024-03-04
3d080ad301cde2af,564c3c628e93587c,43.45,payment,api,1,4,DE,False,2,0,2024-12-05
2097953bc3d36776,fae0b351876a2aca,45.27,transfer,api,13,1,DE,False,2,0,2024-02-14
656bc4706af86ca4,e11c4b4d9ebc35d0,36.04,purchase,atm,19,0,DE,False,7,0,2024-06-27
bd6319a804dfc9ed,e6f577c090d9035b,43.35,withdrawal,branch,19,0,DE,False,3,0,2024-06-01
739480974b7cf420,fedfe36dcf07da5a,50.18,transfer,branch,13,4,DE,False,2,0,2024-02-06
a32e0f9d2a46b24a,3fc3ba49c9dc124c,88.32,refund,web,15,0,DE,False,3,0,2024-06-02
19e4a8701084ff22,6a7e697c2a185547,56.59,withdrawal,web,8,4,CH,False,10,0,2024-04-06
329a3a472c7fd127,36ab2c1257ef07e9,86.86,refund,web,14,1,DE,False,2,0,2024-09-21
2f725026101537b1,fb31b871b8a3adab,99.01,refund,api,2,3,CH,False,4,0,2024-03-27
0c3f5b6790bc55aa,169437022249b28e,124.04,refund,api,1,3,FR,False,23,0,2024-05-21
0f8d3ad96addbcb9,58fe68b77b986d50,58.55,payment,branch,21,0,DE,False,3,0,2024-11-10
d61bb2740ef7995b,f7af4dc3737fd9e4,104.41,purchase,mobile,6,0,DE,False,26,0,2024-03-12
b7a6e7ef55ff211f,e4f1f16961d97f33,27.15,purchase,api,10,0,DE,False,29,0,2024-01-23
e95509527d8a3343,45f6093c8d51c7cf,114.09,transfer,atm,6,2,CH,False,24,0,2024-07-06
dc0a15a6c5d05093,ff107396f163c985,109.39,withdrawal,mobile,18,3,CH,False,26,0,2024-04-09
48ca0cf199b19f0b,5800cc8d6a5c3e91,498.94,refund,branch,9,1,DE,False,26,0,2024-01-14
979fb22b335d35b0,ea76132d9f572ff4,138.75,transfer,branch,8,0,AT,False,20,0,2024-02-28
ac0be83305fd9e95,b622fd7faab4e0fc,250.47,payment,api,19,6,DE,False,11,0,2024-01-26
0f7f549772b3595a,1bcfd5947f39426e,303.31,withdrawal,atm,5,3,DE,False,17,0,2024-10-21
b61d535c38cd6ab0,394b8efc30a36396,40.26,withdrawal,mobile,11,6,DE,False,6,0,2024-11-01
203ad4c7db896112,525cbd86c4dd39e9,313.38,refund,api,5,1,DE,False,8,0,2024-06-13
a052494b06522101,a98b26f89fb60041,152.39,purchase,atm,12,2,DE,False,27,0,2024-09-19
c72be4b503247b12,f78adc53ffb3b0e6,1018.02,purchase,mobile,17,1,DE,False,11,0,2024-01-30
bc80c44429aa8c67,35a88194863ed22a,14.35,transfer,mobile,20,6,FR,False,15,0,2024-04-17
1ea39454fd5e0823,1a13581cb12c0831,1279.99,transfer,web,9,2,AT,False,25,0,2024-12-12
22256c0b96b24724,d63e94a07a59a8cf,782.38,purchase,atm,18,4,DE,False,19,0,2024-09-23
263d460aa9a870dd,4587b25745585a05,12.05,withdrawal,mobile,11,6,DE,True,27,0,2024-06-23
5aa098e6d29a73e5,81300e96b360deb4,10.86,transfer,web,11,0,DE,False,9,0,2024-08-03
d57460403c739723,76aa547f97a0017c,66.88,refund,api,22,5,US,False,8,0,2024-07-02
3fb046bbc83e84b4,9d6b41bf80784c2d,240.81,payment,web,17,0,DE,False,25,0,2024-01-11
2fd67ab6806033db,cfc633a0e42f4c7d,43.16,transfer,mobile,18,2,US,False,3,0,2024-08-01
76d31e73bd9b19c7,833572166df65733,92.63,transfer,api,11,2,DE,False,29,0,2024-04-28
f865b400bf66eeb8,3c988be854d19cf7,159.6,withdrawal,atm,6,3,DE,False,8,0,2024-11-12
377ab111c142650b,69ab54f2b5e0c129,75.84,purchase,api,16,6,DE,False,2,0,2024-11-23
f82deb2d28fde273,eab35ba465ec4495,163.78,transfer,branch,17,2,DE,False,22,0,2024-04-07
6d0645a9d154a283,9818e0f282db1ff0,59.9,refund,web,6,1,AT,False,18,0,2024-02-14
ec0f29056e869ab9,2160957767334b7b,69.09,transfer,mobile,6,5,DE,False,10,0,2024-08-20
e5e129799bd4a42a,26ca3d0df8ed600d,75.56,transfer,branch,0,1,CH,False,9,1,2024-12-12
4114cf02e99082d9,a8167c6a875a70a9,20.95,refund,api,13,4,DE,False,23,0,2024-09-03
3f70387f89e5e795,876b001890d3aca4,115.31,refund,branch,18,4,DE,False,16,0,2024-10-18
958f10439f100dbe,2626f0f995feaad7,124.0,purchase,atm,12,0,DE,False,2,0,2024-12-05
386d02e0d37d1311,294eec57b188ae20,23.49,withdrawal,atm,3,3,CH,False,24,0,2024-04-21
13e5472ccd646258,5a928ed4234138f0,440.76,withdrawal,mobile,6,1,CH,True,16,0,2024-10-30
7daa221d05e6926a,ead1177c5fa66d4c,91.61,refund,atm,17,6,AT,False,2,0,2024-02-04
dffe02499071926e,6da130da8af1e304,375.82,withdrawal,web,9,5,DE,False,6,0,2024-07-25
ce0037b2f93cc1fe,60bf64ac291e0e1d,23.59,transfer,web,0,2,DE,False,21,0,2024-04-14
081c10b22a37c31e,cc1a5cbbfe5d08a3,30.11,purchase,web,17,5,DE,False,10,0,2024-11-08
18b7a0f24b19227c,7d7df171e0105269,265.15,withdrawal,mobile,6,0,DE,False,10,0,2024-02-21
d016f5cfda07a16b,cc57238a136e920c,7.84,refund,branch,1,3,DE,False,0,0,2024-09-19
776e691e1b37cf57,310b642934f57b26,125.7,payment,api,23,5,AT,False,3,0,2024-06-03
b44a201cdeb0c4a0,b4d5d08374e3b34a,343.91,payment,web,22,1,DE,False,8,0,2024-11-03
c1e9e9702f54d966,8c725f3e249643b8,69.44,purchase,atm,2,1,DE,False,14,0,2024-12-20
c1930c3ddbe5a227,a3bb335e7dd28a54,329.1,transfer,atm,10,1,DE,False,0,0,2024-03-05
2f904bcfc9598807,de042e0dc8e22bd7,64.89,withdrawal,mobile,11,5,DE,False,22,0,2024-07-23
bc062f5ad289dc34,a76efe22f6e53977,315.32,transfer,branch,13,4,CH,True,3,0,2024-10-08
d65356e8344fdb96,0a5211e92314f9b4,33.34,purchase,branch,3,2,CH,False,17,1,2024-09-06
71d8a6be7ef74243,285ea4ca8c35e49e,15.21,purchase,api,22,0,DE,False,11,0,2024-02-21
f195840f0aecad49,639fffe8f52ba3ca,244.27,payment,web,15,2,DE,False,14,0,2024-12-09
1c998d5c78bd7065,c366faef9cbfbfd6,61.12,purchase,api,15,0,DE,False,28,0,2024-08-27
6c243179189deea1,6a7a45ef56b7cc6a,84.16,purchase,mobile,11,1,DE,False,1,0,2024-06-14
23d159834d26d9a9,dfb2d8eaac985697,52.21,purchase,atm,14,6,DE,False,6,0,2024-04-30
6f9ddf681843e48b,25ea9e9c9f1d2ee0,348.53,refund,branch,16,1,DE,False,24,0,2024-06-03
a816cc598ba1e97c,52ad3664a4d05665,10.5,transfer,web,11,2,CH,True,28,0,2024-01-16
0c524fbf1e66be39,8c1114da6e55d308,209.13,withdrawal,api,3,1,DE,False,20,0,2024-12-29
32503acab41f2a44,1a2082882718940b,77.23,purchase,atm,13,5,DE,False,29,0,2024-03-27
362e919f6b0572b1,b5a871cf7cc52ccd,98.08,transfer,mobile,10,5,DE,False,21,0,2024-04-05
9fba8970f6aa035c,bb1163efc37aff0d,201.64,refund,api,6,5,DE,False,11,0,2024-08-21
e1fe7dd721b02cb3,4762862489547fd2,44.85,refund,branch,0,5,DE,True,13,0,2024-03-14
8273707d9fbb5fef,169437022249b28e,153.03,withdrawal,web,4,2,DE,False,6,1,2024-08-19
1aff8f4a8d06338f,1dd675c43554d179,61.4,transfer,mobile,15,5,DE,False,8,0,2024-05-09
1c641654290f50d2,0a5211e92314f9b4,917.46,transfer,branch,19,5,DE,False,13,0,2024-03-26
893e56a55764a7c8,f51d70a6070e06e9,313.13,withdrawal,atm,6,3,DE,False,30,0,2024-11-08
0f6a3d413458e58d,cca7ef7141361fdf,60.24,purchase,branch,20,6,FR,False,16,0,2024-04-09
fb583aa8d136a6f8,e97b3e0b20a99c99,44.41,purchase,api,17,5,CH,False,30,0,2024-02-18
061b075966303a5e,1ab01430c33d21c2,79.94,purchase,branch,3,4,DE,False,27,0,2024-11-15
b69895594caebc09,448e54f978934d2e,279.84,withdrawal,branch,11,3,US,False,23,0,2024-04-16
3bbc7dd348e7266d,fd57168b9f5ac39a,16.99,transfer,mobile,16,3,DE,False,2,0,2024-02-13
64e97f8ae43f40f9,f6f0f3fb39eda772,43.03,withdrawal,api,5,4,CH,False,10,0,2024-08-19
7132f01a9bafab4f,a76efe22f6e53977,893.12,refund,atm,1,3,DE,False,26,0,2024-04-23
c5b869ef97d4d6ce,38918cd5b3bd7fba,1312.31,payment,web,5,0,DE,False,26,0,2024-03-12
e49ea3e28d77f83e,6a7e697c2a185547,28.25,withdrawal,api,10,5,CH,False,21,0,2024-11-16
a81abd360d913eef,ec8204acdd2ac64a,36.93,transfer,mobile,11,5,DE,False,18,0,2024-12-11
daad88bfdbe82431,3e042f9b7a6568c1,249.92,transfer,api,21,3,DE,False,14,0,2024-08-12
8d9741450f266ca6,aa33b16ff8a055f4,97.67,purchase,web,20,4,AT,False,18,0,2024-07-27
ff2ade8736471c4e,356a8c1e286f5d7a,30.11,withdrawal,api,12,2,DE,False,28,0,2024-01-12
bd928b2882aebb8a,7ad3942bb15ffcaf,97.81,refund,atm,18,4,DE,False,22,0,2024-01-26
e0a9576dc2b3635d,14be3a476b56c6b3,384.73,payment,mobile,0,6,DE,False,29,0,2024-10-26
579fb44493a8c49e,18f69bcd2f9cc9c3,129.3,payment,branch,18,3,DE,False,20,0,2024-01-01
b197af8392dedab9,f148d5c44b2f2680,185.5,withdrawal,web,9,2,DE,False,14,0,2024-10-29
8e52ec591ab1b9d3,b0b6dd3d1297e56c,323.87,payment,mobile,22,4,DE,False,8,0,2024-02-27
388b57487c0d8ee9,842e12789ce58df1,170.75,purchase,api,6,5,US,False,8,0,2024-09-23
ac915593a1876f93,e2cbadb8db971ce1,97.58,payment,branch,7,1,DE,False,15,1,2024-06-12
b50513a0e72924a4,7d3b0e86e95f0ad8,167.03,payment,mobile,15,3,FR,False,27,0,2024-11-03
6e637c777962a472,1b944f8ec429e26f,28.37,withdrawal,api,6,4,DE,False,7,0,2024-09-21
f390312382aeaae1,eeccf8e98cb3268d,12.2,purchase,branch,16,2,CH,False,6,0,2024-11-13
78db2b661736e872,6da130da8af1e304,175.73,payment,mobile,19,5,DE,False,24,0,2024-12-11
91a5c922500754db,8cfb46094b5f0108,62.03,payment,api,11,4,DE,False,30,0,2024-05-26
292e04aebda2121a,ce52540e7c6e8d1c,176.61,withdrawal,api,12,4,DE,False,3,0,2024-01-25
52426e31dca7549f,1a7e0a3bed5c2d81,35.68,transfer,atm,13,1,CH,False,26,0,2024-01-26
153d9e18bdb74f61,7dca056d1b851684,76.67,refund,mobile,14,4,CH,False,8,0,2024-09-19
bf723de28c3293f1,6664780cf8339f06,183.18,payment,api,2,6,DE,False,17,0,2024-09-12
a581de0563bbfa18,ad322e7a390c0744,63.87,withdrawal,branch,7,0,US,False,5,0,2024-03-25
ee190809b413ce71,aa33b16ff8a055f4,26.16,refund,mobile,9,5,CH,False,23,0,2024-04-29
7a26c979f91e8e59,13ddef20378fc798,46.51,purchase,api,14,4,DE,False,25,0,2024-07-30
a1007f4e69b0d345,778f1472bf7067c2,777.85,payment,api,14,3,DE,False,7,0,2024-07-03
10d267f2ebd9cf2b,ed4a16cea68d7e1f,38.88,transfer,web,6,0,DE,False,12,0,2024-01-03
2d61eb9b3d3a054e,97353626cda41f54,143.63,purchase,api,23,2,CH,False,22,0,2024-03-10
07496bdd2bf83192,842e12789ce58df1,121.45,refund,api,15,1,DE,False,29,0,2024-02-06
68c9f61777a2f56f,9b07df76ca908edb,23.82,purchase,api,4,1,AT,False,8,0,2024-07-08
d71c5f8269642d72,c8d33b0935001a63,89.49,payment,mobile,18,3,CH,False,12,0,2024-12-28
7f19be3f2086bfda,788179f07895627a,120.11,withdrawal,api,21,2,US,False,22,0,2024-04-09
627455380c851b4a,cd00dc8810df1048,59.28,purchase,branch,16,3,DE,False,3,0,2024-07-04
8be287257d89302f,1533a1259c2fc740,103.93,withdrawal,api,8,5,AT,False,1,0,2024-06-05
b119588c5747d288,c8bd83145603e477,54.22,transfer,branch,10,3,US,False,29,0,2024-02-21
28f49ca51538a31d,cc1a5cbbfe5d08a3,70.55,purchase,branch,3,2,DE,False,3,0,2024-03-01
d625b8e4a24952b6,1513d2d5ae9abd60,13.79,payment,api,22,5,DE,False,16,0,2024-04-08
691a1339ef286c40,bb0c7a4d24a69dad,56.06,refund,mobile,13,1,DE,False,4,0,2024-08-03
3fac1b1665a5ea23,8042459bdf2374c9,30.75,transfer,mobile,11,6,CH,False,16,0,2024-10-01
42777bcb363db540,f7af4dc3737fd9e4,300.03,refund,branch,21,6,DE,False,23,0,2024-01-06
2a4962b478fa5dad,daf14806094945d4,44.4,transfer,mobile,18,4,CH,False,17,0,2024-03-07
dcc915b74eacf93d,2aef673b253b3d58,1043.59,payment,web,22,1,DE,False,18,0,2024-01-05
3d4c6d6d6854bfd9,1c0835fbe30d5c34,292.37,withdrawal,api,21,6,DE,False,1,0,2024-08-09
439be33c9637b002,d5b91e64f71dcc83,159.13,withdrawal,branch,17,3,DE,False,25,0,2024-11-08
0c9d4ebd896b51c4,e6068bab5d5b8d95,117.41,purchase,api,18,0,DE,False,19,0,2024-10-31
c9053056cff957f8,6a7a45ef56b7cc6a,107.19,transfer,api,13,2,DE,False,12,0,2024-10-27
769e24985f4585b8,cf24922037aeb96d,176.85,purchase,branch,2,3,FR,False,5,0,2024-12-14
36bd25bae1f573d8,6e4f134425053dd5,607.83,refund,web,11,6,DE,False,19,0,2024-10-03
4f367f6ceb1bdc26,fd57168b9f5ac39a,378.02,withdrawal,web,22,1,DE,False,25,0,2024-08-29
5e4694f723cab2cd,b30511c26c4cf80e,22.79,purchase,atm,10,0,DE,False,9,0,2024-09-30
a41f15b22e9f3e75,a278a47b25db6b97,591.63,refund,api,21,6,FR,False,30,0,2024-07-07
f86642f6e64afb29,d401c5577bb35cfc,606.16,transfer,api,14,0,DE,False,22,0,2024-03-27
bbcca3c658ae3e60,d80291ff8a609246,28.94,refund,api,9,1,DE,False,5,0,2024-02-08
382e51332e2fcfe1,93102f8c8c50d21e,64.85,refund,branch,21,5,DE,False,14,0,2024-04-04
2b301eab9eaf05cd,a4f313d7c6e5b805,72.25,transfer,mobile,1,4,DE,True,9,0,2024-05-31
620e70ab0b46dd02,4e061814b1e7346e,58.85,transfer,mobile,2,5,FR,True,29,0,2024-05-31
4ea20287d75665ae,11bccca6fdc498bb,144.94,payment,branch,14,6,AT,False,25,0,2024-10-16
b2f9cf883f3e5047,c58d0839909f773c,380.0,refund,api,8,3,DE,False,0,0,2024-07-09
42bf62ac59881b7a,4407a0b264a06487,177.91,transfer,atm,15,5,DE,False,23,0,2024-01-18
0551ed9dfa04072c,ca65d51e944b52ee,97.91,refund,atm,11,0,DE,False,8,0,2024-02-07
7f721c51fc997347,27bfaa358cd59a75,34.35,purchase,mobile,1,2,AT,False,15,0,2024-03-20
3bb2ddc73be40b3b,674648194942cb9b,38.03,refund,mobile,18,5,DE,False,0,0,2024-04-26
f6a4372a72c88ffa,27e36276d98cabee,83.58,payment,branch,5,0,DE,False,28,0,2024-09-22
b04022fb9eeaec5d,9160299cf45a5954,5.37,transfer,branch,15,2,DE,False,29,0,2024-07-11
3e2094dccf063141,6565a0a0eb2a64d5,274.4,transfer,atm,3,6,DE,False,13,0,2024-10-14
5972e391b46dcdf5,e7e53eb4fc92f441,93.5,payment,branch,14,2,DE,False,9,0,2024-06-25
24142bed3eb793ec,65b92ffea23cd778,23.88,refund,atm,12,6,DE,False,22,0,2024-05-21
b59905569a26515f,7edd7493d09fd63a,78.25,purchase,api,21,1,CH,False,17,0,2024-02-16
7a8c21c819be1704,399d361b0b750759,61.03,refund,branch,6,2,DE,False,15,0,2024-05-03
85a26ba05a315280,fd3a42681c37c3be,165.42,purchase,branch,6,4,DE,False,30,0,2024-01-10
97fa354996a1aac1,023873d9a8327222,13.15,transfer,branch,15,6,DE,False,1,0,2024-12-07
6269f98c61e5b4db,1feaa13096450730,92.18,purchase,branch,21,5,AT,False,5,0,2024-06-18
763678799dc03572,79b34c7dbd15f98b,312.84,withdrawal,branch,17,2,DE,False,2,0,2024-05-14
4a6a5e349cf38338,a2fa5f5fb5b6d810,72.89,purchase,atm,3,2,DE,False,9,0,2024-12-12
28377f8a1ef36326,caffab3ed0242dd1,28.61,refund,api,20,6,DE,True,23,0,2024-08-08
9f6b794c58b32e26,e9eb878f95923e75,92.49,payment,atm,13,6,DE,False,25,0,2024-01-08
b48f2b89c117ab54,c35c0ec39826d510,209.18,transfer,api,13,3,DE,False,26,0,2024-07-08
e00f2bec11bdcf8a,c70667064ebd7fff,227.24,withdrawal,web,23,1,DE,False,28,0,2024-03-19
549d722a1cde62ed,8c725f3e249643b8,308.2,withdrawal,branch,17,3,US,False,6,0,2024-02-28
e5abfad465365862,1a2082882718940b,99.77,transfer,mobile,14,5,DE,False,2,0,2024-01-31
f14c4f063a79d210,7dca056d1b851684,27.35,refund,web,1,5,AT,False,14,0,2024-06-10
25046b83fe6c4e7c,f5c1f4185201b43e,280.74,purchase,mobile,9,5,DE,False,5,0,2024-11-06
04cd9a9e209fe92d,cd00dc8810df1048,141.81,transfer,branch,12,4,CH,False,19,0,2024-07-02
c1632dcc41a438e7,edb39a7fbdf3edaa,92.48,withdrawal,branch,19,4,CH,False,4,0,2024-08-20
07f83babd652be68,124941d12cb83091,53.41,withdrawal,branch,4,3,DE,False,14,0,2024-03-14
a0b2dec6d6010b01,fd3a42681c37c3be,366.95,refund,api,8,2,DE,False,23,1,2024-02-01
b7d463643999353d,1a2082882718940b,29.63,refund,atm,14,4,DE,False,13,0,2024-08-05
6de4bbd4c1acdf45,220587bd50b23c82,90.83,refund,api,17,3,DE,False,24,0,2024-05-04
ac5c0e1cacdef186,c7a62b9370af391d,18.79,withdrawal,mobile,21,0,DE,False,9,0,2024-12-16
5460ebeaa2688393,d9ce79fc0372e327,463.36,payment,web,4,1,DE,False,2,0,2024-02-19
b9fefa8f38c657ab,6208e28482f81294,165.38,payment,mobile,12,4,DE,False,26,0,2024-07-17
63d47971d1107223,ad322e7a390c0744,87.92,refund,branch,15,3,DE,False,24,0,2024-03-31
d0aef13e47d62839,c281620ecc16e8ea,482.23,purchase,mobile,9,6,CH,False,9,0,2024-08-06
2100c8ee84941ed1,65495bd15778eb48,52.53,transfer,web,1,6,CH,False,6,0,2024-10-05
5ea14c9a68191548,c58d0839909f773c,151.81,withdrawal,mobile,14,5,DE,False,7,0,2024-07-01
fc9213c9ba2730a1,d55ad22d8e638147,60.85,refund,branch,23,2,AT,False,19,0,2024-03-17
7fd349e2077c8290,6208e28482f81294,53.58,transfer,web,4,2,US,False,16,0,2024-09-23
e9bab2a99c44ea8b,169437022249b28e,161.23,transfer,web,15,4,DE,False,29,0,2024-06-17
af96eb3d379a0d50,65495bd15778eb48,16.78,payment,branch,15,6,DE,False,23,0,2024-11-27
5d9359c5aa622563,33027c5d86ee9f67,245.9,withdrawal,atm,23,6,FR,False,19,0,2024-02-05
3c6f5253727742c1,84ccf3119a3a106d,48.26,purchase,api,15,1,DE,True,9,0,2024-05-31
a2b37088b8cc9eb9,ccd42e485671dcd6,258.83,transfer,api,8,3,DE,False,6,0,2024-01-07
d1446e90d822f91c,c35c0ec39826d510,108.3,withdrawal,api,21,2,DE,False,12,0,2024-04-05
f388655fc93cc19b,ae2d1158bfce8bb7,234.91,transfer,branch,20,0,DE,False,5,0,2024-01-04
67b49c036879832d,14be3a476b56c6b3,7.46,transfer,api,17,0,DE,False,13,0,2024-11-22
b511850d0c42f193,14c52a5e0e180aa9,119.22,purchase,api,10,4,AT,True,23,0,2024-02-29
93ea2ee4d3fefa65,5978de5f61ca21c5,642.36,withdrawal,mobile,23,5,US,False,13,0,2024-10-24
9258aa35dc75e54e,165af6b8bc77c4ce,184.33,payment,web,16,3,DE,True,0,0,2024-03-12
4a812e9b54140f2c,c848f2790122e6c2,10.24,payment,api,18,1,DE,False,24,0,2024-10-19
b25df7358b127de2,5a4f09026b5bd8b5,16.77,payment,branch,3,6,CH,False,9,0,2024-10-01
84d0eeba0e34dbeb,387997a756b60d48,36.19,withdrawal,api,19,5,DE,False,15,0,2024-01-23
6e99d33ac7d75b0b,1f874be6a0cb1c90,64.81,purchase,api,16,5,AT,False,22,0,2024-01-20
74c20e4b2cfc9802,1ef74de24738db7d,36.55,payment,branch,0,1,CH,False,4,0,2024-06-23
d6ef4fcb0fb3a08e,27c92834df097d11,8.17,payment,atm,4,6,FR,False,21,0,2024-08-06
953e47797399ff93,dd286cf412365357,1648.28,withdrawal,branch,9,3,DE,False,12,0,2024-12-03
742e71fc34ba757c,63d18335b39fbaff,188.8,payment,atm,5,5,DE,True,0,0,2024-01-07
a30602b55593fd78,cba04ef519085d14,150.81,purchase,atm,6,3,DE,False,3,1,2024-08-31
158017e149e8f9d7,d95707c4e6e87efd,91.76,transfer,mobile,10,6,AT,False,17,0,2024-04-24
111fd883d75b9e65,c8bd83145603e477,46.96,transfer,mobile,6,5,DE,False,3,0,2024-03-01
41c05a932779bb37,b53861bc6e140d22,88.22,refund,branch,13,0,DE,False,1,1,2024-06-28
1f517f904cde506d,64080c50db039307,99.36,withdrawal,branch,19,6,DE,False,30,0,2024-06-03
a12e3b0bf1649627,7d5ee2993338f28b,130.41,payment,mobile,12,4,DE,False,29,0,2024-02-14
77caa4e24f2649d0,84fab9f7a7dc984a,26.25,withdrawal,api,1,5,DE,False,15,0,2024-08-23
9a88e0ff0cce4eea,356a8c1e286f5d7a,11.38,transfer,mobile,15,0,DE,False,8,0,2024-10-01
2a6d744e0c4af5ce,19046af20719a933,120.22,transfer,api,2,1,DE,False,28,0,2024-02-25
043ac8ae571e9b03,9d25b2247e76feda,81.26,purchase,mobile,7,6,CH,False,2,0,2024-07-04
2ebae92e1ad2b648,023873d9a8327222,66.05,refund,branch,2,1,DE,False,20,1,2024-03-20
2ccba459f06e2b37,c6ef2a45ddd2f617,46.84,purchase,branch,10,3,CH,False,19,0,2024-11-10
3910e6cff3cca67f,79f7d72f5f58db79,39.26,refund,branch,0,4,US,False,27,0,2024-02-13
e7e1306ff32c7b39,14e24b971303e94d,270.23,refund,api,4,6,DE,True,15,0,2024-08-08
8d202ff9fbd0c5ed,9743d8af544024c4,24.07,transfer,web,18,3,DE,False,22,0,2024-02-27
6a34b1bf212f044c,81124da40b852087,564.2,refund,branch,18,0,DE,False,21,0,2024-11-27
8f37d65a1cb363f4,a790d620cc18f41a,101.46,withdrawal,atm,18,3,FR,False,5,0,2024-08-01
871f8af37c0926dc,3a60297550f4327d,428.0,refund,mobile,10,6,DE,False,1,1,2024-06-28
79ed34ca930ca498,5c84c467820b3240,109.66,purchase,mobile,8,5,DE,False,27,0,2024-09-16
be749dcae71385f4,eaeb32f2bbc92cc0,59.87,refund,api,7,0,CH,False,28,0,2024-03-24
687d63800f31eaf0,93102f8c8c50d21e,17.46,purchase,api,6,2,DE,False,21,0,2024-04-06
8da3f49bfa6c626c,7edd7493d09fd63a,554.25,refund,web,12,5,DE,False,15,0,2024-02-18
7ebf6362e2955db6,18f69bcd2f9cc9c3,88.01,payment,branch,9,2,DE,False,3,0,2024-11-10
317a825307eb097f,39b28406376154b3,91.03,payment,web,1,0,AT,False,2,0,2024-01-31
f284ce8aa64938dd,a4390b8020481075,616.57,payment,atm,17,4,DE,False,2,0,2024-05-06
f1b66abe9e0222e7,85607fb2f086c1c1,470.65,transfer,web,11,5,DE,False,28,0,2024-03-17
3e318f5e532b2e43,f4e1e3e2c455372c,47.44,purchase,branch,9,2,DE,False,29,0,2024-06-07
b16057236a6f749c,1383c0e777d7e42a,279.78,withdrawal,api,23,6,DE,False,30,0,2024-08-14
0abb9b193e78f6b7,d215733731d66368,87.6,refund,web,9,4,DE,False,3,0,2024-12-23
23a902709d2d93d5,f78adc53ffb3b0e6,113.04,refund,mobile,7,4,CH,False,12,0,2024-03-03
9d23ff045c0084e2,d9ce79fc0372e327,76.05,refund,branch,17,0,DE,False,21,0,2024-03-01
9d79953a6f61578c,a38f7ac494b6d0a0,273.14,refund,mobile,23,5,US,False,21,1,2024-09-14
a32db97d19ff2ea3,9a5ccc82ae06bb65,223.17,purchase,atm,14,6,DE,False,13,0,2024-11-01
d3de00b2d74c7e23,692868edafe1ed22,7.0,refund,branch,15,3,DE,False,25,0,2024-09-16
9f648b896ac07310,fe5695a30da60bbd,15.42,payment,branch,16,1,DE,False,24,0,2024-04-24
14a1e8f8c4b70be8,cabbbba151261356,32.79,withdrawal,web,21,5,DE,False,16,0,2024-06-21
cad1f240db51bc1e,67354c40c7454eb7,26.51,refund,atm,8,6,DE,False,24,0,2024-02-11
a9c5c029f96870c8,1bcfd5947f39426e,45.8,transfer,mobile,2,1,DE,False,16,0,2024-12-14
618cd855d704c569,09fc2bea655a24f6,212.26,refund,api,0,1,US,False,30,0,2024-12-02
a6246728380dd360,707dfe078e749c2a,21.8,purchase,branch,19,6,DE,False,17,0,2024-12-16
483c4bf7fc9ac820,016ff9d51a4486dc,56.19,payment,api,23,0,DE,False,21,0,2024-06-26
953dad1cad79d41b,e2cbadb8db971ce1,12.48,withdrawal,api,2,4,CH,False,27,0,2024-11-22
aac4aa8eac056fe2,216e516e33710669,350.12,purchase,branch,3,0,AT,False,5,0,2024-09-27
6f7a10ccd33a5890,744590daea52110c,36.11,transfer,atm,6,3,DE,False,23,0,2024-11-11
8016f34046fcd097,58fe68b77b986d50,305.98,purchase,branch,5,2,DE,False,5,0,2024-09-09
14b57f68513abd45,686c007f83d0eac1,324.12,purchase,web,2,5,CH,False,14,0,2024-02-26
c26b746a40af0108,ed4a16cea68d7e1f,43.93,refund,api,19,1,AT,True,25,0,2024-09-21
5c017ee9597fbc0c,788e7f53c9a7b524,2598.57,payment,mobile,5,0,DE,False,18,0,2024-01-17
8e690f097ad41a4d,3ca015a11b3dab8b,14.92,payment,branch,7,2,DE,False,28,0,2024-02-15
a99a96c6730e688a,d386115847af95a5,3.04,withdrawal,atm,10,0,CH,False,7,0,2024-06-23
24307b191d5c8cd9,783822a5b1d89d21,122.27,withdrawal,api,2,2,DE,False,0,0,2024-07-14
115b0b7c07066ae9,d3654c09e096b5bd,35.31,withdrawal,api,12,2,DE,False,9,0,2024-06-15
dca1147c5ffa6481,c848f2790122e6c2,299.97,payment,web,18,0,DE,False,8,0,2024-07-20
06955e2e8e05e34a,f68f4bdc055c2fa3,71.31,purchase,branch,16,5,DE,False,8,0,2024-06-24
a8b4f3e33ecb3696,caa3f70770df65c2,3.54,refund,branch,8,6,DE,False,10,0,2024-01-13
46feabe4c69e0343,6e4f134425053dd5,14.56,payment,branch,6,4,DE,False,20,0,2024-07-05
bf0ed1eff9adcb82,cfd4f236ea9babb7,185.62,purchase,web,1,0,DE,False,3,0,2024-08-07
6c75dbb334df1505,05773f537a4c7ed1,14.43,refund,atm,15,5,DE,False,3,0,2024-03-22
57b2b80bbdbf25bc,97b20d27eeac7dcf,237.66,transfer,mobile,12,1,DE,False,4,0,2024-08-07
ca731e681a621b7a,9a6c0061bbe97014,81.47,payment,api,5,5,DE,False,3,0,2024-04-18
9f3351c4d1d9ce2f,92d22d40618e5f53,357.94,transfer,api,3,4,DE,False,20,0,2024-05-17
651095eae52a8132,783822a5b1d89d21,18.88,payment,branch,14,3,DE,False,13,1,2024-11-13
97ac3ac56a47ca78,3550bcf50d099218,17.86,refund,mobile,7,1,FR,False,18,0,2024-04-17
9b31e1927fb70afe,c8548340e292f8ae,36.03,refund,branch,23,1,AT,False,22,0,2024-01-12
6a4f1a74bba2c5e0,6664780cf8339f06,45.09,purchase,branch,2,6,CH,False,17,0,2024-10-02
b930bc165bee013d,14be3a476b56c6b3,44.54,transfer,web,12,1,DE,False,0,0,2024-08-08
e1c67a1966712dd4,87a48f2a1473fa26,205.23,purchase,mobile,4,5,DE,False,30,0,2024-03-22
69f86af6aff1b208,3df83a86d1de18b2,69.9,refund,mobile,12,4,AT,False,8,0,2024-06-24
ae287a99f3ee2724,b08621aaed58ed30,653.17,purchase,atm,19,0,DE,False,22,0,2024-08-05
0109ac08effe4b82,3ecd8c40e835c185,40.33,payment,atm,14,4,DE,False,12,0,2024-04-03
f841daa067dc8078,ab4e765e8843ec76,61.83,transfer,mobile,8,2,CH,False,24,0,2024-07-10
c99a8bbc8b4ba554,c0d2834a28f7d955,132.0,withdrawal,web,17,5,DE,False,10,0,2024-05-15
49304e5a0160a264,705161d2912988f8,17.44,payment,atm,21,3,DE,False,5,0,2024-01-01
19abe1d6a304ff80,bbfdcbef0e34347b,35.84,purchase,branch,3,2,DE,False,29,0,2024-05-24
7dac1a0cccb5c22f,eaeb32f2bbc92cc0,72.08,refund,mobile,0,2,AT,False,23,0,2024-10-13
d943c64678ef557a,4885e4643962dea4,326.71,payment,api,16,4,CH,False,1,0,2024-03-07
4dd7412ad27dcabf,a2ff8127a2edf96f,42.46,refund,atm,4,1,DE,False,15,0,2024-04-18
57e86d217cfece54,fb31b871b8a3adab,227.52,refund,mobile,18,6,US,True,10,0,2024-01-08
68e804d837348fd6,26f42509cf5cde8e,137.95,purchase,api,17,6,DE,False,14,0,2024-10-19
19dc47cc374bab57,25a2fefaa45a6219,95.04,withdrawal,api,22,6,AT,False,6,0,2024-01-18
b964dc405b28dbb7,cfa67ed2210f6940,40.49,payment,api,0,6,DE,False,1,1,2024-09-03
b2bd2ee1ba8eea15,a2fa5f5fb5b6d810,103.34,withdrawal,web,12,4,DE,False,0,0,2024-10-14
17004f057d28e711,842e12789ce58df1,241.85,transfer,web,17,2,DE,False,24,0,2024-11-26
e3018b4f15248858,c13e306f211ed1f4,115.79,payment,web,18,4,DE,False,22,0,2024-05-23
cf7efb473731d13f,4852c491722ca246,262.64,withdrawal,api,23,3,DE,False,11,0,2024-12-05
94836760920d7e34,bbbdc5bdd5d4f50a,36.87,refund,atm,16,5,DE,False,22,0,2024-10-15
bb5e38efde754c96,e5847d6824a5e200,178.11,purchase,branch,2,2,DE,False,21,0,2024-10-17
4336f397803ce401,2f32543265ea675a,204.17,refund,api,10,6,DE,False,9,0,2024-12-01
199253632892d207,6a168ae298a97d31,15.89,payment,api,2,5,DE,False,1,0,2024-04-06
019362dcbdb1d7d4,e2e2d702793e5410,69.37,withdrawal,api,4,0,DE,False,6,0,2024-06-22
b99004c6dc541551,f6f0f3fb39eda772,138.53,refund,api,20,3,DE,False,3,0,2024-11-28
d8671dbb35278994,89f7acc482b0f4c5,190.43,payment,branch,3,0,DE,False,28,0,2024-02-27
3e24b8c326d7e815,0cf489584e43aaa5,503.81,refund,api,10,4,DE,False,3,0,2024-12-29
7207e4bfb6ae22d9,3b9b7927f45a9da6,38.17,payment,branch,6,1,DE,False,9,0,2024-05-22
bda1a269942c48b9,20d0575d08c7416f,14.16,payment,web,0,3,DE,False,8,0,2024-04-30
d307ad09e0dcf245,c281620ecc16e8ea,31.55,refund,atm,2,5,DE,False,16,0,2024-10-23
5d2a005312003c0e,4a4756cc2cdaeaa0,90.34,withdrawal,web,14,4,DE,False,7,0,2024-10-12
cd2d50973cbd3d56,3b3d64cca5a929f3,276.6,refund,atm,17,4,DE,False,9,0,2024-01-26
c2b05e60ce443b34,3f8912e52a75358c,121.19,refund,web,19,4,AT,False,28,0,2024-07-22
1c8d6ea48fb9b74c,2faecd2ea9af1b38,192.29,purchase,branch,9,0,AT,False,7,0,2024-08-16
b72a14f25106328e,90378b5f74c6c6ee,105.42,purchase,atm,0,4,DE,False,3,0,2024-02-23
d911f5b7c4a80173,afe40b8a8f0f3d84,134.88,payment,atm,19,1,CH,True,12,0,2024-09-12
b4992e5a5ef28a54,75296ede9828066e,115.86,withdrawal,api,6,4,DE,False,27,0,2024-08-10
e114fc9b62951dfd,a38f7ac494b6d0a0,184.58,refund,mobile,8,3,US,False,4,0,2024-07-29
2f2cbee104af58a1,f33e73bdea47d5d7,130.47,payment,branch,20,6,DE,False,12,0,2024-12-26
aa170830e58df809,3c988be854d19cf7,138.2,payment,api,14,0,DE,False,15,0,2024-09-25
731b8607b0848b8c,da1ce756a9266d28,79.22,transfer,mobile,10,2,FR,False,2,0,2024-11-14
a48f45cd09e862d5,84a767726dc564b9,82.79,withdrawal,web,17,0,DE,False,8,0,2024-05-14
24ba490b3efeb6b3,d11d9804ea41b9cb,66.62,payment,web,8,6,DE,False,11,0,2024-07-29
da50e5ef5609ec9c,81d95c143c333ee7,89.33,withdrawal,atm,11,4,DE,False,18,0,2024-06-29
f332bcebe70e8d93,2cc5ecdf62ff6e89,110.95,refund,api,0,6,DE,False,22,0,2024-12-20
65cb01f24b60a294,c6ef2a45ddd2f617,108.2,withdrawal,atm,9,6,DE,False,23,0,2024-03-15
0dc88a827882c8ba,25a2fefaa45a6219,26.17,refund,api,14,6,AT,False,6,0,2024-12-10
874e3bd5709afa8d,988481da002ff954,77.73,purchase,branch,11,5,DE,False,9,0,2024-05-03
7c0d6b32b9a2fe94,bbfdcbef0e34347b,81.68,payment,branch,11,6,DE,False,4,0,2024-01-30
d901b0d1810334d7,26f42509cf5cde8e,79.47,purchase,mobile,10,0,DE,False,23,0,2024-02-22
af11b11b753f836e,1e14b7c74622ac4b,37.7,payment,branch,13,1,DE,False,20,0,2024-04-02
cf0c4ffe1a3f7d84,6a7e697c2a185547,75.11,purchase,mobile,13,2,DE,False,28,0,2024-08-10
edc45604be518fc6,cfd4f236ea9babb7,14.1,withdrawal,mobile,14,6,CH,False,26,0,2024-04-19
cde73d50ddf9516d,70a47eb6dcfc057c,649.72,payment,web,5,2,CH,False,1,0,2024-07-23
919f1eca4f612c48,b53861bc6e140d22,72.84,withdrawal,mobile,7,0,AT,False,9,0,2024-04-22
b129b9fdb5750f0c,0d0033838b14a9bf,216.28,refund,branch,10,1,DE,False,8,0,2024-05-01
43739c53c78bfeae,a1afea0794aed73b,50.85,payment,atm,4,6,AT,False,13,0,2024-09-23
e6e919b8d882bef4,65495bd15778eb48,207.11,transfer,api,6,5,DE,False,5,0,2024-10-09
537a431f3d3650b0,7c7af75cffc2d2e2,249.53,withdrawal,web,4,6,AT,False,3,0,2024-04-07
cced57f4a5e96fc9,b2fdf2de15f490e9,242.52,payment,web,15,4,AT,False,9,0,2024-12-23
ac6a3cce3ed8bb9c,9add13dae81ea94f,53.88,purchase,branch,23,3,FR,False,12,0,2024-04-13
d43c6f5b4ce85347,79f31847f0a1fb1e,80.5,purchase,web,23,1,DE,False,11,0,2024-09-02
0de3a48859253df3,c70667064ebd7fff,24.63,purchase,atm,12,2,US,False,23,0,2024-04-16
22f44ea195c95e7d,7e6231315e2ab6b2,53.53,transfer,branch,2,3,US,False,6,0,2024-04-08
02b55484431e0e66,2599d3f84b57199e,65.06,refund,api,19,3,DE,False,2,0,2024-06-11
9f858f53da67cada,9714754ba9ca7aa1,41.71,refund,api,6,5,DE,False,13,0,2024-03-05
00d50686ccc87d60,f7af4dc3737fd9e4,236.82,payment,web,15,6,CH,False,7,0,2024-02-09
e0bac3221e38103d,074e14ee8997525d,116.95,withdrawal,branch,1,0,CH,False,29,0,2024-10-26
e02162565e8402ac,de77ec1f76a7aec8,101.46,withdrawal,web,0,1,DE,False,6,0,2024-11-20
2d3e9c7b879aa444,387997a756b60d48,189.74,refund,mobile,23,4,DE,False,6,0,2024-05-17
bbf5fd5e6a70bb63,5a4f09026b5bd8b5,177.2,payment,branch,13,4,CH,False,11,0,2024-07-23
fb0accfffbf5b6f2,4762862489547fd2,36.44,refund,mobile,17,4,DE,False,24,0,2024-12-01
77520c59ff56981b,6664780cf8339f06,23.77,withdrawal,branch,8,4,AT,False,27,0,2024-02-09
16b5529ca3b7e0a0,224fb9a274e0418f,12.75,purchase,api,21,0,DE,False,6,0,2024-05-16
feb5822c83a467e3,449468eb0d2d9425,29.85,withdrawal,atm,14,6,CH,False,17,0,2024-06-30
0baca7df151eb9df,271851a35dd63fe7,416.04,withdrawal,atm,10,0,DE,False,20,0,2024-03-12
7258bc9fe18a91e3,430d5e560fc5effe,156.25,transfer,branch,22,0,DE,False,25,0,2024-05-18
bf627fc04ba9b969,f431ecb7711615b0,68.21,purchase,web,4,1,AT,False,8,0,2024-11-22
7541cdda6ffbfc6a,9cca632d144505eb,30.21,refund,web,6,3,DE,False,26,0,2024-08-27
9a4e95b349f49260,886a3db278c0c1a3,212.1,payment,api,21,3,DE,False,19,0,2024-04-19
011537efe92811a7,d133b4740ead06a0,64.12,payment,branch,10,1,DE,False,2,0,2024-11-23
22f1076fe4e9bee1,6e46faafb066708e,708.07,transfer,api,21,4,CH,False,23,0,2024-06-13
9c96732b199c1ff8,7a95d43b030bcb1f,65.76,withdrawal,api,20,2,DE,False,12,0,2024-06-26
c6fec42b024a82e2,448e54f978934d2e,151.01,transfer,branch,16,2,DE,False,13,0,2024-08-28
a55833f687dd9641,533bbbafa1feecc9,230.34,transfer,api,3,2,DE,False,27,0,2024-06-28
ee87786227631086,174082e445371ba1,1920.36,refund,api,14,2,DE,True,9,0,2024-04-18
b9241dc4749173cf,703456167a7acd17,102.9,withdrawal,atm,0,0,DE,False,2,0,2024-12-17
2e42ca311b3a1b3f,58ed68e151539877,269.6,withdrawal,api,3,1,DE,False,30,0,2024-11-06
8881aa262ad5e13b,d4178519491ed4e0,10.53,refund,mobile,0,4,AT,False,5,0,2024-01-21
54072ab5d3ac5f53,cb3a7a12ac0f2654,15.07,refund,branch,1,6,AT,False,12,0,2024-04-13
cf971bc31ba09c09,f61e060c86948745,112.01,purchase,branch,14,2,DE,False,21,1,2024-12-05
cc77be3af5cc6956,c8bd83145603e477,86.7,withdrawal,api,21,3,DE,False,19,0,2024-01-10
b2e019d3c62f0c66,a2f1ae70dbe7c06c,3.15,payment,web,5,2,DE,False,6,0,2024-05-12
5906533cc90659db,d11d9804ea41b9cb,74.69,payment,branch,15,5,DE,False,9,1,2024-11-18
e1311d2f8f08ce5f,74aea4f110f27179,50.42,payment,web,19,5,DE,False,30,0,2024-12-23
1dcf90720c1f10b7,705161d2912988f8,56.64,transfer,mobile,3,3,CH,False,23,0,2024-10-09
8d006a8616fd3216,aa03c6e4e5791767,11.23,withdrawal,web,4,3,CH,False,25,0,2024-06-29
9dd0fc644a50207f,26ca3d0df8ed600d,95.53,purchase,web,14,1,DE,False,9,0,2024-10-22
b267f65facdd1a57,d3654c09e096b5bd,168.48,purchase,branch,16,4,DE,False,12,0,2024-06-23
183b5042293f157a,dd2faed52032391a,32.95,withdrawal,mobile,1,2,DE,False,13,0,2024-05-10
13c1f3710ee306fe,207fe588bb4392c5,33.49,purchase,mobile,15,2,AT,False,1,0,2024-12-03
893e0ed8956c4286,7f55f073111f191a,12.33,purchase,api,19,1,DE,False,23,0,2024-02-12
441d41f4de8d509a,f7af4dc3737fd9e4,546.16,refund,web,11,6,DE,False,27,0,2024-05-31
7049fcbe51aafb78,244a999dbc2e7573,272.87,payment,atm,3,6,DE,False,8,1,2024-09-19
821a97c5eb45ae91,c13e306f211ed1f4,1041.86,purchase,branch,18,6,DE,False,10,0,2024-07-24
4bcc3bc3f0d3f2e1,ea76132d9f572ff4,111.92,refund,web,20,1,DE,False,1,0,2024-07-22
531119d4c39f7792,623628e8186471ea,104.43,withdrawal,branch,12,5,DE,True,19,0,2024-10-24
0e70c0de8b28d8bd,4e061814b1e7346e,76.2,payment,atm,3,2,DE,False,5,0,2024-09-13
a4018d39d79a8ae2,2cee8df3253c6be0,238.56,purchase,atm,7,6,DE,False,23,0,2024-08-13
30b54a25b857a674,244a999dbc2e7573,51.7,purchase,web,12,2,DE,False,22,0,2024-07-26
9abf4c63e923ffe7,2f6a7cc25b5c97ab,98.44,withdrawal,mobile,9,0,FR,False,16,0,2024-09-08
fe2b190e07d7179b,22727d17208d372b,28.04,transfer,atm,23,5,DE,False,0,0,2024-02-11
7d40258892657c4f,11b0f22fe097ebd1,588.32,payment,atm,18,5,AT,False,1,0,2024-03-07
3779ce141535c95d,250219c2401f56a4,538.01,withdrawal,branch,8,5,DE,False,21,0,2024-08-11
f9351a9c13d1fddf,fd0a807ca0df70a8,52.76,refund,web,5,5,DE,False,25,0,2024-03-19
feb22ad244aa1a0a,6463222113544c6b,366.1,payment,api,0,5,DE,False,14,0,2024-07-04
eba5712c10031b3f,67354c40c7454eb7,49.96,withdrawal,mobile,10,2,DE,False,14,0,2024-03-29
dba8c93b699ef266,3b9b7927f45a9da6,119.99,withdrawal,atm,12,3,DE,False,29,0,2024-09-04
17e8a70970eea14b,d28853d261e28c50,234.29,transfer,mobile,7,5,DE,False,20,0,2024-01-14
693b83f7303d218f,7d5ee2993338f28b,4.06,withdrawal,atm,11,1,DE,False,27,0,2024-10-08
6dca48dea9aa3673,267e625565404acc,136.2,transfer,api,23,2,DE,False,16,0,2024-03-11
5afddc449b9639e4,e1b74aaa16682d8d,439.6,transfer,branch,22,1,DE,False,29,0,2024-05-21
f23594e9ede20acd,aa1ec59bd2903131,289.45,payment,atm,9,3,DE,False,28,0,2024-11-06
04202e9add154d7b,b0b6dd3d1297e56c,51.21,purchase,web,17,6,AT,False,21,0,2024-01-06
5dccffe2908e5f03,81124da40b852087,179.86,refund,web,13,5,DE,False,4,0,2024-08-04
c0b469f0ba295863,044bd9f45244b936,126.41,refund,mobile,4,1,US,False,16,0,2024-07-23
0ff86e33ad12c650,744d8a1d6cb48194,40.51,transfer,mobile,22,1,DE,False,7,0,2024-03-11
5d0852b121c6c86a,1b944f8ec429e26f,71.08,transfer,api,16,5,DE,False,17,0,2024-10-31
7a30d7ebc015bcc2,cb145f30d0513f9d,116.88,transfer,mobile,21,1,DE,False,23,0,2024-07-21
dba0fc7474017d60,18f69bcd2f9cc9c3,146.01,payment,web,16,5,DE,False,6,0,2024-02-26
81bde3dbdf74e07c,8dc183040a2d2cdd,153.26,withdrawal,mobile,2,6,DE,False,26,0,2024-08-16
4e9940a31d20ea5d,11c1d84fadb1c7c2,25.65,refund,api,21,5,DE,False,8,0,2024-03-25
c6d52c488219961e,68a650ac8fd9caa6,32.51,purchase,mobile,1,1,DE,False,25,0,2024-01-27
d33632afa7abeb02,3f8912e52a75358c,21.21,purchase,branch,7,3,AT,False,24,0,2024-09-16
85b9356cd30a12ba,a2ff8127a2edf96f,121.6,purchase,web,23,5,FR,False,26,0,2024-04-29
dd48a806b1f7c93a,d5b91e64f71dcc83,82.94,payment,mobile,7,4,AT,False,18,0,2024-05-29
110521bdb266ebe4,dc04c42ebfeda16c,153.64,refund,atm,21,6,DE,False,30,0,2024-08-25
aab02f5fb1acdc73,704d95a855bc1c1f,252.63,transfer,web,14,4,DE,False,17,1,2024-10-21
3a92f3941bf771b3,d74b06ffbaac2f60,118.88,withdrawal,mobile,14,2,DE,False,22,0,2024-08-16
ec371f421e2117d6,959c15d7aeddff50,15.64,payment,web,3,3,DE,False,22,0,2024-08-23
68fecb5d135d6f6c,1df807fa2247cd59,51.26,payment,web,13,3,AT,False,8,0,2024-11-06
ee611fc75d724f4d,1f874be6a0cb1c90,350.86,purchase,web,22,3,DE,False,28,0,2024-12-30
367b9af34567350a,ceabfd7dba2cdcee,34.32,refund,mobile,7,5,DE,True,29,1,2024-04-19
6d4ba97159640581,24deac2b448e263c,18.65,withdrawal,atm,21,0,US,False,20,0,2024-04-27
24d4f7d693d3245c,67206c8525e04df6,32.77,transfer,web,7,3,AT,False,29,0,2024-07-08
8b653079f2cad58d,842e12789ce58df1,632.28,withdrawal,api,16,5,CH,False,17,0,2024-11-11
9c6057d5758cf75e,28c2b9d5a3056adf,89.62,refund,branch,7,1,DE,False,4,0,2024-09-03
48ca18bf95ef0fa2,3f8912e52a75358c,269.4,refund,api,12,1,CH,False,1,0,2024-01-16
9803945148e0d6a2,79ae08fe23fd6203,373.79,payment,mobile,17,0,CH,False,29,0,2024-05-11
995ece3cd023e2f2,7f08e90a594767b7,71.57,purchase,api,17,5,DE,False,8,0,2024-05-20
f6f53b994a522ec0,0eee2a184ccd2544,12.5,payment,web,3,2,DE,False,24,0,2024-06-14
441daea1d9026d1f,40795a3e29c51480,253.42,payment,api,23,0,DE,False,16,0,2024-04-24
c0c3d05d36017aa3,fe5695a30da60bbd,10.88,purchase,mobile,15,5,FR,False,3,0,2024-03-27
685304873e23f9f1,4a4756cc2cdaeaa0,751.16,transfer,mobile,2,6,DE,False,9,0,2024-07-16
b770e23cd64838f1,09ab9c9076ff0dc4,308.3,transfer,branch,14,3,AT,False,14,0,2024-08-13
c1b4109b7a51d6a2,f4e1e3e2c455372c,13.78,withdrawal,branch,0,2,DE,False,30,0,2024-06-18
c29511ae4877cdbb,8e8ef9b2d63288e9,290.76,payment,api,12,6,DE,False,20,0,2024-08-11
723d395981a2bd5a,dc04c42ebfeda16c,151.67,payment,branch,22,2,AT,False,5,0,2024-10-16
7a40a0ebd9a4fd76,4d6eb45fd05d56fd,255.41,transfer,branch,0,2,DE,False,0,0,2024-10-05
be9be69326349808,cf24922037aeb96d,13.53,purchase,api,7,0,US,False,5,0,2024-04-14
8a24d75bf1ad99f2,f17b1c284520d4e3,122.58,refund,branch,21,5,DE,False,5,0,2024-09-20
3151202d9cd036f0,bc7c29eefe7123ba,125.61,transfer,mobile,15,6,DE,False,11,0,2024-12-21
533fe5eda684ceba,5a412311b1b38c82,172.57,withdrawal,branch,5,3,DE,False,19,0,2024-05-28
043f8148f9d405ac,7ec26dd45a2ecad7,215.33,payment,branch,9,0,DE,False,12,0,2024-10-22
b428c65bc06196db,b4d5d08374e3b34a,163.56,transfer,branch,13,4,US,False,6,0,2024-02-13
35fbdb7b597e41d3,e7f8b23a62389cc1,108.13,refund,mobile,0,4,DE,False,15,0,2024-11-03
47ffe19408108426,25ea9e9c9f1d2ee0,27.85,withdrawal,api,3,2,DE,False,5,0,2024-07-18
580812abb0c3b2e3,7606fac68580d2c7,32.97,payment,api,6,1,DE,False,30,0,2024-05-27
27c2009fd6f120a8,220587bd50b23c82,16.48,refund,mobile,16,2,DE,False,27,0,2024-12-22
2e1bb0ee1b004ee3,409ac406fa85dadc,26.11,transfer,web,18,0,DE,False,20,0,2024-05-29
7ab4019e8cb7701b,567693f9de40afdd,370.59,purchase,branch,21,3,DE,True,3,0,2024-11-01
42cc696bbd2c56ff,b4d5d08374e3b34a,25.82,transfer,branch,11,0,DE,False,28,0,2024-05-12
9a1f5b4ffbbca0bb,6734081fc5799be2,11.86,purchase,branch,18,4,CH,False,17,0,2024-06-16
acbf6c64906f5293,cd00dc8810df1048,168.49,refund,branch,11,1,AT,False,29,0,2024-01-21
7f8d5a514a19d7ab,a2fd300705d48a59,632.68,withdrawal,api,6,5,DE,False,3,0,2024-08-24
93ce46ee7f1901c3,783822a5b1d89d21,475.01,refund,api,15,1,DE,False,10,0,2024-12-03
9ade317d9e90a081,1afdd1a2c9be1455,58.95,transfer,atm,19,1,CH,False,21,0,2024-04-04
f7a85f4ce837157e,11bccca6fdc498bb,82.9,withdrawal,api,11,2,DE,False,0,0,2024-06-11
10b734e673df14dc,7f08e90a594767b7,32.77,purchase,branch,14,1,DE,False,21,0,2024-04-07
57b12fe6faa4f24b,5e971feb22cb149b,14.73,payment,branch,6,4,DE,False,12,0,2024-11-14
62ff928b7393b434,118f541bfed3be3e,31.24,refund,web,14,1,DE,False,19,0,2024-02-27
f68181168770d794,535a3d7407a53ec9,55.48,transfer,branch,2,2,DE,False,9,0,2024-12-13
4c21cbe34f4ce217,455d12da511ab656,377.15,withdrawal,web,21,6,DE,False,17,0,2024-11-23
1249537bb81d4086,cb145f30d0513f9d,191.87,refund,mobile,10,5,DE,False,4,0,2024-04-29
28cd193cf961b868,1e0df9c532a06351,65.65,purchase,atm,16,5,DE,False,7,0,2024-01-24
b1b6d5a6db043306,5a412311b1b38c82,102.68,payment,branch,0,5,FR,False,7,0,2024-12-23
c34ab9d3d66ec670,466084ce02acd76c,84.07,payment,branch,5,3,FR,False,30,1,2024-12-10
9b2e16596253c5b1,bb1163efc37aff0d,40.05,payment,atm,14,5,DE,False,24,0,2024-06-20
e9d4818fe765f09a,bd246b4341e55fef,109.58,refund,branch,11,2,DE,False,28,0,2024-11-03
20bd20d6b2d1df61,114f7360cdf50a16,81.18,refund,web,13,5,DE,False,19,0,2024-02-09
6af631dffbbaf12c,466084ce02acd76c,3342.74,refund,api,14,2,DE,False,6,0,2024-02-12
ff4d12a93a4792c3,3d1981c5ee371d67,194.65,purchase,atm,15,5,DE,False,16,0,2024-06-24
536cf2a62659ed8c,977c64cfba67295a,27.43,transfer,atm,17,6,DE,False,24,0,2024-04-28
8f6641262b9d68f5,759c7bc81a6567b8,24.87,withdrawal,atm,2,0,AT,False,11,0,2024-08-20
3a0cf6bdec8ea679,1b2ee82dc979a6cc,60.62,refund,api,17,0,DE,False,4,0,2024-10-27
d089ba98d0d25dfc,caa3f70770df65c2,46.41,payment,branch,23,6,AT,False,29,0,2024-07-23
6686eb255495d227,1e0df9c532a06351,257.02,refund,mobile,5,1,DE,False,26,0,2024-09-20
fc20e890ac0a4333,d741cef7a3234a8d,48.55,refund,mobile,20,1,DE,False,10,0,2024-12-17
63a9fac9a6c48713,cb3a7a12ac0f2654,95.07,transfer,web,12,3,DE,False,15,0,2024-12-23
0536d8bdc4c35c06,a265fd09e4a67210,12.65,payment,mobile,17,0,DE,True,28,0,2024-08-02
29b359b5f344b777,399d361b0b750759,73.33,refund,web,16,5,DE,False,8,0,2024-11-15
828a5663b0add8e6,4852c491722ca246,215.97,transfer,api,9,6,DE,False,2,0,2024-10-20
5c40755b3ad8c231,b1f6aff0c1a0b989,63.0,transfer,branch,10,4,US,False,15,0,2024-10-30
8ca590910530d211,f51d70a6070e06e9,345.89,withdrawal,mobile,19,6,AT,False,0,0,2024-12-08
28d3c0daa9e5506c,988481da002ff954,253.01,payment,web,14,3,AT,False,9,0,2024-10-03
7d5173280d834023,778f1472bf7067c2,34.73,purchase,atm,18,0,DE,False,14,0,2024-04-13
caa9bfd5f03224ee,9e04230ae86651f3,230.73,refund,branch,12,1,DE,False,2,0,2024-11-22
15e7b9ef8cbd89c0,778f1472bf7067c2,80.71,payment,branch,8,4,AT,False,12,0,2024-10-22
29c77f94750384c1,09fc2bea655a24f6,136.04,transfer,mobile,14,4,DE,False,16,0,2024-11-15
ccd63aee5822b402,704d95a855bc1c1f,36.05,withdrawal,web,2,1,DE,False,25,0,2024-02-11
2aabd8a2ee8e2529,6463222113544c6b,766.52,refund,atm,4,2,DE,False,18,0,2024-01-04
c01bc6c87bc4a0f1,174082e445371ba1,225.93,withdrawal,api,23,3,DE,False,19,0,2024-05-11
42474490eebf4c7d,9a6c0061bbe97014,218.77,payment,atm,10,1,AT,False,4,1,2024-04-14
d551750ac9e19002,ccde1e88c9dacee8,107.55,purchase,web,7,6,AT,False,27,0,2024-03-08
f48cf34ba8e76d23,875c96b52ad634b5,34.5,refund,branch,11,1,DE,False,16,0,2024-08-08
17832ec5a3caaeb3,044bd9f45244b936,47.85,withdrawal,branch,22,4,DE,False,5,0,2024-11-25
6cc7641f0ea6317f,719634f087c58b78,217.28,payment,branch,2,0,DE,False,15,0,2024-03-14
99b1704921ef2c20,cf3ced1a30242c1c,302.06,payment,branch,0,6,DE,False,20,0,2024-05-03
0b28e19b40bc40b9,40795a3e29c51480,20.79,refund,atm,2,3,CH,False,1,0,2024-09-04
3f1e85f34b3b7699,3cdd1af24469afca,12.45,payment,branch,12,1,DE,False,5,0,2024-04-19
a779964b511db99a,216e516e33710669,36.6,transfer,branch,5,6,DE,False,27,0,2024-06-04
2b058833dca666b5,65b92ffea23cd778,41.32,transfer,mobile,0,0,DE,False,8,0,2024-07-05
9238e3d7b6edb082,a80add72462cd85f,121.76,withdrawal,atm,2,4,DE,False,6,0,2024-02-23
064d91612c8412eb,c366faef9cbfbfd6,176.18,payment,atm,1,4,DE,False,18,0,2024-05-03
c3fe874c1bb3175c,14e24b971303e94d,20.0,purchase,web,1,5,DE,False,30,0,2024-05-29
7ee04eae4ab8ed2f,114f7360cdf50a16,98.28,refund,atm,4,1,DE,False,14,0,2024-06-29
0ad5a9f24e64c1d0,65495bd15778eb48,29.87,withdrawal,atm,4,4,DE,False,0,0,2024-04-17
7e0ad71ef26e87f2,61fd0f5864ecb010,184.77,purchase,branch,9,4,DE,False,24,0,2024-02-16
8cb609e58adec125,3d9d6ee6fa361a6d,48.92,withdrawal,mobile,6,4,AT,False,19,0,2024-02-08
f9e749ef6a9a8643,81300e96b360deb4,16.04,transfer,atm,14,3,DE,False,5,0,2024-05-28
7df5d468d5315ebd,788055dac7b97bee,38.48,transfer,branch,4,6,DE,False,15,0,2024-06-28
30e865813394a0ed,ddec1d52a8577332,30.3,withdrawal,branch,14,5,DE,False,24,0,2024-08-10
784cc6a10ccaa5b6,2105f94aa6b4d33d,412.91,transfer,branch,13,2,DE,False,25,0,2024-11-14
850d9289afe4356f,0eee2a184ccd2544,417.14,refund,api,15,1,DE,False,22,0,2024-09-18
6884b26c62a622a2,a80add72462cd85f,41.21,payment,atm,21,6,DE,False,9,0,2024-03-05
ec5cf9da2a772f20,ba6854b5e65567f3,230.92,transfer,branch,17,3,DE,False,14,0,2024-06-11
316e1c96709003f2,470265a8c14c52e0,22.61,withdrawal,web,1,3,FR,False,20,0,2024-10-14
771432a1fececad3,d741cef7a3234a8d,39.29,purchase,web,2,2,DE,False,2,0,2024-09-14
866a30abdd1d8799,52978548f0059668,486.6,payment,web,23,1,CH,False,20,0,2024-07-26
e2e0d8dd6d94949b,cc57238a136e920c,135.99,payment,branch,1,2,DE,False,24,0,2024-11-15
b7e835bc38f3dd33,bfde2e0db1f91226,499.64,payment,atm,8,1,DE,False,12,0,2024-03-05
58a4e45c149ce124,7cd6a5223fc31e17,229.67,purchase,web,18,5,DE,False,7,0,2024-12-27
ffd569991b05e473,466084ce02acd76c,83.81,withdrawal,branch,11,4,CH,False,5,0,2024-01-19
9bac00d68c0b3b44,c03ffd1693bec76d,93.8,payment,atm,13,5,DE,False,28,0,2024-03-11
f824e7c82f73a46b,d28853d261e28c50,136.65,purchase,mobile,2,6,DE,False,24,0,2024-08-20
b6fc4c5a7c432f1a,6cacffc716869f24,106.19,transfer,atm,0,5,DE,False,11,0,2024-02-25
0c5b84b74957db44,22727d17208d372b,32.39,purchase,web,18,4,DE,False,3,0,2024-11-29
18b5e039439fa666,07b871ac172a9c35,362.98,purchase,web,20,4,CH,False,4,0,2024-05-18
1ace41cea672df1f,0fe90c42e16ec1ac,49.21,transfer,web,9,2,FR,False,24,0,2024-10-10
51756aadbe12a229,84a767726dc564b9,13.4,transfer,web,14,6,DE,False,28,0,2024-09-22
3d7ff5bcde2f9604,79ae08fe23fd6203,54.43,transfer,mobile,5,3,AT,False,21,1,2024-02-19
77a9d977ff11b3c4,623628e8186471ea,506.14,purchase,branch,4,2,DE,False,24,0,2024-05-25
70066c115a1b0afe,d89bfd5e918e6684,322.39,payment,api,1,3,DE,False,4,0,2024-01-04
325929f772fa827b,097fd8b6f9a08ae3,298.56,payment,branch,6,5,DE,False,23,0,2024-01-10
7d93fe3582ef486e,390be1c29d49d018,144.2,withdrawal,branch,23,2,US,False,7,0,2024-05-02
49ecafeaf1d0158d,9818e0f282db1ff0,40.34,purchase,mobile,9,4,DE,False,16,0,2024-11-29
aaa16e47295eb2bc,84a767726dc564b9,301.93,purchase,api,0,1,DE,False,27,0,2024-09-01
1abac0e1cf6231ee,83202fd60562511d,86.6,purchase,atm,4,1,DE,False,21,0,2024-12-07
20ae277f3bdb55ab,af7c0a451d8bd57f,22.59,transfer,mobile,21,2,DE,False,1,0,2024-12-13
fc57e912c350fdf8,8ca025aa63ad7f19,116.48,refund,atm,11,6,CH,False,1,0,2024-03-05
821a7ba7155cdcc1,5ce4a8318d8f92e9,22.05,transfer,api,6,3,DE,False,20,0,2024-07-27
6b8106c673b0777e,6cacffc716869f24,52.93,refund,atm,19,0,DE,False,22,0,2024-12-21
0322524c814a3a4f,be15ab4e1a02bf8f,1000.97,withdrawal,atm,10,5,DE,False,19,0,2024-09-11
e3b1e54b06537edd,f3949495d1d258f1,87.77,withdrawal,mobile,17,1,DE,False,16,0,2024-02-25
0a864e3bf68e83ab,a83327220e8416d4,422.04,transfer,atm,5,6,DE,True,2,0,2024-05-12
0bdf86045fc3778f,63d18335b39fbaff,17.63,withdrawal,api,14,3,DE,False,8,0,2024-02-28
a753758a8b198a49,2709c6d24922d50e,303.6,withdrawal,branch,12,2,DE,False,13,0,2024-11-23
386291db0e62ed35,cfd7bfdc0ab5033a,137.13,refund,web,14,2,CH,False,6,0,2024-05-13
a8ec844e234c48a7,93102f8c8c50d21e,64.66,refund,mobile,7,2,DE,False,27,0,2024-06-20
d61f182caf0cfb68,f4aebc96462e6b0f,97.29,transfer,web,19,6,US,False,1,0,2024-08-06
8a516726c92b2b16,73c62aac5c083e57,43.6,withdrawal,branch,2,1,DE,False,21,0,2024-06-01
6db23930d9deea42,3fc342302a9bcaff,23.57,refund,branch,18,5,AT,False,18,0,2024-12-10
52732926113da848,cb3a7a12ac0f2654,30.34,purchase,mobile,10,5,DE,False,1,0,2024-04-25
3fd5094f74e70620,2a4637feda49b45d,161.29,purchase,api,13,3,DE,False,8,0,2024-08-17
f48f7debcf539e9e,b99db9927fd6de2b,262.92,payment,branch,2,4,DE,False,19,0,2024-02-28
c005932fb7aade92,0ef584decd975f31,101.16,refund,branch,21,0,DE,False,21,0,2024-02-28
bf5966afcc090cd6,673514b88fe6c0c7,24.4,purchase,atm,0,2,AT,False,2,0,2024-10-26
fc11d07c3e63de7f,a8167c6a875a70a9,159.11,payment,web,15,2,DE,False,4,0,2024-08-15
c349fffa592aae41,4e061814b1e7346e,19.85,transfer,mobile,16,5,DE,False,25,0,2024-11-25
ba666cb2caf242e1,bbbdc5bdd5d4f50a,996.05,payment,api,3,0,AT,False,21,0,2024-02-14
4ba7f0ef6663cc93,244a999dbc2e7573,105.11,payment,atm,20,6,DE,False,12,1,2024-03-02
5504e4e14b7ecaa0,aa70cf27e477cd4e,216.63,withdrawal,atm,21,5,DE,False,30,0,2024-04-01
a8cab7bf3d800ad9,02cf0c5ce4fdbcb7,187.24,withdrawal,web,16,0,DE,False,14,0,2024-05-17
d104030eda1d0813,88256bb2a38ef014,136.47,refund,atm,21,3,DE,False,10,0,2024-01-24
9cb49ca526df979c,639fffe8f52ba3ca,231.46,refund,mobile,7,6,DE,False,8,0,2024-09-14
f103af0898fc9af9,9351b9869bfd640b,50.17,payment,api,22,6,DE,False,30,0,2024-05-24
7b8f1172cbdc2658,e5b1e41da4f5a0ef,25.7,payment,atm,19,5,DE,False,22,0,2024-08-25
3a2a3ca65189ea73,7dca056d1b851684,46.72,withdrawal,mobile,12,0,DE,False,16,0,2024-09-30
858fb014989490e5,f130ec10be50dac5,23.58,payment,branch,5,6,DE,False,23,0,2024-06-03
a90acbd1f1565a4e,ffeee34bbe241244,88.65,payment,api,13,2,DE,False,18,0,2024-09-20
d607cc42730ce723,d4178519491ed4e0,706.53,purchase,web,3,3,CH,False,17,0,2024-07-30
8fdf9a28219cd83e,f148d5c44b2f2680,523.92,refund,atm,7,5,DE,False,24,0,2024-04-20
6c38f38b0760598f,0b80468f1b1e962d,41.5,purchase,web,19,4,DE,False,23,1,2024-10-04
eafc5706e1737557,dd4bc80c6125668a,209.86,transfer,mobile,12,4,DE,False,0,0,2024-08-19
11fe722ad0244cf8,d7ab65598d82d494,77.52,withdrawal,api,17,0,DE,False,25,0,2024-03-16
389e0bb6c5163a5f,8560f29217da0829,37.59,withdrawal,atm,12,2,DE,False,12,0,2024-04-17
553d5c57fd4a0149,a6b9c1ef773a06bd,10.64,payment,mobile,19,1,AT,False,28,0,2024-01-30
cc98a794331d99df,c34245c3d61ac215,14.63,payment,web,7,3,DE,False,18,0,2024-04-05
094dcfd41f6f1bfd,6a7e697c2a185547,14.91,transfer,branch,23,0,FR,False,7,0,2024-08-17
4c144dc4f1ac6112,a4390b8020481075,817.17,transfer,branch,20,3,AT,False,0,0,2024-11-03
e900e074e61a9a5e,8e7718b13ed59f5c,160.29,transfer,api,4,0,DE,False,0,0,2024-06-13
c794690a3fc639b3,ff5d652884662995,83.75,payment,api,10,0,FR,False,22,0,2024-11-22
fbe98b6957f40b18,8042459bdf2374c9,46.14,transfer,mobile,13,4,DE,False,7,0,2024-03-16
141fe6c7c229d4c3,7a6ad03248d611d3,75.28,transfer,api,0,5,DE,False,30,0,2024-04-11
19f509e33cda5f3f,639fffe8f52ba3ca,34.37,purchase,mobile,22,3,DE,False,1,0,2024-12-10
8fc960cd88a1bfc7,882794bbead75d88,26.44,withdrawal,branch,2,5,AT,False,16,0,2024-02-08
ed2abaf0b34d7573,8166de5cde53c8ee,167.76,transfer,api,5,1,FR,False,19,0,2024-09-15
133eddbb9d7ea26a,66768ab0b72b95b0,2624.98,refund,api,6,5,DE,True,29,0,2024-12-14
40780d11378b3184,2cff3b0222aaf6d2,137.48,payment,web,15,1,DE,False,4,0,2024-12-10
5475d8863e72683f,b622fd7faab4e0fc,228.72,purchase,api,7,6,DE,False,24,0,2024-03-04
125de79b44eab7b3,d0244b2e899ab6bc,93.67,withdrawal,atm,8,1,DE,False,4,0,2024-06-02
258ee4189ab97218,c2dfeb5991158ea3,320.07,refund,atm,15,5,DE,False,18,0,2024-12-09
22e9098b42d4b260,73a33dcdb368fef2,18.28,payment,api,2,0,DE,False,18,0,2024-10-22
6eb2b43902b25586,54134e1b407907c1,41.41,payment,web,21,5,CH,False,9,0,2024-01-24
6134ee4015da8c8d,719634f087c58b78,129.14,payment,web,12,6,DE,False,9,0,2024-02-03
55f639d6d7718d03,76aa547f97a0017c,145.42,purchase,branch,21,4,DE,False,15,0,2024-11-20
e819bbb52cfed24b,8537b128fe18c4ca,76.92,purchase,mobile,23,6,DE,False,18,0,2024-12-29
ceb125606b042bff,216e516e33710669,119.18,payment,atm,2,0,AT,False,30,0,2024-10-30
4f10dbba51b2eaf4,342bc2899163338d,62.68,purchase,api,5,6,CH,False,10,0,2024-09-15
23dcb57cd8b750bb,63b8194152c1fb98,132.18,payment,atm,8,3,DE,False,1,0,2024-11-25
dd1932ca9ce4b291,2ad62cb0b43165d1,117.75,payment,branch,23,0,FR,False,1,0,2024-09-02
e49c6accc96fbcc8,35a88194863ed22a,417.56,purchase,atm,4,3,DE,False,23,0,2024-05-10
41e14dce92bb9d1a,8a2b37f719b60f6b,32.18,transfer,atm,17,5,DE,False,29,0,2024-04-20
63903f40b8bc4c80,48373bfa03a95bc5,58.2,withdrawal,web,13,1,DE,False,23,0,2024-07-08
2ec8ec5130ac5603,c8212eddae834ce8,97.14,purchase,web,8,0,DE,False,10,0,2024-04-22
abca6a0a56f5c870,3a60297550f4327d,259.24,payment,api,18,1,CH,False,21,0,2024-05-26
e05e0aee22feaeb1,f68f4bdc055c2fa3,71.41,transfer,mobile,7,0,DE,True,28,0,2024-12-07
707a0f61b4266d29,697080d3446d0659,958.44,refund,web,16,0,DE,False,11,0,2024-01-02
7037b836f369043e,4885e4643962dea4,216.62,transfer,atm,17,5,DE,False,25,0,2024-11-09
d825304b6a8a5955,28b1bf21489bea06,1012.93,purchase,mobile,7,1,DE,False,26,0,2024-04-14
3f97b22035b21916,f61e060c86948745,114.6,withdrawal,atm,12,6,DE,False,1,0,2024-03-11
1d017f2ca0a8c2b1,58fe4ef80ba65ab8,120.34,transfer,api,22,2,AT,False,21,0,2024-12-22
d8160a02e25f9351,06a4d89404253d9e,76.43,transfer,mobile,23,2,DE,False,6,0,2024-10-31
745dcbb5797aefbe,be651712971ebd6b,50.97,transfer,web,3,5,DE,False,18,0,2024-04-25
ba9ea474ef00638d,59e97c496d5f4822,14.85,purchase,web,21,5,DE,False,23,1,2024-04-22
86ba4b6287d27e46,d63e94a07a59a8cf,223.43,refund,api,13,1,DE,False,7,0,2024-05-03
24762e5bc18907b7,ff888cd20c715b33,140.92,withdrawal,mobile,3,3,US,False,29,0,2024-07-11
f7c6a421a339628a,09151ed2d74d2e19,880.43,payment,web,4,2,DE,False,22,0,2024-10-03
f32d2c7d1fef8153,174082e445371ba1,99.85,payment,mobile,4,4,DE,False,0,0,2024-09-28
b5548ba74d1423ac,a80ba8b8e4eff13f,34.25,purchase,api,23,2,CH,False,11,0,2024-10-14
79149afb08782e95,601c7b8334f16768,305.58,transfer,branch,9,1,DE,False,4,0,2024-12-29
ac29b08bff3fd6ec,57e86fffed584acd,45.48,transfer,atm,9,3,DE,False,5,0,2024-11-14
ab8c7a7346002571,c9b87801e32ab2ac,378.77,transfer,api,21,6,CH,True,11,0,2024-07-06
f884a8ad47026d79,e2cbadb8db971ce1,40.66,transfer,mobile,0,2,DE,False,17,0,2024-10-17
8045692b37a37d16,db0324d7bf61efbe,202.69,withdrawal,atm,7,1,DE,False,6,0,2024-05-14
d5f9f9129660d7e9,123d24d4a082ef24,114.14,withdrawal,web,15,2,DE,False,17,0,2024-03-27
c3bb16bf5b7f124f,7cfe910d5ae635ea,43.2,withdrawal,mobile,1,2,DE,False,29,0,2024-09-02
67b15910c97b5b2e,788179f07895627a,53.47,refund,mobile,7,4,DE,False,17,0,2024-07-20
d3439ea1096261cf,a278a47b25db6b97,32.7,payment,api,10,5,DE,False,0,0,2024-03-14
261b6e2c04b45051,cf24922037aeb96d,85.98,transfer,atm,10,2,DE,False,26,0,2024-07-31
5679e0aaf9d95532,4e5f8e83ea0b0ed8,387.09,refund,branch,5,0,DE,False,6,0,2024-03-20
c2476296bf360827,7f4335560a6a3524,121.09,transfer,branch,22,2,DE,False,10,0,2024-11-11
c907cd6467afcd58,1933c19b3ca490f6,29.63,payment,mobile,7,5,AT,False,16,0,2024-06-30
da79092de88f9a33,2f99b0d07788b0a1,33.8,payment,atm,23,5,AT,False,21,0,2024-12-29
57f942ad64f45ffc,a98b26f89fb60041,81.0,withdrawal,api,1,4,DE,False,15,0,2024-09-30
4620f01464ac157c,207fe588bb4392c5,1259.13,transfer,atm,1,3,DE,False,9,0,2024-02-18
5834ba192127909b,cfa67ed2210f6940,40.89,transfer,mobile,15,0,DE,False,10,0,2024-12-19
cfd6b0f6262aef40,a6b9c1ef773a06bd,16.1,payment,atm,3,6,CH,False,14,0,2024-10-12
e60bcf5722dfce64,05994ecc6b269fd8,105.14,transfer,api,13,3,DE,False,11,0,2024-11-23
89819f01bcde2715,fd3a42681c37c3be,244.04,withdrawal,branch,8,2,DE,False,18,0,2024-11-05
11e8fbc79ca11e83,caa3f70770df65c2,75.23,transfer,branch,22,6,DE,False,24,0,2024-04-28
61537a4dde01b789,0d440c2adf3f05cc,71.51,payment,web,19,2,DE,False,8,0,2024-10-03
3a53c0960793f26d,12e63a843a011c35,250.53,transfer,web,1,1,DE,False,30,0,2024-05-24
b11dd8c25f3945e0,f17b1c284520d4e3,45.38,transfer,branch,12,3,DE,False,3,0,2024-09-23
60e23f6596a79fc2,ffbe9b8483bc47c7,54.63,refund,api,14,6,DE,True,6,0,2024-12-17
cf8fb0091f9dad72,ef86800f494052d6,585.86,purchase,atm,15,6,AT,False,11,0,2024-12-29
4eee1187de4d3ac0,3a60297550f4327d,41.54,withdrawal,atm,4,5,CH,False,13,0,2024-02-11
a4c496799e083cfd,01cff8f2fefefb29,102.79,transfer,branch,23,3,DE,False,2,0,2024-07-30
18ee118ea1bfa6aa,97353626cda41f54,77.2,transfer,web,22,5,DE,False,29,0,2024-06-27
95f479f0ce41368e,788055dac7b97bee,55.03,withdrawal,branch,15,5,DE,False,10,0,2024-04-24
105850b5c2f49ab0,4aac019c2c5db85b,30.64,purchase,api,3,5,DE,False,4,0,2024-05-19
68c916b885f09c65,d4178519491ed4e0,142.0,payment,branch,7,0,DE,False,16,0,2024-03-29
9f52716945bcba96,ce132dfabb90cfec,296.41,refund,api,2,3,DE,False,21,0,2024-08-02
e60be9f9b131a103,778f1472bf7067c2,118.1,refund,branch,17,6,DE,False,12,0,2024-10-20
dda2aacf5549001d,7e4da7f164626253,84.79,payment,web,11,6,DE,False,19,0,2024-06-02
9719ad9b2f7dca8b,0a3a13a712776e78,240.53,withdrawal,web,1,4,DE,False,8,0,2024-12-06
973e751a3fe38b54,6a7a45ef56b7cc6a,224.11,transfer,branch,20,0,DE,False,4,0,2024-12-25
bc55622528007252,4587b25745585a05,113.87,purchase,api,4,4,DE,False,12,0,2024-08-06
e192533ae58aa9e1,63d18335b39fbaff,225.88,purchase,mobile,19,3,DE,False,4,0,2024-07-25
350fc5a9e8adce50,8166de5cde53c8ee,33.53,refund,mobile,16,4,DE,False,10,0,2024-10-05
99aa296d543aa58c,2626f0f995feaad7,413.48,payment,branch,15,6,DE,False,16,0,2024-10-01
55e66ddbdd9dec0c,cc1a5cbbfe5d08a3,7.97,transfer,atm,13,5,DE,False,1,0,2024-10-09
19131348359965fc,1a13581cb12c0831,104.25,transfer,atm,9,6,DE,False,22,0,2024-02-17
122c70a6c2f84833,c8212eddae834ce8,170.59,purchase,branch,13,1,CH,False,15,0,2024-06-01
42b6186ecd5f694f,fb35e6d2e1868891,4.09,transfer,mobile,18,1,DE,False,23,0,2024-01-13
28b8811cfe1297e3,a6bd5c48718d9b02,107.98,purchase,api,2,3,DE,False,17,0,2024-08-15
603a3646ae6396f3,1e0df9c532a06351,231.36,transfer,atm,18,4,US,False,21,0,2024-08-21
2fe2fe944a7965f2,2e7329697a5ef49e,55.31,refund,mobile,13,2,CH,False,10,0,2024-10-27
e150f6061d936ba1,8d55b3cfeea097d0,47.77,withdrawal,branch,3,4,DE,False,22,0,2024-10-03
14e4a1d63d4a638f,24035e5fa3060bd4,76.01,payment,web,0,0,FR,False,15,0,2024-12-08
c2496900bcbb16f9,2e7254278d3f3118,178.12,transfer,mobile,16,1,DE,False,5,0,2024-11-04
5f2c55b9dd0321e2,36d6a41bcef939ab,51.75,payment,mobile,23,0,DE,False,26,0,2024-01-14
d5b387f36cdd2738,ef5f35f62ea79582,51.75,transfer,api,12,2,DE,False,22,0,2024-08-15
d282786540b707bb,bbbdc5bdd5d4f50a,60.98,refund,api,7,3,DE,False,10,1,2024-11-02
d851a0e16eaf640a,7cc3d9f09d5d18c2,331.39,refund,api,15,2,DE,False,1,0,2024-12-05
c6addaea7bfcabec,4ef34e24367ad7d4,52.13,payment,branch,3,2,DE,False,16,0,2024-09-27
128a526f7e098eee,600d2ea3ba44254f,142.4,refund,api,0,3,DE,False,17,0,2024-10-16
8afcd8b28cf8195a,d5574ffb10ab85b5,27.42,refund,web,15,0,DE,False,13,0,2024-10-03
8ffde319053e41c4,cca7ef7141361fdf,606.76,purchase,api,16,3,DE,False,0,0,2024-02-21
add52e93db6d122e,ca65d51e944b52ee,156.23,purchase,api,1,2,DE,False,23,0,2024-02-08
e7474126ba298e11,cd99fa63c6194cc0,329.51,refund,atm,6,5,AT,False,26,0,2024-11-24
0e7c2c77fe4d9e86,72849230b2f67e32,10.72,purchase,branch,6,1,FR,True,0,0,2024-02-16
61aa52e68265cb77,38d200e0e0f438ff,569.2,transfer,branch,23,5,DE,False,9,0,2024-03-04
9da0d94e04a4c8c0,0312fa2a05021b8f,34.82,transfer,web,1,5,CH,False,12,0,2024-07-11
1352177ff8648d7d,4d6951c1297e4c67,337.42,transfer,atm,17,3,DE,False,9,0,2024-02-17
813fc1d0b3efa905,8595ddc66d3b9017,388.42,withdrawal,branch,14,2,CH,False,5,0,2024-02-13
1b6a12556496e001,c8922bed7d0e7358,121.01,purchase,web,14,1,CH,False,7,0,2024-10-24
01b580bc6d7607d3,e2c7515469a1306d,107.36,purchase,branch,3,3,DE,False,20,0,2024-12-28
58d3eac73dba15e4,42c4eabba3c0309b,21.74,purchase,api,8,0,CH,False,6,0,2024-07-19
62955106e048718c,1c0835fbe30d5c34,350.47,withdrawal,atm,3,1,US,False,6,0,2024-01-03
ae36142c2aa00e69,fef4105014bf1d50,807.73,payment,atm,1,4,FR,False,4,0,2024-09-15
2eeb4dd963b1e438,f29d7ce6de0d8623,29.17,purchase,web,8,5,DE,False,6,0,2024-09-20
5b371a1973c26df1,fd1289ab928cde5d,618.75,refund,atm,6,0,DE,False,6,0,2024-06-20
9ce7345fe28dcb41,39ca2dc771d824bf,27.64,payment,api,14,5,DE,False,23,0,2024-10-04
5ce0248e2a9438f1,09ab9c9076ff0dc4,89.5,payment,branch,1,5,FR,False,13,0,2024-05-31
1b76ee53dd8ce6ee,5c84c467820b3240,220.74,purchase,web,4,4,CH,False,29,0,2024-06-27
588c5a59e272b222,47b414bee807800f,17.16,payment,web,1,5,CH,False,6,0,2024-02-26
9d28b01fba949d73,40795a3e29c51480,60.49,refund,atm,19,3,AT,False,2,0,2024-03-07
b55b25bddf519134,9160299cf45a5954,18.81,refund,web,0,2,DE,False,20,0,2024-11-16
a2166d3b574da5da,387997a756b60d48,23.68,withdrawal,atm,9,2,DE,False,10,0,2024-09-22
34e4f9bc738d9588,39154da45e2b9586,44.9,payment,branch,18,0,DE,False,17,0,2024-09-27
564a4324d2426ef7,1feaa13096450730,26.83,refund,atm,8,6,DE,True,25,0,2024-01-18
0e9f900d1ec10fa6,6e4f134425053dd5,179.81,payment,atm,21,5,DE,False,16,0,2024-01-10
b488d80688a989c2,e56433ed5346f95f,88.93,payment,api,16,0,DE,True,18,0,2024-04-13
b2b5d5250369202e,e63445ba373e1c9e,7.56,purchase,web,11,1,DE,False,11,0,2024-06-06
8e2be6adc36349b7,f6ccf81852a818b6,147.5,purchase,api,20,0,AT,False,7,0,2024-03-12
36457282edf214b3,0469899baa19afb3,26.9,refund,atm,20,6,US,True,24,0,2024-03-29
f1fb17625fc750bf,2589298c9144818b,52.66,transfer,web,2,5,CH,False,10,0,2024-05-19
05304e84e1dc327e,4e061814b1e7346e,167.84,withdrawal,web,4,5,DE,False,2,1,2024-12-19
edc9006ae83d44d0,2709c6d24922d50e,55.09,payment,branch,3,1,CH,False,18,0,2024-09-07
8b8a6fd4dec1d495,cfa67ed2210f6940,286.32,purchase,web,14,1,CH,False,9,1,2024-11-21
f13694ed58647adc,4e0d9e14e02c2a34,75.77,purchase,mobile,20,6,DE,False,8,0,2024-01-17
444c473c6c92b8bd,2a4637feda49b45d,100.01,purchase,branch,14,3,DE,False,28,0,2024-09-13
a117d1690f7b9b34,a2fa5f5fb5b6d810,158.95,transfer,mobile,1,4,DE,False,13,0,2024-06-30
5cea01fdcfd55bcc,53900e3fadc042d3,11.66,refund,api,0,5,DE,False,26,1,2024-06-04
1f3a4705752df593,de4ae09d9f2d9531,17.41,payment,mobile,15,5,CH,False,4,0,2024-07-18
caad51d3f712a82c,e3d44afee8442cdd,99.7,withdrawal,branch,8,1,DE,True,25,0,2024-03-30
939b495ec0701ce7,a1afea0794aed73b,32.98,transfer,api,13,6,DE,False,23,0,2024-12-09
410342c3df6a7870,73c62aac5c083e57,184.69,transfer,mobile,15,1,DE,False,22,0,2024-11-05
104e18db413179cb,00df7022ce2e0386,135.37,transfer,atm,0,3,DE,False,19,0,2024-07-25
57317159388dedb6,5bd4c9e5956de746,44.15,transfer,branch,8,2,DE,False,22,0,2024-07-02
1416688052bf219d,114f7360cdf50a16,97.46,purchase,api,3,1,DE,False,24,0,2024-02-06
ee876a45a8086269,7a7c8d4f2020eaf9,311.14,payment,mobile,10,6,DE,False,14,0,2024-08-11
81af37efef1afa28,f7af4dc3737fd9e4,50.07,withdrawal,mobile,8,0,DE,False,13,0,2024-03-20
6525fd08bb14c3f5,e1918468b5de668e,20.86,withdrawal,branch,9,1,DE,False,14,0,2024-08-25
7af49bdb42a5771a,a5f460d647889564,62.93,payment,atm,22,1,DE,False,22,0,2024-09-27
9d019690e4e78f42,1ac68b54f1ccb281,77.56,purchase,api,7,3,DE,False,25,0,2024-03-31
a598557f9ee662f4,ea077a5eb6803562,34.22,withdrawal,web,5,6,DE,False,13,0,2024-02-24
4812df2638f1c6b7,9714754ba9ca7aa1,258.76,purchase,web,5,2,CH,False,27,0,2024-08-24
74d4986234d84f9c,67354c40c7454eb7,158.03,withdrawal,api,2,4,DE,False,13,0,2024-03-03
59694fed1501f82a,a2fbd00f815aca53,268.69,payment,web,9,0,DE,False,6,0,2024-09-23
979f7f37e5b9ad0c,601c7b8334f16768,94.05,transfer,atm,14,0,FR,False,29,0,2024-04-09
8f7e73b30449332a,3fc3ba49c9dc124c,1019.18,refund,branch,10,0,FR,True,8,0,2024-03-06
2f5a17667a32f6d5,513c87b51b9ca1fc,13.63,purchase,atm,14,6,DE,False,30,0,2024-03-11
34b9565d1490d337,93bf1e687d737a40,136.58,transfer,branch,0,3,DE,False,17,0,2024-08-29
2751fc91884aec29,ecbd219bc9e40207,2958.97,transfer,mobile,10,2,CH,False,29,0,2024-10-28
8ca1e3548773be51,513c2e73b6e607e2,38.35,refund,branch,7,5,DE,False,29,0,2024-05-28
dbbd85736eb2def1,707dfe078e749c2a,275.58,payment,web,8,6,DE,False,25,0,2024-07-23
adafb8c5f849f52e,62152f503ed652ee,59.59,withdrawal,api,16,0,DE,False,20,0,2024-10-23
402b6a6f06e1ec9c,73a33dcdb368fef2,603.56,withdrawal,api,20,4,DE,False,11,0,2024-01-29
e4cfb36ece998ee8,cc57238a136e920c,23.05,purchase,branch,21,6,DE,False,19,0,2024-12-24
0d1919f71c9d0a7c,6f22cea9eb529737,126.91,withdrawal,api,16,4,DE,False,13,0,2024-10-28
cb5d5941529f3467,c2ae9458e7377ef2,86.39,withdrawal,atm,21,6,DE,False,12,0,2024-02-05
ab502862e83b7bfe,81d95c143c333ee7,45.46,purchase,branch,20,6,AT,False,6,0,2024-12-24
b1611c9445ab8e0c,7b34c685f3fbc9e0,43.47,transfer,branch,14,4,AT,False,10,0,2024-08-10
a08c19a6c58a4aa7,63d18335b39fbaff,50.09,purchase,web,19,3,DE,False,14,0,2024-08-07
5e6bb5e37f9e3e6d,87665a30c225f102,564.81,refund,mobile,21,4,DE,False,27,0,2024-11-17
18dfe7e7b885ca56,b53861bc6e140d22,32.31,refund,web,4,3,DE,False,22,0,2024-09-11
cf2df7733a499436,70a47eb6dcfc057c,376.0,refund,atm,12,6,DE,False,4,0,2024-05-29
0e147a5bb16e2b4d,4f503dea81961fa6,58.35,refund,api,22,4,DE,False,17,0,2024-05-31
a9d6698acc4b05f6,2aef673b253b3d58,53.34,refund,web,21,3,CH,False,26,0,2024-08-26
11346beb0e22913f,99606e9a057b6340,833.02,transfer,api,2,2,DE,False,18,0,2024-08-28
7494a2b7f37fb94e,62152f503ed652ee,127.79,transfer,mobile,15,6,US,False,28,0,2024-12-30
743661e98dcd9210,744590daea52110c,199.51,refund,branch,6,6,CH,False,16,0,2024-12-21
9cdf57d701b45f1e,09ab9c9076ff0dc4,4.62,withdrawal,branch,3,4,AT,False,29,0,2024-04-26
8cae62f619cd3169,20f1826aa7875d0d,16.92,refund,api,14,6,DE,False,2,0,2024-06-10
d05bafe40286496e,2547a6de8a3897bd,48.45,purchase,web,4,0,DE,False,12,0,2024-04-03
e46e373656e725b1,76c5701c80ac9f13,167.95,purchase,branch,5,6,AT,False,16,0,2024-05-02
9e4d16134f999096,4e5f8e83ea0b0ed8,65.77,purchase,mobile,2,4,DE,False,9,0,2024-10-24
3a0337f417e30ef5,ec2d062aff8a7a9f,75.18,purchase,mobile,13,3,DE,False,13,0,2024-11-22
92c8d354997c9852,3f4efb84eb535b03,214.72,payment,web,5,4,CH,False,30,0,2024-10-27
01bbe785437059a9,50d6200e599a11a6,524.24,withdrawal,web,12,2,DE,False,3,0,2024-01-01
4f89a32a50903b7e,d588d79aa4e13ad0,220.08,withdrawal,mobile,17,2,FR,False,8,0,2024-08-28
5127eb92e552d500,ae2d1158bfce8bb7,1376.52,refund,atm,19,1,DE,False,27,0,2024-01-27
90f86f7c1d0887c8,ad007edf2917d996,33.63,purchase,branch,9,5,DE,False,20,0,2024-09-16
2fd9801f260f38b5,394b8efc30a36396,284.05,withdrawal,mobile,0,5,DE,False,17,0,2024-03-29
7b898dab4d3baa76,cd00dc8810df1048,300.8,refund,branch,20,6,DE,False,22,0,2024-10-12
78cff16efbfd39ee,da1ce756a9266d28,438.32,transfer,web,2,3,DE,False,1,0,2024-12-22
033f2a88988f8c87,673514b88fe6c0c7,192.35,purchase,atm,19,4,DE,False,21,0,2024-02-19
439d05d4e7d2f94c,1095343f2be478c8,155.32,payment,mobile,13,6,DE,False,24,0,2024-01-20
212833625cbd7770,0754188ebb01a7e4,68.57,payment,mobile,3,1,CH,False,11,1,2024-10-19
e4cb524ab7476231,f850880759dff994,65.31,refund,atm,15,4,DE,False,17,0,2024-05-16
bf08baa0d5684304,070840efbc93df0d,165.69,purchase,atm,0,5,DE,False,9,0,2024-06-08
182166462bdc2040,3ecd8c40e835c185,54.67,purchase,atm,12,3,CH,False,30,0,2024-04-05
3bd81a95843613fd,2cc5ecdf62ff6e89,231.68,payment,web,6,1,CH,False,27,0,2024-12-27
396050c981228cb4,e97b3e0b20a99c99,546.72,purchase,branch,21,0,CH,False,2,0,2024-11-13
d7c9bf85501222ed,24deac2b448e263c,414.85,payment,api,0,2,DE,False,12,0,2024-08-28
4de01d635a96d90b,9ea7371d4d87b646,118.39,withdrawal,mobile,1,0,US,False,1,0,2024-03-22
e31a2c042e2fd68c,e91b18a6870ac128,48.96,refund,branch,12,2,CH,False,5,0,2024-02-25
def068137bc353b8,32be5eb671304318,119.98,payment,mobile,16,2,DE,False,21,0,2024-10-24
83a9bff8073a8046,e7e53eb4fc92f441,124.59,transfer,atm,18,1,DE,False,25,0,2024-01-15
164eb63472989557,c8c37fc4912b4fd6,216.68,payment,atm,18,5,DE,False,1,0,2024-09-08
a226d82ca587f0c2,2aef673b253b3d58,43.41,refund,branch,2,4,DE,False,5,0,2024-06-21
4e3786a7e154235d,81300e96b360deb4,116.38,transfer,web,3,5,DE,False,12,0,2024-06-25
1c3a766ec6227e59,fedfe36dcf07da5a,92.35,payment,api,13,0,CH,False,16,1,2024-09-10
eee09cbe7f7e32c1,4852c491722ca246,26.74,refund,atm,14,6,DE,False,4,0,2024-12-19
4104c3e053f8cd3c,7be3f805babdce8a,67.33,purchase,atm,18,6,DE,False,15,1,2024-04-05
f814afdfe861e75f,f6b58d54c79a7cd6,162.82,payment,atm,22,3,AT,False,19,0,2024-02-06
775cd0d48800515d,333346881cc05374,155.89,payment,mobile,15,0,DE,False,2,0,2024-02-17
5a4b58319278e8db,3b9b7927f45a9da6,451.56,purchase,web,4,1,AT,False,25,0,2024-03-23
8dbda6d32fce2043,5ce4a8318d8f92e9,166.76,payment,api,2,2,AT,False,26,0,2024-10-01
6dc8b75969ae7020,e4f1f16961d97f33,225.27,payment,atm,7,0,DE,False,16,0,2024-04-27
08f05f0b51d90907,8b531b21e41bc3a2,85.73,transfer,api,14,1,DE,False,26,0,2024-08-18
bbe1e4d45561f723,47b414bee807800f,81.38,payment,atm,4,6,DE,False,12,0,2024-01-12
971d3abf807fc775,a186648bf6fd0472,108.06,purchase,branch,19,3,DE,False,28,0,2024-01-18
f4baabca5361533f,7f53cb886f1e2ff1,484.1,withdrawal,mobile,11,1,CH,False,19,0,2024-04-06
2cad86e404308bca,ada3958d08916f0f,124.65,payment,mobile,3,6,AT,False,8,0,2024-12-10
9fe5f99236bd65e5,2ad62cb0b43165d1,29.19,refund,atm,8,2,FR,False,6,0,2024-01-22
5f36f4d11555325d,49768037c84f8008,49.93,refund,atm,10,0,DE,False,4,0,2024-02-22
1671b3418cc8f079,a8e77b8a8ffb5b81,98.26,refund,atm,7,0,DE,False,25,0,2024-10-31
eeaf41aae3801367,76c5701c80ac9f13,7.5,payment,api,23,3,DE,False,10,0,2024-09-10
1a03e2b767e82fc3,1bcfd5947f39426e,89.64,refund,api,3,5,DE,False,7,0,2024-03-07
d51396368643aaa6,59e97c496d5f4822,84.47,payment,web,21,0,AT,False,19,0,2024-09-02
e1a9df65785ddaa0,d133b4740ead06a0,202.11,refund,mobile,2,3,DE,False,27,0,2024-12-22
07815793af159028,95d9b7dd6a49d3a5,133.64,withdrawal,api,3,5,DE,False,20,0,2024-05-22
bcae74fa62973061,5c80404db6afbf5c,6.97,withdrawal,api,5,1,AT,False,30,0,2024-11-11
6a67a72455f5f377,cf5b8dacc43023aa,9.13,refund,atm,5,2,DE,False,26,0,2024-08-25
1081b90b0a2984d5,18f69bcd2f9cc9c3,111.99,withdrawal,branch,6,5,DE,False,15,0,2024-06-23
592e6474c8110314,8537b128fe18c4ca,184.96,transfer,atm,6,2,DE,False,23,0,2024-07-03
596e120fd5da748e,ada3958d08916f0f,44.55,purchase,api,11,2,DE,False,8,0,2024-04-22
c46351fdbbb0709a,5c03a23a3401daf8,54.06,purchase,api,16,6,DE,False,25,0,2024-09-03
6d5e74270149d044,842e12789ce58df1,25.26,purchase,web,16,4,DE,False,14,0,2024-07-11
4b1e62318eb68627,3efc9e32d7f15ec4,130.98,withdrawal,atm,11,5,DE,False,5,0,2024-01-10
9a5b17c1c618e45e,e2bf979250213981,39.14,purchase,api,12,2,AT,False,29,0,2024-01-01
ae6c97093cf8ef84,87665a30c225f102,117.84,withdrawal,mobile,5,4,DE,False,0,0,2024-10-10
93f0e440426d368d,6ea67b24b77eb9f4,348.43,payment,mobile,18,4,AT,False,29,0,2024-12-21
9695f274554813d7,8a7bd3275b901b34,133.94,transfer,mobile,17,3,DE,False,1,0,2024-08-07
0ba711394f0218ac,25ea9e9c9f1d2ee0,384.11,transfer,branch,21,2,US,False,18,0,2024-10-03
0d6ab8f7be38bc3d,016ff9d51a4486dc,223.36,payment,api,9,0,DE,False,15,0,2024-01-19
d1dadc367781e660,cbe05534a3641062,329.86,refund,atm,18,3,CH,False,7,0,2024-09-26
97176de16afe0f09,3ca015a11b3dab8b,11.06,transfer,mobile,13,3,CH,False,0,0,2024-04-04
1bc029c28e8a5563,20d0575d08c7416f,6.47,payment,branch,20,4,DE,False,3,0,2024-10-12
aaef6fb6e0eda249,4d6951c1297e4c67,822.33,transfer,web,22,2,DE,False,2,0,2024-06-29
d110e39ea6ea45bb,a5f460d647889564,123.75,purchase,api,13,5,DE,False,4,0,2024-04-21
c430a7db253ef023,b30511c26c4cf80e,127.12,purchase,branch,16,4,DE,False,8,0,2024-07-16
1553b5448ad66639,4a178282c5ca18d1,249.43,refund,mobile,19,2,DE,False,30,0,2024-09-01
c1615ab3f70840e4,ce132dfabb90cfec,53.51,purchase,mobile,7,2,US,False,7,0,2024-01-24
757dd723a895c02a,da1ce756a9266d28,894.17,payment,api,9,0,AT,False,4,0,2024-03-09
7c46978e93a7bab5,1b2ee82dc979a6cc,82.41,payment,api,15,5,DE,False,12,0,2024-08-01
6ba6c4b5f85c91d4,f68f4bdc055c2fa3,24.81,transfer,branch,6,6,FR,False,2,0,2024-07-10
f87e296b541624f1,9a3d64fb99829a96,40.84,withdrawal,branch,23,1,DE,False,28,0,2024-08-22
efdf1c50e084f89a,6a7a45ef56b7cc6a,374.06,payment,api,15,2,AT,False,18,1,2024-02-16
b2a7f321ab246431,2626f0f995feaad7,40.52,transfer,atm,17,0,DE,False,17,0,2024-07-08
6b226b7acd4754cd,a6bd5c48718d9b02,233.22,payment,atm,16,4,CH,False,0,0,2024-07-16
4a3e8bf0408963db,5978de5f61ca21c5,39.71,refund,atm,12,5,AT,False,14,0,2024-07-03
f2c79df50b07e44c,fec6726221782e14,26.94,payment,mobile,7,2,DE,False,24,0,2024-03-09
5b37b8dc9090feb9,c848f2790122e6c2,642.71,payment,web,11,0,DE,False,22,0,2024-03-28
d8fccbf0c783ee65,3cdd1af24469afca,61.66,payment,api,9,1,DE,False,16,0,2024-06-01
6dfd79e7d93e358e,4e0fa5ddd9a7dac2,162.18,purchase,branch,23,4,DE,False,21,0,2024-08-16
aabae21b521d0e36,5eb10f0cd7a891d2,10.71,purchase,mobile,10,3,DE,False,23,0,2024-08-15
7531280fd20ed540,f4e1e3e2c455372c,32.87,refund,atm,6,5,CH,False,29,0,2024-06-13
fd7a9635fe457cce,8537b128fe18c4ca,54.85,withdrawal,atm,20,5,DE,False,10,0,2024-05-29
10bd858a6ee07d5a,f2caa0becd2c7c50,75.8,transfer,api,15,1,CH,False,17,0,2024-10-12
ef78389fff9ecea9,262d379b1a935bf1,73.44,withdrawal,web,9,2,AT,False,25,0,2024-01-26
a216418fa9385158,8de66ee28c31b238,305.17,transfer,mobile,15,2,DE,False,1,0,2024-07-01
db127a3fd2dfa64e,81124da40b852087,232.58,withdrawal,api,9,2,DE,True,10,0,2024-12-04
407d685c6586da5a,2aa6d7b211ac3c1c,66.66,payment,atm,15,3,AT,False,19,0,2024-07-21
266d85c6b415d62e,d55ad22d8e638147,40.75,withdrawal,web,16,1,DE,False,5,0,2024-07-04
edbce15de8b75908,6463222113544c6b,211.84,payment,atm,5,4,DE,False,6,0,2024-05-05
1e627497a6a84396,de4ae09d9f2d9531,102.42,transfer,web,3,0,DE,False,18,0,2024-11-17
e42ec9279b9eabb6,ebba17080438114d,4.04,refund,mobile,0,4,DE,False,29,0,2024-06-07
e6d2983e1bd1342d,35d53b5d84d3da8d,26.06,payment,atm,23,2,DE,False,27,0,2024-01-21
d4f4fc4bc2cd1744,bd9181189c0df7c0,40.36,transfer,branch,5,6,DE,False,20,0,2024-04-18
e30458a9b1752f66,eeccf8e98cb3268d,329.94,payment,api,3,0,DE,False,6,0,2024-08-29
3053adb791b13247,53900e3fadc042d3,15.9,purchase,api,19,6,CH,False,18,0,2024-10-09
ffb4fac6de028aae,d28853d261e28c50,178.17,purchase,branch,16,5,DE,False,26,0,2024-02-15
0a2728ca97aeb833,76c5701c80ac9f13,35.94,transfer,mobile,17,0,DE,False,25,0,2024-01-23
b9c6cb031d7af009,310b642934f57b26,237.8,withdrawal,atm,6,4,DE,False,19,0,2024-09-23
061f4884906704a2,8183e42e6ef09235,84.88,withdrawal,mobile,18,2,CH,False,5,0,2024-09-21
1cfc7d521d2870a3,e471fdaf173e9a5f,477.58,withdrawal,api,9,4,DE,False,1,0,2024-04-25
40293dd66a8429fd,b30511c26c4cf80e,41.17,refund,mobile,12,5,DE,False,12,0,2024-02-26
639faf825694fc03,7f6ec6efeb9e17fd,37.93,withdrawal,atm,11,0,DE,False,2,0,2024-08-26
c4a1168c471ca13b,2c3888e2386d6cb4,161.25,payment,atm,5,3,AT,False,9,0,2024-09-10
3904506cdfaac9f4,f17b1c284520d4e3,10.5,payment,web,0,4,DE,False,5,0,2024-07-20
f5a0f111e3811b9b,9422e52706549680,53.77,withdrawal,api,15,2,CH,False,18,0,2024-07-26
59317467a7bf9547,20f1826aa7875d0d,37.61,withdrawal,mobile,2,3,DE,False,2,1,2024-04-28
b4c65d3527c00a28,afe40b8a8f0f3d84,31.73,withdrawal,branch,7,1,DE,False,6,0,2024-10-06
226ce5e2791b2bba,4b486e2e8f378290,160.91,payment,web,0,1,DE,True,25,0,2024-03-08
cc04e2c5f8a5f8d3,692868edafe1ed22,61.92,purchase,branch,4,2,DE,False,24,0,2024-08-29
7dfc6e9bb237b5e4,8a2b37f719b60f6b,56.84,refund,atm,16,2,DE,False,23,0,2024-09-05
72508218de9119e3,de042e0dc8e22bd7,117.42,withdrawal,branch,17,5,DE,False,2,0,2024-09-02
a6271543a7685775,101cbc670c03679a,63.25,refund,atm,18,5,CH,False,28,0,2024-11-25
b7eb20efae7b6536,e5b1e41da4f5a0ef,140.3,transfer,api,22,6,DE,False,9,0,2024-06-28
6c6486148003eb4d,2aa6d7b211ac3c1c,331.5,refund,branch,7,6,AT,False,1,0,2024-09-23
3bbec8771100153f,f17b1c284520d4e3,99.21,transfer,api,17,2,AT,False,9,0,2024-11-17
6a1d50fe5321b04e,697080d3446d0659,40.57,withdrawal,branch,6,6,DE,False,15,0,2024-08-09
b94f9d0d4055edcf,097fd8b6f9a08ae3,61.63,payment,web,0,0,FR,False,26,0,2024-02-07
e13c29b2c9e19a6e,d401c5577bb35cfc,119.57,refund,atm,17,4,DE,False,25,0,2024-10-14
6550621d97680276,7ab12b5ccac8b8c8,74.6,refund,mobile,7,1,DE,False,2,0,2024-10-26
b1ef9c680f0a9c5c,356a8c1e286f5d7a,151.91,withdrawal,api,21,6,DE,False,6,0,2024-07-24
f7e4b9067bc67334,7f08e90a594767b7,127.34,payment,mobile,5,2,DE,False,6,0,2024-02-20
7acd726b72180692,3889f99d1d1b1c92,31.24,transfer,branch,11,3,FR,False,21,0,2024-07-10
931c6726ffd64200,d401c5577bb35cfc,9.25,transfer,web,2,3,DE,False,26,0,2024-07-19
a7b8b7c3f1ca3009,fec6726221782e14,80.15,withdrawal,api,2,3,DE,False,28,0,2024-06-20
d262699cb9abf290,cb70054de19693ac,133.25,purchase,mobile,17,3,DE,False,6,0,2024-02-28
ec2638f9b8bd08df,48373bfa03a95bc5,267.53,purchase,mobile,5,6,DE,False,25,0,2024-05-25
584091990db7e35a,486b5d75cd1afdcb,45.41,purchase,atm,2,3,DE,False,26,0,2024-12-04
de44b62ab25898b3,27c92834df097d11,198.88,payment,web,16,2,AT,False,25,0,2024-12-06
903881802904e68b,0ef584decd975f31,230.54,payment,branch,19,3,DE,False,18,1,2024-11-18
0270a1bc31b6af11,361aca729d2d0a42,76.24,refund,branch,10,5,DE,False,3,0,2024-09-12
f7d82f7ccdbaf025,d80291ff8a609246,99.5,payment,atm,14,2,DE,False,3,0,2024-09-05
6c8563f4c273bffa,875c96b52ad634b5,71.42,purchase,web,21,4,DE,False,15,0,2024-10-06
8ea33aaf8ca5cf78,5c84c467820b3240,24.43,refund,mobile,0,1,US,False,26,0,2024-12-01
98077caaa91528e3,593daa123b32248b,44.2,payment,web,10,2,FR,False,11,0,2024-07-23
0f50baf7206457db,63b8194152c1fb98,339.26,payment,web,17,4,DE,False,21,0,2024-09-07
947a4ef15ea2e611,0cf489584e43aaa5,98.52,refund,web,17,6,DE,False,19,0,2024-07-29
0d03f9375eadfdec,ee2417daade824ea,42.21,purchase,api,10,2,DE,False,25,0,2024-05-27
ed7707987f11b7a8,33a9983d68605042,31.29,transfer,api,20,6,DE,False,11,0,2024-04-22
48173fd91b0bd24a,cfd3427cb3b54ffa,841.99,withdrawal,branch,0,0,DE,False,9,0,2024-11-16
322db836a891d0fc,61fd0f5864ecb010,35.29,payment,mobile,7,4,AT,False,17,0,2024-04-06
886de279edf60005,0dc17c506a1ce18f,45.1,withdrawal,branch,12,6,DE,True,12,0,2024-04-04
51408cd6fdd192c8,977c64cfba67295a,105.12,withdrawal,api,22,2,DE,False,3,0,2024-10-16
4eeadf32363b615c,9d25b2247e76feda,225.08,purchase,mobile,14,6,DE,False,13,0,2024-07-07
fb0e16d526084137,4587b25745585a05,29.61,payment,atm,18,3,DE,True,14,0,2024-05-03
a0738b0f77f4d84b,80bcb8bfbd90af5c,222.74,payment,api,22,4,DE,False,17,0,2024-10-15
e9a9f2eb0a33bf88,ff107396f163c985,113.54,payment,atm,18,5,DE,False,9,0,2024-11-13
e0fb0a3e9df998b5,bb0c7a4d24a69dad,11.49,payment,branch,6,3,DE,False,30,1,2024-05-17
4b3a9dfc3b61c5bd,ab4e765e8843ec76,7.14,refund,api,22,1,US,False,18,0,2024-09-06
67514b8d0f8d1122,92d22d40618e5f53,79.22,payment,atm,21,1,CH,False,5,0,2024-05-25
7e4b79ad3ea9b734,f2caa0becd2c7c50,14.82,transfer,web,0,1,US,False,27,0,2024-01-19
2820aabadbfff38a,b30511c26c4cf80e,20.83,withdrawal,mobile,15,0,AT,False,3,0,2024-09-20
7611bd484f935529,f18e4304c474cbd8,16.26,transfer,atm,6,0,FR,False,26,0,2024-10-08
a233107afd2ee24d,27e36276d98cabee,19.77,refund,mobile,15,5,DE,False,17,0,2024-07-22
d8cca465c74f6d2f,eaeb32f2bbc92cc0,49.09,refund,branch,8,4,DE,False,9,0,2024-08-12
c4bda8a64395949b,3fc342302a9bcaff,100.9,transfer,mobile,17,3,US,False,26,0,2024-06-04
01be8474cdfc9204,cf6a24668294f154,38.61,purchase,atm,4,3,DE,False,17,0,2024-06-01
75ea139154bfcdb5,56673b96aa4090ba,77.86,transfer,atm,11,0,DE,False,1,0,2024-03-21
5b4e36d424067a37,c35c0ec39826d510,233.0,payment,api,3,0,DE,False,12,0,2024-02-21
d1c7115fad9abb4a,3cdd1af24469afca,231.37,refund,mobile,13,5,DE,False,8,0,2024-01-10
373299f20ef1f9ed,32be5eb671304318,168.44,payment,api,4,2,DE,False,11,0,2024-06-01
21d037b153b727d8,e97b3e0b20a99c99,478.37,refund,branch,9,1,FR,False,23,0,2024-09-08
cfc591e2de58f5b4,14be3a476b56c6b3,1253.79,purchase,mobile,15,5,DE,False,17,0,2024-01-19
fb6427948aebdb33,238a336ea811dc5f,309.26,purchase,mobile,0,1,DE,False,23,0,2024-02-07
0fa1a0fd55faf88f,ef5f35f62ea79582,194.5,purchase,mobile,9,5,DE,False,8,0,2024-02-16
11e8919628c0f523,be651712971ebd6b,38.46,refund,web,7,3,DE,False,19,0,2024-10-30
4103ef9fb761187c,aefe81416a2fabaf,88.79,transfer,api,9,1,DE,False,7,0,2024-03-14
966536b98ee93973,99e081371b7c90ab,86.74,withdrawal,api,4,1,CH,False,14,0,2024-02-19
932a5641e36c9cc7,7477e882990d2bcf,172.62,payment,atm,16,5,DE,False,8,0,2024-04-23
c82b2c01a5475133,101d05b7bf232350,6.09,withdrawal,branch,9,3,FR,False,15,0,2024-09-13
3fa21a788d946d4f,39063b88013afa8a,203.37,payment,branch,6,1,DE,False,11,0,2024-11-09
c246b7b9c8bbe2d5,2abe76f47173a52a,84.4,purchase,atm,12,3,DE,False,21,0,2024-07-12
a9e83b199371f0ae,070840efbc93df0d,12.93,payment,branch,18,6,US,False,8,0,2024-04-18
907bedaf992dc5cb,b0b6dd3d1297e56c,55.95,payment,branch,22,2,AT,False,4,0,2024-05-25
5030d728211596ba,772c09f7de4d4678,30.32,payment,web,0,2,DE,False,30,0,2024-01-28
488bd1eeced77da2,40795a3e29c51480,156.57,purchase,atm,2,6,DE,False,10,0,2024-02-13
a77e9c15458f071f,d3e937a4fe997e9c,452.11,withdrawal,mobile,19,3,DE,True,10,0,2024-10-02
6e1a4ef7edfa5926,2a1e1653e82c76a2,164.3,refund,web,15,2,DE,False,10,0,2024-04-18
68336d3045b3b33d,0d0033838b14a9bf,293.5,withdrawal,mobile,23,1,DE,True,21,0,2024-10-26
71f5060dfa00171e,719634f087c58b78,181.41,payment,atm,10,4,DE,False,29,0,2024-10-19
626d68ba56d5e3a6,d28853d261e28c50,35.87,refund,branch,3,3,DE,False,25,0,2024-01-24
76558096b6c7b9dc,4407a0b264a06487,100.09,purchase,web,6,1,DE,False,4,0,2024-04-12
f326b5975f414293,1a7e0a3bed5c2d81,261.17,purchase,api,4,6,DE,False,2,0,2024-10-06
699ab95d7625d1c3,da1ce756a9266d28,332.79,purchase,api,15,1,DE,False,7,0,2024-03-29
7faa6b7910b14056,2a2d3abde32ffed3,51.1,withdrawal,atm,1,6,DE,False,18,0,2024-08-24
c58e3a21b83f0919,24deac2b448e263c,36.63,payment,mobile,9,1,DE,False,12,0,2024-03-06
4efdf6deae2658c6,25a2fefaa45a6219,41.42,withdrawal,web,12,0,DE,False,13,0,2024-12-22
e98e84f5a78dce09,11c1d84fadb1c7c2,118.05,withdrawal,atm,14,2,DE,False,29,0,2024-09-02
78d05002ce125d54,371ff7cf2e7b362f,135.89,transfer,atm,7,1,US,False,13,0,2024-05-20
f4ae4b541c63c45f,28b1bf21489bea06,291.59,refund,web,21,0,DE,False,11,0,2024-06-21
7142fa5c956122fb,11bccca6fdc498bb,43.64,transfer,api,13,4,AT,False,27,0,2024-02-15
7a348ad042cc8e7e,d08a5d4a9330860a,45.32,refund,web,10,0,DE,False,22,0,2024-02-01
2f49006a80b0f66a,c8bd83145603e477,509.42,refund,atm,12,6,DE,False,14,0,2024-04-19
dfac4a074758dd96,262d379b1a935bf1,128.0,transfer,api,12,1,DE,False,10,0,2024-01-12
0d4f5b41e178172a,4407a0b264a06487,137.57,withdrawal,mobile,22,2,DE,False,6,0,2024-04-26
168e1e09206048ee,ae7d9d97fe6e5f3d,162.95,refund,api,3,6,DE,False,23,0,2024-07-14
b83be3ba728b92be,cf5b8dacc43023aa,53.8,purchase,atm,9,3,DE,True,8,0,2024-04-15
0f7a767b36f888d3,8dc183040a2d2cdd,44.62,transfer,api,18,6,DE,False,9,0,2024-04-28
1853a95d1047d1f8,1dd675c43554d179,61.76,refund,api,9,1,AT,False,25,0,2024-11-14
cd2fe4218adc252e,d11d9804ea41b9cb,233.54,transfer,mobile,19,0,DE,False,15,0,2024-09-14
036126cc29137b50,ca53275e55749087,140.99,withdrawal,atm,13,5,DE,False,27,0,2024-03-03
dd3d3efe71860bda,379706e13cf85e7f,3628.52,purchase,api,12,2,DE,False,26,0,2024-06-08
4b5ca8077417407a,f850880759dff994,108.35,transfer,api,20,3,DE,False,9,0,2024-03-07
f91fb083068d152e,b6778ac3599a9a75,88.1,withdrawal,api,2,5,DE,False,8,0,2024-04-26
503b03f62576f66e,399d361b0b750759,24.54,purchase,mobile,18,0,DE,False,9,0,2024-01-23
2dac0da27e8bae54,60bf64ac291e0e1d,1447.33,purchase,web,17,1,US,False,18,0,2024-02-26
153d7de3689b89c4,80bcb8bfbd90af5c,144.7,refund,mobile,21,5,DE,False,29,0,2024-08-14
91b18542ecd7f75d,1bcfd5947f39426e,237.23,withdrawal,api,2,1,FR,False,19,0,2024-02-29
b1fa7922a2a6e4e5,2f018d859cd898b5,377.47,withdrawal,branch,11,3,AT,False,12,0,2024-09-14
fb51451efce1463b,23edc044f01da22f,270.41,withdrawal,branch,1,5,DE,False,24,0,2024-12-18
c2bedeb8e6f6b689,cfc633a0e42f4c7d,57.21,refund,mobile,3,5,US,True,29,0,2024-07-07
60e9f3048ea6376c,63b8194152c1fb98,32.13,refund,branch,19,5,DE,False,27,0,2024-12-15
bf87e799043b9668,11bccca6fdc498bb,75.96,withdrawal,atm,4,2,DE,False,18,0,2024-04-29
44346945d362ff09,461896e94fb5a53d,347.3,refund,api,16,6,DE,False,29,0,2024-03-27
1d6b5a4e5bfb92f8,26a276ce458d11ed,25.47,payment,mobile,11,5,DE,False,11,0,2024-06-12
7409bd320a276968,a09cd46d515e3168,52.75,transfer,web,10,2,AT,False,28,0,2024-04-01
f172a8b25ae03f40,a0cb6f1e5ae6809a,1602.31,payment,mobile,19,4,DE,False,18,0,2024-05-02
3f7354364bae1cdd,f2caa0becd2c7c50,236.49,transfer,branch,0,6,DE,False,4,0,2024-01-02
16d9cf19d75e4e39,ebba17080438114d,399.75,purchase,branch,6,1,DE,False,26,0,2024-07-30
1093115286aabd3f,fae0b351876a2aca,23.2,purchase,branch,8,6,DE,False,15,0,2024-09-08
c5e396163cbec0ac,1b2ee82dc979a6cc,71.2,refund,branch,21,5,DE,False,16,0,2024-02-29
52949ef7c5868892,3248a73959fbd3f3,22.63,withdrawal,web,10,1,US,False,20,0,2024-06-18
083a6cd41028c61d,216e516e33710669,57.92,refund,branch,12,5,DE,False,8,0,2024-01-30
c5bafc1498d87366,aefe81416a2fabaf,42.9,payment,atm,17,6,DE,False,14,1,2024-04-30
be8c14cc86407605,0a46b465bfb2b2b8,156.51,refund,branch,8,2,DE,False,0,0,2024-01-26
06ad2c4d724d387d,e02dcdb0a4866703,21.92,withdrawal,web,22,3,DE,False,5,0,2024-04-27
c42b4ff25162714b,c35c0ec39826d510,42.51,payment,atm,10,5,DE,False,8,0,2024-03-11
1fea53acb5ca2f90,9030765f9f6a676b,46.98,transfer,web,3,2,DE,False,29,1,2024-09-20
120dd1d679b6e5cb,4aac019c2c5db85b,135.06,withdrawal,mobile,3,0,AT,False,10,0,2024-03-04
2e6de8867fcd1f89,efd0f0ed55635551,187.38,transfer,atm,10,6,AT,False,17,0,2024-01-15
f2a2e585436a6f5d,ca53275e55749087,292.59,payment,mobile,15,6,US,False,25,0,2024-12-02
7eea4b374b2d3dfc,4f503dea81961fa6,102.83,payment,branch,1,2,AT,False,13,0,2024-06-30
47b2d9bee532f714,9e04230ae86651f3,29.97,refund,atm,0,6,DE,False,9,0,2024-01-21
af71b8f6fbd200fd,f148d5c44b2f2680,126.58,refund,api,6,2,DE,False,23,0,2024-05-28
6d3c9d1affde442b,76c5701c80ac9f13,63.74,payment,web,7,2,DE,False,26,0,2024-03-11
632b1f4b9c36f53d,6292e6c448e5f12d,270.79,purchase,atm,17,5,DE,False,5,0,2024-10-01
d96c11c8e80f0374,478afcd83d763d72,1245.36,refund,branch,16,4,DE,True,29,0,2024-11-08
db1043d4c06b2295,1b944f8ec429e26f,49.11,withdrawal,branch,1,4,CH,False,19,0,2024-10-17
706c94e59cdb0b63,697080d3446d0659,118.62,payment,mobile,20,1,DE,False,8,0,2024-11-27
a1d34a1da9ad21f8,b871cd71bfe8e9d8,30.5,refund,atm,10,3,CH,False,8,0,2024-02-01
c7cc1da847494deb,7cd6a5223fc31e17,31.37,purchase,web,9,5,DE,False,21,1,2024-12-11
a7fa8b924675d0af,47b414bee807800f,25.84,payment,web,16,1,DE,False,2,1,2024-02-07
c56b997debca800b,0312fa2a05021b8f,554.14,refund,api,3,5,DE,False,16,0,2024-02-26
4e4e5bce48575b90,0dc17c506a1ce18f,139.03,withdrawal,atm,10,6,CH,False,26,0,2024-06-27
a39dbb26565d2248,224fb9a274e0418f,84.1,payment,api,21,6,DE,False,2,1,2024-05-19
4f163197a9af68f6,c8548340e292f8ae,384.9,transfer,branch,11,6,DE,False,2,0,2024-07-01
919b33e32162eefa,bc7c29eefe7123ba,43.52,payment,web,0,4,US,False,16,0,2024-08-29
ed709c1b21526ab2,27e36276d98cabee,47.74,payment,atm,7,3,CH,False,5,0,2024-06-15
11fc4330446acca7,aa33b16ff8a055f4,110.31,refund,api,2,5,DE,False,6,0,2024-08-01
dae589094afb3164,8cfb46094b5f0108,113.38,purchase,branch,14,1,DE,True,5,0,2024-06-12
c4766ad4dbeee0f0,2f32543265ea675a,1704.31,withdrawal,api,7,1,DE,False,3,0,2024-06-26
87e1d31c1a35439d,abed2df131af0962,25.47,withdrawal,web,21,0,DE,False,13,0,2024-08-30
7dfbdd98ebf353e9,63686e65207e190f,31.95,refund,api,17,0,DE,False,4,0,2024-01-25
87d21e22343cc94f,2e6964ef01637f02,29.78,payment,atm,21,6,DE,False,10,0,2024-11-20
a3266c37e954d241,ca53275e55749087,32.67,purchase,branch,18,5,US,False,7,0,2024-07-10
1a1b32c9de97158b,04591516c0cb3ee1,41.47,payment,branch,0,1,DE,False,30,0,2024-09-10
442c275f969f5384,aa03c6e4e5791767,16.36,withdrawal,branch,3,1,DE,False,23,0,2024-08-11
b922fdc82f815d7e,1933c19b3ca490f6,171.85,purchase,api,20,6,DE,False,8,0,2024-10-15
2f3c0a5b98d68134,70b4ff1afa97020e,20.42,withdrawal,atm,12,6,DE,False,22,0,2024-07-25
d582035c33678670,564c3c628e93587c,97.85,refund,api,19,6,CH,False,2,0,2024-12-09
6a414eca059c69c3,8ca025aa63ad7f19,207.56,payment,atm,9,1,DE,False,6,0,2024-12-19
b7af5f6d3431b03a,9c7ccf173ddb81cf,240.76,withdrawal,web,9,2,DE,False,27,0,2024-12-16
1039f4d7de776fcb,05773f537a4c7ed1,408.23,payment,branch,6,0,DE,False,23,0,2024-05-27
b88ac02cd74bb9c4,e6f577c090d9035b,28.41,refund,web,8,6,CH,False,4,0,2024-01-21
be0c05d2ad54b1ad,ed76426daca5391c,608.72,payment,atm,21,6,DE,False,17,0,2024-08-02
0be203a3721a6452,3571056f372526fb,359.93,payment,branch,1,4,CH,False,14,0,2024-05-21
70320e4741931fb4,caa3f70770df65c2,531.81,transfer,web,17,5,DE,False,4,0,2024-11-02
404c6531fb880f09,796eb45bf61bbdbb,282.91,refund,atm,16,5,US,False,1,0,2024-06-15
4b07f016ef583650,2df30e5e5dd0ca06,11.82,refund,atm,8,4,DE,False,12,0,2024-08-11
113d7978a6a7c699,333346881cc05374,85.78,transfer,web,4,3,DE,False,27,0,2024-07-26
2484d47f4452d0b6,c2dfeb5991158ea3,83.81,purchase,web,21,4,DE,False,22,0,2024-08-30
c95ffe3244722e28,1513d2d5ae9abd60,190.81,withdrawal,atm,14,0,DE,False,10,0,2024-12-24
7e4df0e4324e2357,ef86800f494052d6,153.3,refund,web,7,0,CH,False,30,0,2024-07-15
821eb8d757053790,c6ef2a45ddd2f617,27.99,purchase,api,3,5,DE,False,20,0,2024-12-12
fb1740153a850231,8dc183040a2d2cdd,89.91,withdrawal,web,8,3,DE,True,2,1,2024-12-17
ef68e38041c1b8a9,896aba5c3365d4b6,47.61,payment,branch,2,4,DE,False,18,0,2024-08-08
7c39e71636c92c66,e6068bab5d5b8d95,29.82,purchase,web,9,2,DE,False,2,0,2024-10-13
cbb77ffaf99a0ff5,e99c22c2b6429fca,227.23,transfer,branch,20,0,DE,False,5,0,2024-12-03
3a3be0c0041a83c9,2aef673b253b3d58,194.55,transfer,web,20,6,DE,False,25,0,2024-08-20
12f6cbdb037bffaa,8c1114da6e55d308,26.03,transfer,api,18,3,DE,False,11,0,2024-04-26
f0ecfe1effa16062,cc721155c46c346a,227.63,purchase,atm,20,0,DE,False,9,0,2024-01-17
e879acf5bb56c5bd,21dc0452e33bdfe1,122.55,payment,mobile,15,3,DE,False,2,0,2024-05-01
617070486c27927b,dd2faed52032391a,190.05,transfer,atm,10,2,US,False,8,0,2024-03-27
87e88fdc2d6ebe42,67206c8525e04df6,7.74,payment,atm,2,1,AT,False,4,0,2024-06-10
1c374e36491cfa83,a76efe22f6e53977,11.55,transfer,web,11,3,DE,False,28,0,2024-02-09
334b8f4f370b08bb,39ca2dc771d824bf,290.71,purchase,mobile,6,5,US,False,15,0,2024-11-13
874a2e477fe95a1a,eb70b687f60910b4,98.79,payment,mobile,23,6,DE,False,23,0,2024-02-09
553309cf5151ca8f,097df5566b051546,2180.6,refund,mobile,21,5,DE,False,18,0,2024-04-22
cba20046b4713487,8c1114da6e55d308,14.03,refund,web,20,5,DE,False,25,0,2024-01-11
32b29cedef9b4a5f,2f018d859cd898b5,132.04,refund,web,17,0,DE,False,10,0,2024-11-25
c6ca425681a068dc,c03ffd1693bec76d,21.27,withdrawal,api,22,4,DE,False,16,0,2024-08-19
6d25df28ea49f9aa,2589298c9144818b,555.73,purchase,api,1,3,DE,False,1,0,2024-05-25
98a39b73ba8faea9,713ed89f0f6f4e04,50.2,transfer,atm,18,4,AT,False,12,0,2024-05-19
0cc7e995a95e475c,124e6a8ca5919757,156.01,purchase,web,4,4,DE,False,11,0,2024-03-15
5ade5599d4065a2b,842e12789ce58df1,199.93,withdrawal,api,18,4,DE,False,12,0,2024-10-08
498b4cdcd4fee0c6,d63e94a07a59a8cf,223.33,purchase,mobile,20,5,DE,False,28,0,2024-07-01
fb01d1cc393f83b9,cb48b465991a6367,93.08,refund,web,8,0,AT,False,17,0,2024-06-23
2b1dce96dc690cac,f2136377229fb6df,49.17,purchase,api,6,5,AT,False,6,0,2024-06-25
bf96ae695d0748b5,95c371cdc09012db,71.53,payment,web,15,2,US,False,12,0,2024-02-14
5629b898edeaa910,74f2f68548b3b883,164.72,purchase,branch,11,4,DE,False,1,0,2024-11-06
ffa505af7ebde443,66e2c13454481652,347.1,payment,web,15,0,DE,False,27,1,2024-03-31
bd7f7cc68ca763ed,b0b6dd3d1297e56c,590.19,withdrawal,api,13,0,DE,False,10,0,2024-03-29
4db43156cad957ed,4e0d9e14e02c2a34,624.27,withdrawal,web,19,5,DE,False,0,0,2024-05-18
ef6e8f111eaadf9a,8537b128fe18c4ca,570.42,refund,branch,23,6,DE,False,9,0,2024-06-10
321cf52bd715f469,886a3db278c0c1a3,75.39,purchase,api,22,5,DE,True,16,0,2024-08-31
ffd2926ed0432ea0,0bb1d61fa1b0f993,294.39,payment,mobile,13,2,US,False,24,1,2024-08-27
01d2ceae38d838c6,59e97c496d5f4822,39.5,withdrawal,mobile,6,2,FR,False,21,0,2024-06-13
0bbe4f8498250ec0,f87bb15bd53e109e,63.73,transfer,mobile,6,6,US,False,27,0,2024-04-26
5a76449cfbfe0398,3173f6ff68affcf0,86.65,purchase,mobile,3,4,US,False,23,0,2024-03-15
75747a8da47ed758,a6b9c1ef773a06bd,22.41,refund,atm,4,3,DE,False,29,0,2024-08-15
64bd07a9a0dc844f,0469899baa19afb3,639.07,withdrawal,branch,15,4,DE,False,4,0,2024-07-09
7c42581e02e0571d,aa03c6e4e5791767,140.58,purchase,branch,16,1,DE,False,23,0,2024-02-10
979e3146b1096bc5,4f6a604412055600,91.94,refund,branch,22,3,AT,False,29,0,2024-09-14
67066cf3a6cd5925,81300e96b360deb4,366.61,withdrawal,web,6,6,DE,False,5,0,2024-10-13
148ce8fc6c9554fb,cb48b465991a6367,25.38,transfer,atm,6,6,DE,False,11,0,2024-02-23
b0dcd9cb79d299d3,9c7ccf173ddb81cf,58.17,transfer,atm,8,3,US,False,9,0,2024-02-26
91d6905d5d71d4fd,36d6a41bcef939ab,73.91,purchase,api,6,0,CH,False,19,0,2024-08-14
3af8f2cec5698d36,eeccf8e98cb3268d,34.97,purchase,api,3,5,DE,False,11,0,2024-03-22
9fcc6db8220354c8,639fffe8f52ba3ca,41.88,refund,branch,14,5,AT,True,21,0,2024-12-24
a00d4c762bf61320,64bab06fd0cb6187,583.88,purchase,web,6,3,DE,False,11,0,2024-01-17
ca761f248026b666,399d361b0b750759,79.18,withdrawal,atm,23,4,DE,False,9,0,2024-01-02
7e0301ba5feacc8c,e66d521b716e3bfc,132.46,refund,api,10,3,DE,True,21,0,2024-08-01
4d15bc933c8f82c4,a09cd46d515e3168,154.27,purchase,api,6,6,DE,False,15,0,2024-12-10
49339f26a31b03d5,601c7b8334f16768,15.84,payment,branch,18,4,DE,False,18,0,2024-12-14
e45d009365e3c14c,93102f8c8c50d21e,106.94,transfer,web,15,5,FR,False,7,0,2024-12-24
3364c3f674ae9685,703456167a7acd17,127.49,payment,mobile,12,1,DE,False,6,0,2024-06-20
c41498075ed2da67,1f874be6a0cb1c90,330.82,purchase,atm,12,3,DE,False,10,0,2024-04-08
3ce5e3daf7708b19,6679b69f9256d07b,157.61,withdrawal,web,11,2,DE,False,16,0,2024-12-04
231aa5fb1a29888c,1316e2a487ca2390,90.37,payment,atm,18,2,DE,False,0,1,2024-09-29
7f8196c58a618dd0,ae7d9d97fe6e5f3d,168.25,transfer,branch,3,2,CH,False,9,0,2024-09-14
620042ddb46d8d32,7bae829bc27e6ff4,102.93,transfer,branch,5,5,DE,False,17,0,2024-01-17
dd212fda7f8ba7e8,865382db3c8da506,282.94,refund,branch,10,3,DE,False,10,0,2024-08-26
86d67ee779a7fa3d,4762862489547fd2,198.2,transfer,web,15,1,DE,False,25,0,2024-10-05
dbe2aa796aa4740e,d708cdd5a1ab5147,338.17,payment,mobile,5,1,DE,False,7,0,2024-12-19
58dab46ba245bf6c,2a4637feda49b45d,355.08,payment,web,12,4,DE,False,13,0,2024-03-16
ddcc09344a78c29b,8fb1e2b799a1e70e,404.62,withdrawal,atm,11,0,DE,False,5,0,2024-01-04
75998784f24c6dd6,42c4eabba3c0309b,380.31,transfer,mobile,9,2,DE,False,3,0,2024-11-17
f2f642e5f3f32d86,09ab9c9076ff0dc4,41.55,purchase,web,8,0,DE,False,0,0,2024-07-14
7f54732c182cdf8c,701e668375016da9,432.74,payment,web,16,1,DE,False,7,0,2024-03-25
3b0eaf304099f2ea,21d14a120ca4e518,193.55,payment,web,4,1,DE,False,5,0,2024-03-02
2f0d02ff702fe4ad,23edc044f01da22f,133.27,transfer,api,10,6,DE,False,5,0,2024-06-11
0f7051a3cc0bac3a,a981098a586ce8bd,42.52,withdrawal,api,2,3,CH,False,24,0,2024-10-24
fe68ba0a83d3c35a,7efe72eedea1bcc7,46.39,payment,web,10,4,DE,False,21,0,2024-12-04
ba9b2c9668fc558f,ecbd219bc9e40207,27.17,transfer,atm,3,5,DE,False,22,0,2024-11-15
8add5e83053fa118,5fa82ac52c1823ed,1218.93,refund,web,15,3,DE,False,19,0,2024-02-22
7116d85add5daa4a,310b642934f57b26,18.52,transfer,web,13,5,DE,False,21,0,2024-01-01
96ca157a6d7c2d48,704d95a855bc1c1f,315.0,refund,api,4,6,DE,False,11,0,2024-03-15
faa101d23a1f2ffc,2f99b0d07788b0a1,180.97,refund,api,6,5,DE,False,13,0,2024-03-15
dbf9db22ccd395dc,2f99b0d07788b0a1,219.95,transfer,api,14,1,DE,False,22,0,2024-11-22
ef464674411b30c2,4762862489547fd2,58.88,purchase,api,22,0,CH,False,30,0,2024-03-13
1972565c6afdb373,f51d70a6070e06e9,305.65,payment,web,7,0,DE,False,4,0,2024-04-13
cbada5044b3d425d,f2caa0becd2c7c50,129.86,refund,branch,1,3,DE,True,17,0,2024-10-07
37f178636b470f84,67206c8525e04df6,79.39,purchase,web,18,1,FR,False,22,0,2024-03-10
5c4fc2ed54ba8be2,daf14806094945d4,216.36,withdrawal,atm,1,2,DE,False,2,0,2024-07-18
2e8a6b0729f36048,271851a35dd63fe7,60.63,withdrawal,branch,23,5,DE,False,17,0,2024-02-28
22d32d09b0a6edc5,a6bd5c48718d9b02,219.37,withdrawal,atm,20,5,DE,False,14,0,2024-05-24
dc5e57f15837acb0,a5f460d647889564,85.11,purchase,atm,19,6,DE,False,15,0,2024-03-04
fb8fed0d12a9f49d,c57e3d97aeb40ec3,59.03,withdrawal,mobile,7,2,US,False,6,0,2024-04-16
d09f3a15cdb6de13,13ddef20378fc798,117.48,refund,branch,16,4,DE,False,1,0,2024-03-31
12db12f9a2c0e4a6,cf24922037aeb96d,61.15,withdrawal,branch,8,2,DE,True,6,0,2024-01-27
3fd30a3bab9c9967,de77ec1f76a7aec8,101.4,withdrawal,api,11,0,DE,False,8,0,2024-11-06
8143968426b7265a,6664780cf8339f06,64.77,withdrawal,atm,22,5,DE,False,4,0,2024-01-09
23d86b09f015a6c0,3571056f372526fb,61.1,withdrawal,api,2,1,AT,False,26,0,2024-08-19
dcc98fbdf5689eb3,aa70cf27e477cd4e,1428.83,refund,atm,8,1,DE,False,4,0,2024-10-20
bc7dce1b0822f9db,e09a386fb3c4160b,2067.34,withdrawal,mobile,14,4,CH,False,7,1,2024-05-22
801e72991d03eb86,789cca4466567bf5,42.24,withdrawal,branch,17,5,DE,False,2,0,2024-04-10
afb67ccd7cd8e003,216e516e33710669,102.65,payment,web,23,2,AT,False,5,0,2024-03-25
9cef36ce1452bdc4,466084ce02acd76c,405.78,purchase,mobile,7,0,US,False,28,0,2024-07-07
b8d274906fc39d00,cc3e28643aee16ef,19.34,transfer,web,1,5,DE,False,6,0,2024-10-24
db72e29f416fc178,87a48f2a1473fa26,66.52,purchase,atm,10,5,DE,False,2,0,2024-07-18
122809747f76ef1f,e66d521b716e3bfc,209.0,transfer,atm,19,1,DE,False,21,0,2024-07-15
f6452f4cce73fbd5,9a5ccc82ae06bb65,252.78,payment,branch,3,6,CH,False,26,0,2024-12-17
0fee28c3943fb390,69ab54f2b5e0c129,73.37,transfer,mobile,12,2,DE,False,14,0,2024-01-29
1274645ae483778e,e1918468b5de668e,115.01,refund,branch,19,1,DE,False,8,0,2024-11-25
db3ab48130e3a557,1095343f2be478c8,282.14,withdrawal,mobile,13,4,FR,False,10,0,2024-07-31
74aae7333755dd75,33027c5d86ee9f67,156.48,purchase,api,9,3,DE,False,15,0,2024-04-24
d2241b1f967bb161,8a21706ad64d5905,12.22,payment,web,1,3,FR,False,15,0,2024-12-15
6c683085c471dc15,250219c2401f56a4,61.57,withdrawal,web,6,2,FR,False,24,0,2024-08-07
7057cece35f3c1ce,94c152bdf68cc6af,389.34,withdrawal,atm,19,5,CH,False,20,0,2024-12-13
e21ac78a7292fcd7,69ab54f2b5e0c129,52.22,purchase,branch,0,4,DE,False,14,0,2024-06-05
3da32b21019137b3,8223a60e4286692e,43.1,withdrawal,mobile,17,6,DE,False,15,0,2024-11-14
5688c67bab74a0b0,2449bfe37a9e012a,119.97,transfer,branch,12,5,FR,False,13,0,2024-11-06
bbb28c1166aee370,05994ecc6b269fd8,41.0,payment,branch,5,3,DE,False,29,0,2024-04-09
d94e2da2aaa44496,882794bbead75d88,56.24,payment,atm,14,5,DE,False,25,0,2024-08-28
67652ac76fb82988,a97be0a50ea38d7b,31.34,transfer,mobile,12,0,FR,False,30,0,2024-04-10
7150535a3e60f0f7,d133b4740ead06a0,533.1,withdrawal,atm,23,3,DE,False,19,0,2024-08-21
c55c184ef9e40301,515cff74d51e2c28,16.92,transfer,branch,3,2,AT,False,0,0,2024-06-23
03535005fde2ce6c,4852c491722ca246,166.34,payment,api,7,1,DE,False,15,0,2024-04-23
df41a6056725ebcb,32d234c08535ba67,49.02,purchase,branch,15,0,DE,False,20,0,2024-12-08
78ad1867da71332b,074e14ee8997525d,99.53,refund,api,6,4,DE,False,18,0,2024-04-03
c1be3be77d8d87a9,14c52a5e0e180aa9,130.34,refund,web,2,0,CH,True,17,0,2024-10-28
4601b39e6a1033d6,886a3db278c0c1a3,461.28,transfer,api,22,5,AT,False,1,0,2024-05-17
0af1d4f93e5c9707,cfd4f236ea9babb7,52.33,payment,mobile,0,3,DE,False,11,0,2024-08-02
a29f92ecc85a7189,bc7c29eefe7123ba,263.75,payment,atm,16,6,DE,False,0,0,2024-11-30
7c110fdea4fd891a,e91b18a6870ac128,195.63,purchase,atm,16,5,US,False,27,0,2024-06-02
149027f4076d5537,6a7a45ef56b7cc6a,130.49,payment,mobile,17,4,DE,False,18,0,2024-06-22
051dbbadbe963cd5,ad322e7a390c0744,3.33,withdrawal,atm,10,6,FR,False,28,0,2024-01-12
c89afc7b590a3f76,e600a61f7d1ab6b4,335.7,transfer,web,3,4,AT,False,12,0,2024-05-21
8ad596559a26b6e7,8a21706ad64d5905,34.91,refund,mobile,9,2,AT,False,7,0,2024-01-25
c8b48fbf6d6e8b41,3e042f9b7a6568c1,17.12,payment,branch,6,6,DE,False,7,0,2024-08-23
661e569f668bb933,0856888b48e8a7ac,45.69,transfer,branch,18,6,DE,False,23,0,2024-01-31
5f08078c419a3fc2,9368a3af2ec5e010,7.73,transfer,atm,6,0,US,False,19,0,2024-06-13
9b53c39e79efed51,b7ab6a76332a3704,48.99,withdrawal,branch,2,6,AT,True,10,0,2024-11-11
d2242fbbc5c94f47,d5574ffb10ab85b5,209.36,refund,branch,0,3,DE,False,14,0,2024-12-07
e39b3a640918801b,0ef584decd975f31,92.18,withdrawal,atm,12,2,AT,False,24,0,2024-03-02
a2212c6017c41d00,985b4d44da64c8ed,341.16,refund,web,15,0,DE,False,18,0,2024-10-08
cb9930f2ad2cabd0,2cf007913545eeb5,74.49,transfer,atm,18,6,DE,False,20,0,2024-02-06
0a470aed4885d5b5,1095343f2be478c8,143.53,withdrawal,branch,6,1,DE,False,30,0,2024-12-22
855d2085dd338497,94c152bdf68cc6af,28.65,transfer,mobile,2,1,DE,False,12,0,2024-08-06
053bfaa0abce9e37,ffeee34bbe241244,50.46,payment,api,2,3,DE,True,10,1,2024-05-19
1572e675ad774201,ce668b20709dbda4,25.1,refund,api,10,5,DE,True,4,0,2024-10-10
36304cf54b479502,486b5d75cd1afdcb,195.61,refund,api,23,1,DE,False,2,0,2024-05-06
b89ed973746db74e,d708cdd5a1ab5147,51.36,refund,branch,7,1,US,False,8,0,2024-09-04
e532a773d999bce4,bdaa952c935e7ce2,395.79,transfer,api,6,0,US,False,6,0,2024-05-02
c6ffefb7664891b1,db996eb524714042,91.75,purchase,atm,13,6,US,False,21,0,2024-09-25
f420ffbb3cebb718,eaeb32f2bbc92cc0,285.73,purchase,web,9,2,CH,False,24,0,2024-03-24
eae1190d59b7fc00,9e0ee76af6f63d14,21.57,refund,branch,20,2,DE,True,8,0,2024-10-05
9609ad6cf15c5069,0dc17c506a1ce18f,58.29,purchase,api,20,5,DE,False,16,0,2024-03-02
737ff2a72214e2ee,d741cef7a3234a8d,229.14,payment,api,0,6,AT,False,22,0,2024-10-20
18eb747e1bcc0976,73782229d955b453,299.66,refund,atm,12,3,AT,False,25,1,2024-01-15
214dc5a4509dd231,8cfb46094b5f0108,182.77,purchase,web,18,4,DE,False,24,0,2024-05-29
8d7607edbdd04ed4,48729bba3c509acb,370.84,refund,atm,20,1,DE,False,24,0,2024-01-05
a3e7e9201574172b,56673b96aa4090ba,165.32,purchase,mobile,8,3,AT,False,29,0,2024-07-17
cb047e9647a07fbe,0d440c2adf3f05cc,90.72,purchase,api,1,2,DE,False,9,0,2024-03-08
419d65628fede499,ef86800f494052d6,22.35,withdrawal,api,3,2,DE,False,8,0,2024-03-29
e8be14eaa9c64630,5ce4a8318d8f92e9,186.29,payment,web,11,4,CH,False,16,0,2024-11-03
a8bf61d95aa70876,7875d35007f73b07,40.17,refund,atm,2,3,DE,False,8,0,2024-09-12
6f4d4cf47964a41b,a5f460d647889564,109.32,withdrawal,web,0,2,DE,False,4,0,2024-04-01
7bf1b1f9d8e103b8,0cf489584e43aaa5,49.99,payment,mobile,10,6,AT,False,15,0,2024-07-31
3707ee9a18c503c8,9818e0f282db1ff0,263.98,refund,branch,13,3,DE,False,26,0,2024-04-22
77f677a27285c7c8,cbcd85f91c7a29d6,246.25,withdrawal,atm,17,3,DE,False,15,0,2024-09-16
ff3a583800587240,5fa82ac52c1823ed,138.9,withdrawal,web,19,4,DE,False,5,0,2024-08-02
902fd32dc16504ed,aa33b16ff8a055f4,465.92,payment,api,4,1,DE,True,18,0,2024-03-25
c26cbcf09ca25f1a,149396c4c5912808,21.41,payment,atm,14,5,US,False,15,0,2024-04-03
07d2982388954035,d5574ffb10ab85b5,19.04,purchase,atm,17,5,AT,False,13,0,2024-10-20
006c92ff38413eb1,cc3e28643aee16ef,842.6,purchase,web,16,2,DE,False,29,0,2024-08-14
91767c0b1e9ec91c,5722d73095abd727,275.11,payment,atm,19,1,DE,False,12,0,2024-08-25
eb80c4cad5d0e785,97e43872adefea91,17.08,refund,web,18,1,DE,False,8,0,2024-12-30
156e6f9c87d7e6d7,3dc472c58d3e56b5,4.81,purchase,web,21,4,CH,False,21,0,2024-10-04
dd4f4360afe1799b,3173f6ff68affcf0,108.95,transfer,atm,20,2,DE,False,24,0,2024-06-10
67fff377ef45a73e,d28853d261e28c50,315.06,payment,atm,19,6,DE,False,19,0,2024-09-10
d1207858f847f9a1,6565a0a0eb2a64d5,73.69,refund,branch,13,4,DE,False,10,0,2024-04-18
d71fe496bc092d84,ab4e765e8843ec76,111.83,withdrawal,web,6,5,CH,False,6,0,2024-07-21
f9f6f6a51bb1d7e6,394b8efc30a36396,58.69,payment,api,20,2,DE,False,30,0,2024-03-15
38f2d3e5dfdfa3fb,df5a7d4e1e07dca3,94.64,purchase,mobile,11,4,DE,False,4,0,2024-08-31
df547989f67d8145,b891ea3c46babb94,97.22,withdrawal,atm,22,4,CH,False,30,0,2024-03-26
c6e746146bd22539,e471fdaf173e9a5f,214.46,refund,branch,0,0,DE,True,5,0,2024-08-06
ee835167cd3267ac,7f4335560a6a3524,5.81,payment,mobile,4,2,DE,False,7,0,2024-03-19
dc65f8ea98c05094,88cfc5a51b95e5d1,117.6,payment,branch,13,2,DE,False,28,0,2024-11-22
11962619bc8c7754,e94a724da12595f8,78.83,payment,api,11,5,CH,False,11,0,2024-09-16
ea2d572f4e0fcec4,2c0e7544e635fc12,111.55,withdrawal,branch,17,2,DE,False,3,0,2024-02-06
8f5f9aacf5d2d0df,d9fcace36fdc8173,1660.6,refund,atm,22,5,DE,False,2,0,2024-08-29
8d45d710947aa614,d9fcace36fdc8173,168.25,refund,web,11,4,DE,False,20,0,2024-03-12
609dacf23bcc7ff1,cbe05534a3641062,133.44,withdrawal,web,16,5,DE,False,15,0,2024-07-24
d9e40aab9d0725e9,25a2fefaa45a6219,142.3,refund,atm,1,3,DE,False,16,0,2024-10-29
3f7e92dfd97d904b,7b9f9dd5e6c6017e,198.63,purchase,web,17,3,US,False,29,0,2024-08-04
14a79016803c32a9,39a30d3931fe5458,46.47,transfer,branch,20,2,DE,False,30,0,2024-08-16
1f99c15e7b2fcc85,379706e13cf85e7f,18.26,payment,atm,15,0,US,False,12,0,2024-07-08
070c6460cd62f822,ff5d652884662995,46.98,transfer,api,4,3,DE,False,7,0,2024-01-27
532f584948e7ff28,448e54f978934d2e,1045.31,purchase,mobile,0,1,AT,False,4,0,2024-02-26
01e5906bfe627956,4e2019446be70d5a,102.67,refund,branch,22,4,DE,False,18,0,2024-06-27
0537ca9e82da34b5,f850880759dff994,92.65,transfer,branch,23,2,DE,False,27,0,2024-03-13
dc82e6b7c2cadc41,99e081371b7c90ab,36.12,payment,api,16,3,DE,False,6,0,2024-09-08
36bd5ab45086cc65,5eb10f0cd7a891d2,44.02,refund,mobile,20,6,DE,False,22,0,2024-06-12
6475fcf59cc366a8,20afa56bf367ac54,31.42,refund,branch,1,2,FR,False,9,1,2024-06-20
f8da26a4f8cc6701,81300e96b360deb4,48.6,transfer,mobile,9,0,FR,False,26,0,2024-09-01
4312613895a86303,2160957767334b7b,185.89,withdrawal,api,19,0,DE,False,22,0,2024-02-20
009e6346c546eae0,80bcb8bfbd90af5c,302.35,refund,branch,15,6,DE,False,12,0,2024-01-01
1c5dc541c7500c0d,3bb87dfe7d08315a,189.01,purchase,api,9,1,DE,False,14,0,2024-04-16
f0d59bd594d8bb2b,b0b6dd3d1297e56c,1944.53,transfer,branch,4,2,DE,False,15,0,2024-03-02
ba3fd4542a1e5ad7,e1bcdb4be6b1fdd8,358.1,refund,atm,2,2,DE,False,7,0,2024-03-24
07d89eada8d5d912,23e537df4abbfd88,17.46,withdrawal,mobile,9,5,FR,False,15,0,2024-09-17
443820521cc10cd0,118f541bfed3be3e,110.44,refund,branch,0,3,DE,True,6,0,2024-09-09
218daf7e350965ec,dfa892259253e955,108.24,purchase,api,4,3,CH,False,12,0,2024-05-14
d9def62c4854b5a5,a83327220e8416d4,23.92,refund,api,20,1,DE,False,9,0,2024-09-05
bf9104e54f983b44,dd286cf412365357,547.19,withdrawal,api,8,4,DE,False,7,0,2024-08-02
98a9f79f98c53ddf,d708cdd5a1ab5147,180.58,payment,branch,2,0,DE,True,24,0,2024-09-05
77395ef9f97b40e8,5b528c377e06dea8,127.85,transfer,api,3,3,DE,False,0,0,2024-10-12
2c1f9de51fcc7003,3f8912e52a75358c,35.93,withdrawal,mobile,2,6,DE,False,23,0,2024-06-14
8047c3662bfb9b18,ba6854b5e65567f3,17.71,refund,api,4,4,DE,False,25,0,2024-01-01
9b9c864188f05adc,074e14ee8997525d,116.32,payment,api,17,3,DE,False,17,0,2024-12-29
ed7f35a7403fe647,f850880759dff994,87.53,payment,api,21,4,DE,False,20,0,2024-04-09
f98f2bd0a53b70dd,b345e0b5da78665d,161.37,withdrawal,branch,17,3,CH,False,10,0,2024-05-09
bccf440452bf6d32,09151ed2d74d2e19,167.89,payment,web,23,6,DE,False,5,1,2024-05-29
b6e56d7103441143,a4747a10707f24f1,28.69,purchase,branch,5,4,US,False,24,0,2024-11-17
b1761fe13f609555,e745d7e53b03c26b,441.26,payment,mobile,16,5,DE,False,19,0,2024-09-18
2066f94f43a4cdb3,ca53275e55749087,14.78,refund,mobile,17,0,DE,False,20,0,2024-03-27
2dfbe1965bca0b05,b626377d5234383c,60.45,refund,web,22,6,DE,False,30,0,2024-04-04
4096414bd2be447a,95d9b7dd6a49d3a5,82.97,transfer,branch,16,0,DE,True,22,0,2024-06-16
74f85aeb54f79c79,6208e28482f81294,76.73,payment,api,20,0,CH,False,7,0,2024-09-02
caca551eef58cfb5,2858814fb98eb39b,206.93,refund,web,2,5,DE,False,8,0,2024-12-15
172c8e2997d5be5d,37f3b479dac1617b,243.29,transfer,web,1,0,DE,False,8,0,2024-01-25
9618d20de2c4f9fd,5c92fcc0db6d8ab7,64.73,refund,api,2,0,DE,False,3,0,2024-01-15
90676664930fdacb,57e86fffed584acd,482.29,payment,web,10,0,DE,False,5,0,2024-06-24
440278b764d3ebe1,f1a71cf26fe20f2b,197.87,transfer,api,14,6,AT,False,16,0,2024-08-27
7649c54dcc2733da,674648194942cb9b,10.22,refund,branch,7,4,DE,False,3,0,2024-05-03
047a43b03ea6ffd1,15cf0c8a9792e50a,111.41,withdrawal,web,9,0,DE,False,16,0,2024-03-02
03854b79ec8eea68,129fe03886f1f5d5,86.23,payment,web,18,2,DE,False,9,0,2024-05-02
095b4607a44d8721,7efe72eedea1bcc7,31.31,transfer,branch,23,1,DE,False,19,0,2024-01-29
4aba13a10852fd13,3dafdba89e78ae73,38.61,transfer,atm,15,2,DE,False,26,0,2024-02-05
8ec836be6e51328d,6bf2a2cffbf5c19d,86.42,purchase,mobile,20,3,FR,False,1,0,2024-11-19
4e7aeafe5d77e817,ad322e7a390c0744,91.22,refund,atm,11,3,DE,False,0,0,2024-08-19
a7a39f4d0acd39cc,9a6c0061bbe97014,76.87,purchase,web,1,6,CH,False,30,1,2024-03-29
d30126abb781185e,f8229df896de7e70,184.41,purchase,mobile,22,5,DE,False,16,0,2024-09-13
091872785d57a868,39b28406376154b3,10.47,purchase,api,0,0,AT,False,20,0,2024-07-15
961310d5dc725601,1dd675c43554d179,113.33,refund,atm,7,2,AT,False,1,0,2024-06-01
23eea99351904b3d,4e0fa5ddd9a7dac2,96.46,withdrawal,mobile,18,2,DE,False,5,0,2024-03-30
834e5c8533b9888f,6292e6c448e5f12d,359.94,withdrawal,web,18,5,DE,False,7,0,2024-04-29
3925e559efd21fde,15dd59d98f96fd43,19.74,refund,atm,2,2,FR,False,18,0,2024-11-12
c8d356fb7a060d62,c50eda8600c290eb,77.69,purchase,web,6,2,DE,False,26,0,2024-03-01
f8928e3528e18c22,132dcfea7bd1abd3,87.57,refund,branch,21,4,AT,False,16,0,2024-10-23
2349d799139e9fd6,00df7022ce2e0386,109.33,refund,web,14,3,DE,False,9,0,2024-01-27
49ae5d6b3c444410,7f53cb886f1e2ff1,679.71,transfer,atm,0,4,US,False,22,0,2024-07-21
8ad99f646d46b9ac,305c43f9ac88e981,32.25,withdrawal,mobile,16,4,AT,False,6,0,2024-10-13
b9ef03b2b4f703cb,328e8885eb7190eb,51.88,payment,mobile,8,6,DE,False,24,0,2024-09-10
8539cc98cee5d451,73c62aac5c083e57,89.21,transfer,web,18,6,DE,False,25,0,2024-01-29
b92d5b511cd4391d,4bff6814ca7d7561,138.31,payment,api,13,2,DE,False,11,0,2024-06-11
5465534c0fc69ae8,250219c2401f56a4,625.68,withdrawal,branch,3,6,DE,False,1,0,2024-08-30
a6d1feb3340eb824,be651712971ebd6b,22.64,payment,web,15,2,DE,False,16,0,2024-10-02
0c53416cfb14a592,ef33a9a3135f3db9,175.22,withdrawal,mobile,12,6,DE,False,29,0,2024-08-05
b8a2e869d68754b3,2c955c05a25028f6,82.16,purchase,atm,21,3,DE,False,13,0,2024-08-17
1b8b3552996e1dcb,d08a5d4a9330860a,21.88,purchase,api,14,1,DE,False,16,0,2024-11-25
fb2006ae48a761df,c8922bed7d0e7358,136.34,transfer,mobile,3,5,DE,False,28,0,2024-11-20
8b010f534a7c620d,9e0ee76af6f63d14,16.23,transfer,web,7,2,CH,False,19,0,2024-12-18
815c20d49325e993,6776e8e7006dfcf2,176.15,payment,branch,13,2,DE,False,16,0,2024-05-02
4464b789184bc37c,cfd7bfdc0ab5033a,80.28,payment,branch,2,5,AT,False,30,0,2024-12-18
5a235bcc30fab971,637dbf8360d5194e,308.19,withdrawal,api,6,4,DE,False,30,0,2024-08-02
cf2276f575d83a88,20f1826aa7875d0d,326.07,withdrawal,atm,6,2,DE,False,16,0,2024-06-09
ecbbfd3aaa650674,3571056f372526fb,111.31,refund,branch,14,0,DE,False,12,0,2024-05-06
cb9e06f0499d0f19,3ca015a11b3dab8b,88.15,transfer,api,2,4,DE,False,5,0,2024-08-27
c4b6f6c60e6ad139,6796a86bf89380a4,260.62,purchase,atm,9,1,DE,False,4,0,2024-10-31
467a0a79fbee5e83,ef86800f494052d6,16.57,transfer,mobile,8,4,FR,False,30,0,2024-12-13
31dd2daf0c14b9fd,e2e2d702793e5410,38.87,purchase,branch,1,0,DE,True,19,0,2024-08-07
ecfb42c7babe2e48,11c1d84fadb1c7c2,48.77,payment,atm,15,0,DE,False,12,0,2024-04-02
0ee4ba14441eb7a3,788e7f53c9a7b524,67.09,purchase,api,8,3,DE,False,13,0,2024-08-01
57f4836c2c98f6ac,494d524e72dd81a6,98.38,transfer,api,2,5,DE,False,8,0,2024-08-19
3cc6ea1c25a85296,106b400678c3f34d,70.48,purchase,web,5,6,DE,False,19,0,2024-08-16
866cd0f800092ac2,c960159cb291b2db,135.91,withdrawal,atm,15,6,CH,False,21,0,2024-12-13
d07d6d9a467e411c,ffbe9b8483bc47c7,260.38,transfer,api,12,4,FR,False,27,0,2024-01-25
7ceedfc2b29e6d99,cc57238a136e920c,295.23,refund,branch,13,3,AT,False,0,0,2024-02-13
113e03d6b820448b,76d068488532d560,131.34,purchase,branch,16,6,CH,False,19,0,2024-03-13
98e2b7befdcfc6bd,5972430fab4f2beb,111.86,purchase,atm,9,3,DE,False,10,0,2024-10-20
3c5e35e77a8205bd,58ff24853040e0ab,7.54,withdrawal,api,13,4,DE,False,14,0,2024-01-22
81900ddf02fb6965,ff107396f163c985,89.98,purchase,api,18,6,CH,False,5,0,2024-10-14
3117b503866845a8,5d596698634b376f,111.72,transfer,atm,15,0,FR,False,18,0,2024-07-09
1b2a6260ac483154,2449bfe37a9e012a,83.83,payment,web,14,1,US,False,17,0,2024-01-23
0eac6c8db187ad44,de4ae09d9f2d9531,187.52,transfer,mobile,19,5,DE,False,12,0,2024-06-12
2970843a96d73038,149396c4c5912808,11.69,refund,api,7,4,DE,False,10,0,2024-01-27
f651618763e6c430,e99c22c2b6429fca,90.57,payment,api,20,6,AT,False,8,0,2024-05-31
dc51bb12838eaa8a,390be1c29d49d018,13.55,payment,mobile,23,2,DE,True,0,0,2024-08-04
3aa10ae51488c350,8afdb472cddbdb81,5.24,purchase,mobile,16,0,DE,False,7,0,2024-01-03
974f3d1ff6cc3dfc,47b414bee807800f,142.18,refund,atm,1,4,DE,False,12,0,2024-01-24
b09ec7756003cd88,673514b88fe6c0c7,48.01,refund,atm,19,0,AT,False,5,0,2024-02-01
5c0505ca2e167fc1,a20543486f3cdd47,67.86,refund,mobile,10,3,DE,False,4,0,2024-09-05
72471a9f6a200e78,df5a7d4e1e07dca3,63.09,refund,branch,19,1,DE,False,18,0,2024-03-04
00fd34a62077383e,68a650ac8fd9caa6,35.23,payment,web,20,4,US,False,20,0,2024-01-29
3549aa876e0a8131,865382db3c8da506,89.01,transfer,branch,5,4,FR,False,6,0,2024-04-24
79cb9ec92e7d7220,e9eb878f95923e75,87.42,transfer,atm,12,3,US,False,8,0,2024-05-26
93ccd4c0ca67a0c4,daf14806094945d4,68.6,transfer,branch,9,3,DE,False,20,0,2024-06-05
f11097b234ca45e4,3173f6ff68affcf0,20.5,payment,mobile,5,1,DE,False,12,0,2024-11-29
82835c4ede3e3cf2,aa70cf27e477cd4e,97.71,withdrawal,web,14,1,DE,False,16,0,2024-12-22
c27284685319c201,174082e445371ba1,240.07,payment,api,22,1,DE,False,21,0,2024-02-26
3de856994ec39e00,9a5ccc82ae06bb65,543.15,transfer,atm,19,3,DE,False,22,0,2024-03-17
a2b0c7491f346b42,70af6a05166575bf,179.22,purchase,atm,19,4,DE,True,25,0,2024-11-08
836e57ace485b15a,d504b2be039b67e9,64.12,withdrawal,web,8,2,DE,False,19,0,2024-05-19
7c5795744aa20968,1c977db147f46222,14.03,refund,branch,7,3,DE,False,5,0,2024-04-14
b43c80f7f9496b93,1e0df9c532a06351,339.34,transfer,branch,21,2,DE,False,20,0,2024-04-22
47c3b7788dd33abe,15cf0c8a9792e50a,98.87,refund,mobile,2,0,CH,False,10,0,2024-03-15
84bb874dcd6aefa7,c13e306f211ed1f4,284.07,purchase,api,12,3,FR,False,1,0,2024-02-24
9da0e051b0fd7b46,461896e94fb5a53d,118.54,refund,mobile,7,6,FR,False,12,0,2024-11-19
e75ea2b25887e489,fc7409b846103218,226.24,payment,mobile,10,6,DE,False,24,0,2024-05-04
71b994d54f42fd2c,7875d35007f73b07,52.72,transfer,branch,6,6,DE,True,21,0,2024-03-06
6998ec7bc39861dc,409ac406fa85dadc,7.0,refund,mobile,4,5,DE,False,30,0,2024-10-02
07d77e017095ccea,465c21f02308e1c6,713.27,refund,branch,13,1,DE,False,19,0,2024-07-30
8f90cbc38a8b6e0b,c03ffd1693bec76d,70.34,refund,api,16,6,DE,False,17,0,2024-10-21
28e5e60b4ad4d830,567c594223514ff3,264.43,refund,web,2,0,DE,False,9,0,2024-04-16
4c58417e1c44a216,7e4da7f164626253,267.93,refund,mobile,4,3,DE,False,23,0,2024-05-28
a2bd171b52c09e8a,2c3888e2386d6cb4,90.21,transfer,web,22,0,CH,False,24,1,2024-07-21
af0303e754e1b342,cba04ef519085d14,57.16,transfer,mobile,19,5,US,False,30,0,2024-02-20
a3413bdb75118a1d,c2ae9458e7377ef2,109.17,payment,web,10,0,US,False,26,0,2024-12-08
2498cf66c37fb83c,e7f8b23a62389cc1,37.75,withdrawal,api,4,1,DE,False,29,0,2024-08-29
6440866333091c81,5426c51613baed1d,15.99,payment,api,0,0,DE,True,5,0,2024-01-21
21c53a0442584e2f,912105a7208a1ea3,297.64,transfer,api,2,1,DE,False,14,0,2024-01-11
419b9ff059646db5,26ca3d0df8ed600d,47.74,refund,api,7,0,AT,False,0,0,2024-05-19
4cf8d0be54888de9,2f018d859cd898b5,93.27,transfer,mobile,23,3,DE,True,2,1,2024-11-14
735d033ba42872ca,fb35e6d2e1868891,84.39,refund,api,20,1,AT,False,4,0,2024-11-23
af1542eb928442cb,448e54f978934d2e,74.91,refund,branch,16,2,DE,False,9,0,2024-11-23
d47ae2641535d38d,d370bf88bb1fed68,240.4,purchase,branch,13,5,CH,False,1,0,2024-06-07
abcb020c7c256f1a,40795a3e29c51480,19.57,withdrawal,mobile,4,1,DE,False,7,0,2024-02-10
35e51ad72e851896,3fc342302a9bcaff,421.37,transfer,atm,0,3,FR,False,6,0,2024-03-06
6ac1e7f4e388fbc1,e66d521b716e3bfc,48.06,withdrawal,atm,8,4,DE,False,29,0,2024-12-06
88ebd5b3ce590fcb,f1a5c01046388dbf,32.91,payment,branch,2,3,AT,False,23,0,2024-12-30
cda469163a394e0c,09ab9c9076ff0dc4,84.94,transfer,atm,15,2,DE,False,12,0,2024-03-01
5fa65efefe62998e,a8e77b8a8ffb5b81,189.37,transfer,api,19,4,DE,True,18,0,2024-08-14
0e2505439f03077f,901cca668dced61d,94.52,transfer,mobile,21,6,CH,False,10,0,2024-03-10
89c830e6d043c01a,4e5f8e83ea0b0ed8,136.64,withdrawal,mobile,4,3,DE,True,8,0,2024-03-13
5a7188a8dcaf35b6,0fe90c42e16ec1ac,321.85,purchase,atm,14,3,DE,False,12,0,2024-11-22
635dcaf507963354,959c15d7aeddff50,64.34,withdrawal,mobile,9,1,DE,False,7,0,2024-10-01
3b9c536a835e9856,3b522e0c4debdf10,95.23,transfer,api,0,1,AT,False,13,0,2024-08-09
6e74108299f5e9f5,8e51ba45c280251a,104.59,transfer,branch,21,6,AT,False,23,0,2024-02-26
647a326a25205588,3fc3ba49c9dc124c,144.01,purchase,branch,3,1,DE,False,25,0,2024-11-24
20c28e2004163768,5054f7ce5a98862d,28.26,purchase,branch,13,2,AT,False,29,0,2024-11-02
93cdb4ba0c3e2419,5800cc8d6a5c3e91,35.2,withdrawal,branch,19,6,DE,False,5,0,2024-05-28
73e43880962b0010,cfd7bfdc0ab5033a,48.5,withdrawal,atm,14,5,DE,False,1,0,2024-09-08
686d82fc1d55c937,a2d85430341b11eb,65.98,transfer,api,2,1,DE,False,5,0,2024-01-24
f6a4e1f99862b29d,98189c1c1e585878,15.92,transfer,atm,5,0,DE,False,10,0,2024-08-31
0a59fa4d1ed98a2a,63686e65207e190f,54.74,refund,api,6,0,CH,True,23,0,2024-04-08
a523f5ef7cbb7fe9,7b9f9dd5e6c6017e,49.58,purchase,branch,18,6,DE,True,2,0,2024-02-15
01b209bc4bd2ac2d,a0cb6f1e5ae6809a,62.99,transfer,api,17,2,DE,False,10,0,2024-01-06
2f405a7e81ffe837,759c7bc81a6567b8,84.16,payment,branch,6,0,DE,False,8,0,2024-01-28
7c492811a4462a4b,c960159cb291b2db,10.75,purchase,atm,22,3,DE,False,21,0,2024-12-06
3d35abbea18eb30f,70b4ff1afa97020e,49.02,payment,mobile,12,2,CH,False,15,0,2024-09-04
c285b6badb212d2a,42c4eabba3c0309b,10.22,payment,atm,3,2,DE,False,14,0,2024-09-27
a78fc2e0a925e22a,15cf0c8a9792e50a,1251.26,payment,api,16,2,DE,False,13,0,2024-04-15
c37683f26fe94906,5b528c377e06dea8,48.18,transfer,mobile,16,6,DE,False,28,0,2024-06-01
a543b5e939b99cee,76aa547f97a0017c,130.44,transfer,branch,1,3,DE,False,13,0,2024-11-22
29a5b0f1d73e36fc,cfd7bfdc0ab5033a,13.59,purchase,mobile,15,1,FR,False,17,0,2024-02-16
4407cb118e111000,238a336ea811dc5f,618.51,purchase,web,14,5,DE,False,12,0,2024-01-12
7ef07be6d10dcf95,0dc17c506a1ce18f,39.5,transfer,web,18,4,DE,False,8,0,2024-12-29
f055bb7a59052d5c,9160299cf45a5954,9.66,transfer,api,14,4,DE,False,13,0,2024-03-12
7575e851a8012672,ba6854b5e65567f3,76.6,payment,api,8,5,DE,False,27,0,2024-11-20
9675a859d6fbbb46,74f2f68548b3b883,135.48,payment,mobile,13,1,DE,False,2,0,2024-07-13
873ffc3215ea4713,cd57fcebe948e59f,105.05,transfer,mobile,12,1,DE,False,5,0,2024-05-17
5ae72d3f1c0b8ce3,697080d3446d0659,44.6,purchase,atm,8,2,CH,False,3,0,2024-10-26
89532097a069e4e4,1bcfd5947f39426e,144.45,payment,atm,19,0,DE,False,20,0,2024-11-18
e0333a724dbc5c5f,4a4756cc2cdaeaa0,233.59,refund,web,14,5,DE,False,22,1,2024-01-09
bf20054a6bf93f2b,ad322e7a390c0744,257.85,payment,mobile,11,3,CH,False,4,0,2024-09-28
2b897c420cc2850d,3a34da158180a2b2,40.14,refund,api,22,3,DE,False,13,0,2024-11-07
d20ae494cae30096,121110decabf1965,809.1,purchase,api,14,6,AT,False,25,0,2024-01-04
ed1d7c33554cbca7,4837f180d0eb561f,37.29,payment,web,12,2,DE,False,13,0,2024-06-19
491c13a06a844add,ccebfc7b59f7809a,27.74,purchase,mobile,16,5,DE,False,29,0,2024-05-20
dfc4554c7d8ee563,c848f2790122e6c2,89.76,purchase,api,11,0,DE,False,2,0,2024-10-03
e9d21c106c335393,d80291ff8a609246,133.86,purchase,mobile,10,5,DE,True,1,0,2024-11-28
12099104439a09c9,63686e65207e190f,454.46,transfer,api,2,3,DE,False,4,0,2024-04-02
317abfcd3fc76746,ea76132d9f572ff4,183.13,refund,atm,2,4,US,False,20,0,2024-03-27
1a555e954a028cf2,4a64fe624ae06538,285.39,transfer,web,7,5,DE,False,0,0,2024-02-05
27dcafadc7d4b095,cd99fa63c6194cc0,95.52,transfer,web,18,5,DE,False,5,0,2024-11-11
fce6a64d295574b4,ec7811d610b2961d,23.14,withdrawal,branch,18,5,DE,False,26,1,2024-11-15
f79839cca41778d0,63d18335b39fbaff,164.94,refund,api,21,1,DE,False,29,0,2024-07-12
e00ddffcd0934d0b,e9eb878f95923e75,339.67,withdrawal,mobile,22,1,FR,False,26,0,2024-03-07
402306671fd3ca16,a4390b8020481075,206.47,transfer,api,14,5,DE,False,6,0,2024-08-12
8af822d3505305ba,3889f99d1d1b1c92,105.73,refund,branch,13,6,DE,False,0,0,2024-10-26
a19c56e811cc9917,b0b6dd3d1297e56c,157.42,payment,branch,20,6,DE,False,6,0,2024-10-19
1c3130169b11668e,90d800f496e91751,34.54,refund,web,2,6,DE,False,29,0,2024-05-03
0f8a3bd9b1c4ceda,b2fdf2de15f490e9,22.12,refund,branch,11,5,DE,False,14,0,2024-02-07
b89c8bec68bdc155,ffeee34bbe241244,679.25,payment,branch,13,2,DE,False,13,0,2024-07-08
11c1d7230ddfed97,8dbd3dcbcede2453,27.03,payment,branch,2,3,DE,False,10,0,2024-11-08
c6c944bf179e0d0c,4885e4643962dea4,110.38,transfer,web,22,5,DE,False,26,0,2024-07-27
ccf4a860601c19f6,f042952598001d4d,122.02,transfer,web,16,2,DE,False,7,0,2024-01-13
5415f576979d7a69,023bed971c9205c8,116.68,refund,atm,13,6,CH,False,12,0,2024-07-27
5442e1fca236f69d,e7f8b23a62389cc1,73.03,refund,atm,14,0,AT,False,0,0,2024-03-21
27ce9c82ee4fa1d2,f1a71cf26fe20f2b,26.17,purchase,branch,10,2,DE,False,28,0,2024-06-21
94ac04c0dd3e770c,74f2f68548b3b883,59.39,payment,mobile,8,0,DE,False,25,0,2024-08-25
9bb17b200c1e7c8f,ce52540e7c6e8d1c,1066.46,transfer,branch,4,6,DE,False,18,0,2024-01-15
5b3060e36934ec59,a83327220e8416d4,361.0,transfer,web,5,6,DE,False,21,0,2024-01-16
8f20e14888f47b56,7f53cb886f1e2ff1,150.13,transfer,api,18,4,DE,False,8,0,2024-08-09
4e54fbd2c91900b8,448e54f978934d2e,47.78,payment,mobile,10,4,DE,False,22,0,2024-10-29
0d6e38ff2813ec5c,c2dfeb5991158ea3,41.69,refund,mobile,16,3,DE,False,29,0,2024-09-24
de605ff4a9aeb183,75d65b878316d8b6,52.36,withdrawal,branch,17,0,DE,False,26,0,2024-12-13
fb5d2a6ea3c13f06,f7af4dc3737fd9e4,45.42,withdrawal,branch,1,4,DE,False,17,0,2024-12-29
a13a6925db8d732a,e471fdaf173e9a5f,82.89,transfer,mobile,13,4,DE,False,22,0,2024-06-04
814b71c07cde187f,070840efbc93df0d,10.41,withdrawal,atm,14,2,CH,False,28,0,2024-03-10
88c6042f2681add6,79f31847f0a1fb1e,134.76,transfer,branch,10,3,FR,False,19,0,2024-03-31
74905d87363cdaac,0a46b465bfb2b2b8,39.89,purchase,atm,6,6,DE,False,8,0,2024-05-08
5df8d239041c675b,58fe4ef80ba65ab8,519.53,purchase,branch,16,6,CH,False,26,0,2024-03-22
59b264c11333c235,9a6c0061bbe97014,21.16,transfer,atm,0,6,CH,False,16,0,2024-02-07
9a3085643eaf9140,b08621aaed58ed30,110.59,purchase,web,23,2,US,False,4,0,2024-12-09
db578677cb7fa0eb,d160a2c8cadfb301,106.35,transfer,api,1,0,CH,False,3,0,2024-09-04
ff771f04c8e05565,9f0102c1e761f255,311.99,payment,api,5,4,DE,False,11,0,2024-02-27
4cfc8ae8072f352a,d0244b2e899ab6bc,124.62,purchase,web,21,6,DE,False,2,0,2024-07-31
e30093b64bdee1ce,600d2ea3ba44254f,235.51,withdrawal,branch,20,4,AT,False,4,0,2024-08-29
816e3462666d1593,148f5e94748afbcf,206.15,refund,mobile,0,5,CH,False,29,0,2024-09-05
2f6ed8030167259a,e6f577c090d9035b,101.62,refund,mobile,15,4,AT,False,1,0,2024-09-19
063973065a66b73a,f68f4bdc055c2fa3,35.76,transfer,atm,11,5,DE,False,21,0,2024-09-19
2f8241bbd50ac52b,a482af252c6703ed,161.57,payment,web,6,2,DE,False,10,0,2024-08-28
2a69145a01fe9c0e,701e668375016da9,14.94,withdrawal,atm,7,0,DE,False,3,0,2024-07-10
d7bcc24bf366d9a1,c58d0839909f773c,67.09,refund,mobile,7,1,US,False,19,0,2024-12-28
1d117b231b037a0b,f566318da79ba3a2,94.7,purchase,atm,1,3,DE,False,16,0,2024-01-24
1ea3078836527efc,487acc9ed4a526be,224.41,refund,api,19,3,DE,False,29,0,2024-01-12
72c5f2f27c4ea29b,ecbd219bc9e40207,360.56,withdrawal,mobile,15,3,DE,False,23,0,2024-09-09
419d00b0ea6fa6d3,719634f087c58b78,196.28,transfer,branch,2,6,US,False,1,0,2024-07-22
5da68b1167ebb8de,9ec68a9aa1445e62,48.67,transfer,mobile,12,1,DE,False,20,0,2024-10-24
d3bef2bb5fe155d8,5b528c377e06dea8,400.38,payment,web,2,1,DE,False,13,0,2024-11-02
43fa5c28871951a1,624fa59c72776852,13.26,refund,branch,18,3,AT,False,16,0,2024-03-29
ae2ccf1cc85e8c8d,d4a0f77033696654,68.47,withdrawal,web,13,6,DE,False,22,0,2024-09-09
c6e285d81c1d1ebc,03317b602209d5a0,27.96,transfer,web,4,3,DE,False,4,0,2024-06-30
d17b8820b8643b56,39ca2dc771d824bf,1503.8,payment,api,12,6,DE,False,25,0,2024-04-14
ab4985fe12d80b12,9346d0d6814428d4,27.74,transfer,api,8,1,DE,False,23,0,2024-08-17
f2b395c00205edac,ec2d062aff8a7a9f,47.88,payment,mobile,0,3,DE,False,16,0,2024-05-07
941143a5941626c6,2faecd2ea9af1b38,466.13,refund,branch,15,0,FR,False,16,0,2024-11-07
ec85a989967cf3f0,b4d5d08374e3b34a,102.0,transfer,atm,19,4,DE,False,18,0,2024-02-09
ba536c8248602139,a80ba8b8e4eff13f,84.48,refund,mobile,13,4,DE,False,5,0,2024-02-04
73256934caa9f9ec,a278a47b25db6b97,238.69,transfer,branch,15,2,DE,False,6,0,2024-10-13
b6955a47c21e2535,0469899baa19afb3,28.19,purchase,mobile,5,3,AT,False,5,0,2024-07-31
a57b402c60206511,6664780cf8339f06,79.03,payment,atm,4,6,DE,False,15,0,2024-12-11
d2db1313c293fd91,1b944f8ec429e26f,648.2,transfer,branch,12,3,DE,False,27,0,2024-09-24
87d18f8687104838,238a336ea811dc5f,21.78,withdrawal,web,7,0,AT,False,12,0,2024-01-23
e957c4c880623ba5,3efc9e32d7f15ec4,8.23,purchase,mobile,19,2,DE,False,23,0,2024-07-29
cbfe2d2d2d6b5467,d0244b2e899ab6bc,112.09,withdrawal,api,0,3,DE,False,13,0,2024-10-30
4bf350d201d623f8,3b522e0c4debdf10,450.12,transfer,branch,6,5,AT,False,7,0,2024-01-12
17e23281e7af948a,e09a386fb3c4160b,54.52,transfer,branch,0,1,DE,False,12,0,2024-04-03
00f7021bb9a13c25,d627159aece184f2,292.48,refund,mobile,14,6,DE,False,8,0,2024-09-25
1f7dec2f859797ea,7d3b0e86e95f0ad8,67.56,payment,atm,12,2,DE,True,14,0,2024-02-24
472d8e98caf1fb90,0a46b465bfb2b2b8,99.58,withdrawal,mobile,9,5,DE,False,22,0,2024-02-20
d691c2b2688a629a,81d95c143c333ee7,416.23,withdrawal,web,14,2,DE,False,9,0,2024-11-16
3ec5ec5841ac9461,ffbe9b8483bc47c7,522.8,payment,atm,17,6,DE,False,5,0,2024-02-01
2dc9ac01cc8fe429,5fa82ac52c1823ed,51.62,withdrawal,atm,23,2,DE,False,22,0,2024-08-06
7ccabc6e817c5e23,bd246b4341e55fef,24.52,withdrawal,branch,15,4,DE,False,4,0,2024-05-22
405c9b2a90106b3f,db996eb524714042,525.9,purchase,api,21,0,CH,False,23,0,2024-11-08
77fe8c83928c5b44,624fa59c72776852,379.2,refund,branch,3,2,DE,False,30,0,2024-02-29
0ba3fdb4263643c2,c70667064ebd7fff,11.17,purchase,api,14,6,DE,False,2,0,2024-03-29
7ba23d120a7f2ccd,2df30e5e5dd0ca06,92.75,payment,atm,8,2,FR,False,17,0,2024-05-31
fbeb3536b9c19a81,7bae829bc27e6ff4,585.82,withdrawal,atm,20,3,DE,False,1,0,2024-02-12
c3d5a2f8bdffd531,12c49e91ba41f800,31.51,payment,mobile,10,6,DE,False,7,0,2024-04-19
efcc4f8aa872aa27,a97be0a50ea38d7b,50.37,payment,branch,17,2,DE,False,29,0,2024-11-10
0ab6bb2eb4299454,305c43f9ac88e981,217.69,withdrawal,atm,2,0,CH,False,20,0,2024-02-16
d8ae60183b048075,3e042f9b7a6568c1,6.29,withdrawal,mobile,14,5,DE,False,20,0,2024-01-27
d0f3208d7f496297,3ecd8c40e835c185,97.86,withdrawal,branch,16,4,DE,False,19,1,2024-12-15
11f6e05c42a50bef,87923f6cb4a43c53,144.1,refund,atm,9,5,AT,False,3,0,2024-09-05
b7c1cd4cec80c12c,ef33a9a3135f3db9,392.2,payment,mobile,5,1,DE,False,17,0,2024-04-27
fcef769f90705b69,7e015b7901717851,76.45,refund,atm,11,2,FR,False,30,0,2024-11-20
0e73520dd874e5ff,23e537df4abbfd88,121.0,transfer,branch,11,6,CH,False,26,0,2024-07-29
994893b3abf44eed,70e5fb5880e41b74,96.44,transfer,mobile,19,5,DE,False,17,0,2024-02-17
c62cd9e2de767b25,1383c0e777d7e42a,216.82,withdrawal,branch,2,1,DE,False,3,1,2024-01-04
fe1358400f5aa0c1,ddec1d52a8577332,87.89,refund,mobile,3,6,DE,True,13,0,2024-09-19
f40048d26d46798e,51567c4b4d22a582,70.38,purchase,branch,21,2,DE,False,11,0,2024-06-18
d2f8d85ad2c97164,a38f7ac494b6d0a0,8.13,refund,atm,15,3,DE,False,22,0,2024-05-24
de9ed3c0871d6ab0,85607fb2f086c1c1,45.4,withdrawal,api,22,6,US,False,18,0,2024-11-04
8dcfec802831fad9,4ef34e24367ad7d4,175.0,refund,atm,19,4,AT,False,12,1,2024-04-20
61728dd25ac6a3ad,e7f8b23a62389cc1,7.65,payment,web,7,0,DE,False,16,0,2024-01-18
01ae53ce771694c8,6ee604a0b16c2ac5,27.68,purchase,branch,21,4,AT,False,17,0,2024-08-16
7bf537c23871da7e,63d18335b39fbaff,16.18,refund,web,0,3,DE,False,19,0,2024-09-10
277ec38a6ceef42a,7606fac68580d2c7,4.96,refund,atm,11,0,DE,False,1,0,2024-05-12
6fb53e81a09246c4,70a47eb6dcfc057c,20.68,withdrawal,branch,20,0,DE,False,20,0,2024-11-27
468701553c823b6d,26f42509cf5cde8e,34.13,withdrawal,mobile,20,3,DE,False,13,0,2024-10-12
929e83047fafc65f,81124da40b852087,41.74,transfer,api,12,5,DE,False,20,0,2024-04-29
4c059e6e8661f34c,c883193555c4b7ec,21.94,withdrawal,branch,8,6,DE,False,30,0,2024-05-31
7b7d333905d021f4,f7c3852fce1b8ff5,1122.43,payment,atm,9,0,AT,False,13,0,2024-05-21
d768908c77f3911b,97e43872adefea91,112.12,withdrawal,branch,7,4,DE,False,25,0,2024-12-15
9f0feb7806f8480c,d370bf88bb1fed68,11.92,payment,branch,15,0,DE,False,13,0,2024-05-03
498f564c62d1417c,61b8edd0c82a20ae,714.35,transfer,web,3,2,DE,False,25,0,2024-11-16
37556484b3c26a39,c281620ecc16e8ea,1194.53,transfer,branch,0,4,DE,True,6,0,2024-11-13
cf4d9bb7e44f71f3,686850852cf61235,62.49,payment,mobile,20,6,DE,False,17,0,2024-08-07
f4b103e9e0d3ca5b,651c548260d1130f,55.26,transfer,mobile,0,5,AT,False,12,0,2024-06-03
866da2408c334866,3ca015a11b3dab8b,85.18,withdrawal,mobile,4,2,DE,False,11,0,2024-01-15
36e9350a6a1b3d00,e63445ba373e1c9e,43.19,refund,web,9,2,DE,False,29,0,2024-06-18
f28b4ce78ccbf846,9ec68a9aa1445e62,48.86,purchase,atm,3,2,DE,False,4,0,2024-10-17
c38558a9d66376e9,70e5fb5880e41b74,414.87,refund,mobile,20,0,DE,False,21,0,2024-12-11
1a8829c8f7274b54,eaeb32f2bbc92cc0,49.16,purchase,api,6,1,DE,False,10,0,2024-02-29
b571ee60f6fded05,254969382f22011a,18.0,payment,branch,13,6,DE,False,0,0,2024-01-15
c2b7c171ca3c0edf,977c64cfba67295a,133.51,transfer,branch,17,5,DE,False,4,0,2024-07-07
f982d89a25dd4569,c71d88a3c296fdf2,1281.93,purchase,atm,8,6,DE,False,8,0,2024-05-07
5a1d1cdac4d0fccb,27e36276d98cabee,39.16,purchase,atm,18,1,DE,False,9,0,2024-12-17
819cbaa45e04295c,d708cdd5a1ab5147,1464.89,transfer,api,18,1,DE,False,8,0,2024-10-26
dc1a1f01f25605f8,97aef52e361eff46,31.36,purchase,branch,20,2,AT,False,13,0,2024-02-02
adc3ecd5e18720ff,de4ae09d9f2d9531,50.07,withdrawal,web,9,2,FR,False,12,0,2024-01-21
e39de0f7ff2fc832,989b641dee963b54,46.92,withdrawal,atm,11,4,DE,False,18,0,2024-11-21
b0b18d5d3f13b73d,65b92ffea23cd778,433.97,transfer,atm,15,3,DE,False,23,0,2024-06-27
3438d2f09a693536,271851a35dd63fe7,488.91,transfer,api,3,0,AT,False,2,0,2024-01-28
79e2b1d165787df6,2f6a7cc25b5c97ab,98.05,payment,mobile,3,6,CH,False,28,0,2024-11-27
a47eb74836da4110,124941d12cb83091,80.34,payment,api,14,1,CH,False,0,0,2024-11-22
a84184c87ea76a17,a2d85430341b11eb,159.46,transfer,mobile,3,1,DE,False,4,0,2024-02-18
27e5f90e433c9587,285ea4ca8c35e49e,4.31,refund,api,17,5,DE,False,28,1,2024-05-10
309e785a57e46737,276e5ae6c75a8b32,49.87,transfer,api,1,0,DE,False,13,0,2024-12-01
552d59e8c9671c81,12f047c9e326e9ad,55.56,transfer,branch,4,1,CH,False,7,0,2024-04-17
903828372576145d,a38f7ac494b6d0a0,40.12,withdrawal,atm,18,5,DE,False,22,0,2024-10-15
65199fa888c930e2,4d2ab5de3d01f17e,35.6,withdrawal,web,14,1,DE,False,2,0,2024-12-04
5b37726979c55b81,62152f503ed652ee,116.81,purchase,branch,5,3,DE,False,6,0,2024-01-21
5f13cd47fe469383,8afdb472cddbdb81,133.09,transfer,branch,4,2,AT,False,2,0,2024-01-20
1694f195d481983c,e471fdaf173e9a5f,248.67,purchase,atm,16,4,DE,False,4,0,2024-09-19
d063ea060bf38a79,97aef52e361eff46,115.11,payment,branch,16,2,DE,False,21,0,2024-04-15
f2cb14aac2b10a1e,148f5e94748afbcf,21.8,refund,branch,15,5,DE,False,0,0,2024-09-03
90fcf41878be7795,aa70cf27e477cd4e,125.09,refund,branch,15,6,DE,False,6,0,2024-03-03
1732de99341df68a,9add13dae81ea94f,148.26,withdrawal,web,2,1,DE,False,16,0,2024-03-30
a202700c3247cb76,6776e8e7006dfcf2,133.67,refund,branch,1,4,DE,True,4,0,2024-11-15
16537eb857f7be08,fec6726221782e14,164.07,withdrawal,web,8,4,CH,False,14,0,2024-05-30
9342f74978555dfb,f87bb15bd53e109e,125.53,payment,api,17,1,DE,False,0,0,2024-09-26
c16cb7041a21c8c6,cbcd85f91c7a29d6,309.61,transfer,mobile,0,3,DE,False,23,0,2024-02-03
0d121734378e6939,9d6b41bf80784c2d,63.87,withdrawal,mobile,19,0,DE,False,30,0,2024-03-11
42a70f258e489c4b,ada3958d08916f0f,174.28,refund,api,22,6,DE,False,23,0,2024-07-28
ecdc44b2adc786a9,bd246b4341e55fef,169.06,refund,branch,1,1,US,False,28,0,2024-11-25
f216a859d7dfd1ad,f87bb15bd53e109e,422.57,transfer,branch,6,0,DE,False,4,0,2024-06-25
d6cce0558a60b528,3f8912e52a75358c,209.81,withdrawal,mobile,20,3,DE,False,19,0,2024-04-30
b31850c219922123,88945f8b56dcf41d,38.86,payment,branch,23,2,DE,False,1,0,2024-05-30
06e06bfeefc6ebab,2df30e5e5dd0ca06,100.28,purchase,api,20,5,DE,False,7,0,2024-03-03
ea21b518a8930172,7f55f073111f191a,174.53,purchase,branch,6,6,DE,False,25,0,2024-07-18
503f603313eeba2b,fd8b048c9dcc4187,6.79,payment,branch,17,5,AT,False,14,0,2024-05-11
d7dd60a27c94c806,cf3ced1a30242c1c,23.32,withdrawal,api,19,4,DE,False,19,0,2024-03-15
51c213fc2971b937,7d3b0e86e95f0ad8,26.2,refund,atm,13,6,DE,False,6,0,2024-12-11
48f6cd5bfb8b14ff,54e8dabed420478c,18.13,refund,web,1,1,DE,False,21,0,2024-09-08
d2e2561aa58e78fe,207fe588bb4392c5,131.75,refund,atm,2,1,DE,False,11,0,2024-11-02
6d64e8ca6e2d84b9,2160957767334b7b,127.24,refund,mobile,20,0,US,False,20,0,2024-01-18
9943447eb05097e7,87a48f2a1473fa26,117.12,transfer,mobile,13,1,AT,True,30,0,2024-09-11
481e14192526bcb1,ccde1e88c9dacee8,234.24,purchase,web,20,3,AT,False,19,0,2024-07-25
b284ba3927c251a0,f6ccf81852a818b6,162.13,refund,web,22,1,DE,False,3,0,2024-01-15
9e3585c82170b89a,9f0102c1e761f255,23.47,refund,api,5,5,AT,False,7,0,2024-02-10
b343e400acb8c9ab,2cc5ecdf62ff6e89,42.53,transfer,web,16,6,DE,False,5,0,2024-07-30
37afc7414d320363,7cfe910d5ae635ea,78.73,payment,mobile,22,4,DE,False,7,0,2024-07-10
61a2390aa5133ae0,38d200e0e0f438ff,37.57,transfer,web,23,3,DE,False,29,0,2024-02-27
8a977a1ce5fdb4d9,7875d35007f73b07,51.76,purchase,atm,20,3,DE,False,15,0,2024-02-04
a725a02de57cb06b,81300e96b360deb4,50.66,transfer,atm,1,5,DE,False,2,0,2024-07-12
6d2510d5e48a5cb8,f68f4bdc055c2fa3,207.52,withdrawal,atm,10,4,DE,True,18,0,2024-02-02
c28c933a02505565,f4aebc96462e6b0f,31.43,withdrawal,web,12,0,US,False,13,0,2024-08-25
a0a54b333e7dc831,92d22d40618e5f53,124.96,refund,branch,19,6,DE,False,30,0,2024-04-24
b8ad6e2982713d95,567c594223514ff3,79.22,refund,api,11,1,CH,False,11,0,2024-02-03
554e70bffe13d410,6a168ae298a97d31,212.11,payment,mobile,3,2,DE,False,11,0,2024-05-15
166732161754907e,2cff3b0222aaf6d2,110.96,payment,api,15,0,DE,False,12,0,2024-10-11
dd705d3d086d0fa7,276e5ae6c75a8b32,351.4,payment,web,22,1,CH,False,4,0,2024-01-26
a6a4eaf21bf62c62,f042952598001d4d,237.81,purchase,web,1,5,AT,False,24,0,2024-08-29
d5d46e1f43fd9aba,a3bb335e7dd28a54,127.18,payment,mobile,9,4,AT,False,25,0,2024-10-31
ba8caeb44585be5e,a4f313d7c6e5b805,160.48,transfer,atm,11,3,DE,True,10,0,2024-09-06
fed749cf1bacfda9,174082e445371ba1,88.18,withdrawal,branch,9,4,DE,False,7,0,2024-05-14
d27733bf58386c8d,51567c4b4d22a582,62.68,payment,api,20,0,DE,False,19,0,2024-10-27
7ee8c93036fcfb1d,5f315e5c16f4d768,139.99,withdrawal,mobile,1,4,DE,False,26,0,2024-03-10
a3c14bae0408bbfd,c883193555c4b7ec,64.2,transfer,api,3,0,DE,False,19,0,2024-05-02
3fe8f95ad0ad6f1d,a186648bf6fd0472,17.87,withdrawal,branch,3,2,DE,False,30,0,2024-10-26
2f787bf57d8571b3,361aca729d2d0a42,552.36,transfer,api,1,1,DE,False,14,0,2024-09-23
44f2bbb4eca78ad0,0a5211e92314f9b4,95.42,refund,atm,1,3,DE,False,7,0,2024-01-11
63301d65ef89c29b,9351b9869bfd640b,52.35,transfer,atm,12,4,US,False,28,0,2024-12-28
74ff16da3860fe64,f9c769c2d2fa5c49,171.91,refund,api,15,0,DE,False,22,0,2024-03-18
29ff8961ba814a9b,aa70cf27e477cd4e,118.49,withdrawal,atm,15,3,CH,False,5,1,2024-01-25
d354a500217c8aeb,30888b723f760fac,55.65,refund,api,23,6,DE,False,13,0,2024-06-09
be2037ded835b89a,a09cd46d515e3168,211.54,payment,api,15,3,DE,False,5,0,2024-10-19
17e5c6404cc13509,dfa892259253e955,43.59,refund,web,4,5,DE,False,14,0,2024-07-16
d2d6d67222052df1,02cf0c5ce4fdbcb7,34.84,transfer,branch,4,2,US,False,29,1,2024-10-17
134095a427e5dd3f,c2417da8ecc86cd2,81.83,purchase,web,13,1,DE,False,28,0,2024-08-10
da979abaae465f91,ac1307fe013f478f,17.59,withdrawal,branch,10,3,DE,False,3,0,2024-01-04
e68d70848d604607,a981098a586ce8bd,334.4,withdrawal,atm,11,1,DE,False,0,0,2024-05-22
c290a52c8c1e1c1f,42aa2d0489c6df45,171.96,refund,branch,5,5,DE,True,20,0,2024-11-06
262615cd2fad26f2,c8c37fc4912b4fd6,36.36,transfer,atm,5,1,DE,False,28,0,2024-05-06
2b53ba3fc5e00a2f,8c725f3e249643b8,15.58,payment,branch,2,0,DE,False,30,0,2024-03-03
cda8a77611dc6cea,7f08e90a594767b7,42.72,transfer,api,6,4,DE,False,23,0,2024-05-13
7053b2bc8359aa22,53900e3fadc042d3,45.23,purchase,web,4,6,DE,False,6,0,2024-05-14
854c3cbc665a1504,7650e7960a7a4e2a,21.61,refund,branch,0,2,CH,False,28,0,2024-04-11
3e03392a1108ea25,297073f7a7ee6b4f,9.18,transfer,mobile,7,5,DE,False,29,0,2024-11-11
5ac53dce0e8216eb,6292e6c448e5f12d,43.88,withdrawal,api,23,5,AT,False,27,0,2024-11-11
6c1863a63052728f,fd57168b9f5ac39a,13.98,purchase,mobile,21,5,DE,False,1,0,2024-10-08
037306131a8e52f0,2f018d859cd898b5,355.28,refund,api,19,5,DE,False,2,0,2024-09-21
7ecd8df017b19277,d3e937a4fe997e9c,53.26,purchase,branch,8,3,DE,False,28,0,2024-04-11
ae682738c4b80133,b345e0b5da78665d,25.71,withdrawal,branch,1,2,CH,False,9,0,2024-09-28
89d6bef962a83603,fef4105014bf1d50,610.42,refund,web,19,1,DE,False,8,0,2024-04-19
4d271228963b3266,169437022249b28e,150.26,refund,api,7,4,DE,False,14,0,2024-02-28
229074cff484e14a,703456167a7acd17,215.77,purchase,branch,0,2,DE,False,3,0,2024-10-31
104af7d6299d47a3,1c0835fbe30d5c34,66.14,purchase,api,21,3,DE,True,1,0,2024-09-06
79dd0e886b17a502,b626377d5234383c,28.57,purchase,mobile,5,2,DE,False,2,0,2024-01-05
ebf12fbfb5fb7ac4,9777b4c1d1a06407,39.05,payment,mobile,22,4,DE,False,29,0,2024-10-11
aaa2902b7b3bab63,b7ab6a76332a3704,78.14,purchase,web,19,6,DE,False,18,0,2024-09-10
0d06458e418758ef,c50eda8600c290eb,165.06,purchase,api,10,5,DE,False,8,0,2024-04-16
e4692acd89b9c4e8,4ef34e24367ad7d4,89.22,transfer,mobile,1,5,DE,False,15,0,2024-10-25
75bafb0778d22072,f358e079224e09b4,195.82,withdrawal,branch,11,0,CH,False,0,0,2024-12-07
7fb726b9600ad77c,cc57238a136e920c,23.2,withdrawal,mobile,23,1,DE,False,23,0,2024-10-16
9d73118bcd12fae3,8042459bdf2374c9,68.63,payment,mobile,15,0,DE,False,14,0,2024-12-25
bc4ed9ffa2288df0,2f018d859cd898b5,6.7,refund,branch,3,3,DE,False,6,0,2024-10-07
acadfe31baf0dc4a,85607fb2f086c1c1,23.4,purchase,api,3,0,AT,False,20,0,2024-01-07
95153cd831172547,5d596698634b376f,100.92,transfer,web,3,5,CH,False,20,0,2024-06-22
7011ff092b0bfe1c,c8212eddae834ce8,134.62,withdrawal,atm,9,0,DE,False,18,0,2024-10-07
11ece415002db819,8c61369cacedb868,24.19,refund,web,3,0,DE,False,11,0,2024-01-21
d9284f0041c2b502,224fb9a274e0418f,18.97,payment,mobile,20,6,DE,False,23,0,2024-06-26
f9f9a09b97452e2a,4837f180d0eb561f,39.52,withdrawal,mobile,0,5,DE,False,8,0,2024-01-05
d3e71411ee11d04e,bd9181189c0df7c0,27.41,withdrawal,atm,0,4,DE,False,1,0,2024-09-27
3d1824ef5c9ab06f,ccd42e485671dcd6,2391.69,withdrawal,mobile,2,4,DE,False,9,0,2024-07-11
f851990cd8434920,20afa56bf367ac54,180.8,transfer,web,18,3,DE,False,16,0,2024-07-02
e38bef2563fd3e1d,15cf0c8a9792e50a,546.27,refund,branch,4,0,DE,False,14,0,2024-09-10
1e6a9d97c96ea83e,361aca729d2d0a42,21.56,transfer,api,8,4,DE,False,12,0,2024-01-05
57ab948dcbb48142,18f69bcd2f9cc9c3,80.21,purchase,branch,11,2,DE,False,7,0,2024-08-02
6b8f6e14ef9d4603,aa3b32f4bbac4e77,219.94,refund,web,11,3,DE,False,23,1,2024-11-07
b4bb6ae8c32c6d6c,977c64cfba67295a,75.84,transfer,web,0,1,DE,False,16,0,2024-03-03
7df73ac7e444fbc5,e89361e718e38b84,186.34,withdrawal,branch,12,2,US,False,27,0,2024-01-20
957bd5cd5a91a002,2cff3b0222aaf6d2,106.3,payment,mobile,15,1,DE,False,6,1,2024-02-17
344dc27491ac7185,901cca668dced61d,309.51,withdrawal,api,4,4,AT,True,22,0,2024-03-21
406762f6707b8eab,05994ecc6b269fd8,375.73,transfer,api,9,1,DE,False,24,0,2024-05-31
d53fd95d1e0bdd13,6bf2a2cffbf5c19d,18.76,purchase,branch,16,1,DE,False,7,0,2024-06-24
dcab86279c34b4c2,05773f537a4c7ed1,47.05,transfer,mobile,20,4,DE,False,25,0,2024-06-09
f5ea6e45878f21ec,a1afea0794aed73b,318.6,withdrawal,web,13,2,DE,False,6,0,2024-01-16
988ea124741e49df,52f2608f0fdfd28c,62.75,withdrawal,mobile,4,4,DE,False,24,1,2024-03-11
9a1b06f048062211,93102f8c8c50d21e,5.24,transfer,branch,21,0,DE,False,26,0,2024-03-11
fe3e2bf515541ebc,3f8912e52a75358c,90.63,purchase,web,21,1,US,False,0,0,2024-06-29
5f8f55031fc7ab5c,70e5fb5880e41b74,95.21,payment,branch,18,5,DE,False,20,0,2024-04-06
23fb3e52c593df61,6bf2a2cffbf5c19d,17.34,transfer,branch,15,1,FR,False,4,0,2024-10-06
ef6d36f3b80b8205,40795a3e29c51480,2826.51,purchase,mobile,5,4,AT,False,26,0,2024-12-26
1a3e39124a6782ac,876b001890d3aca4,21.53,purchase,atm,5,5,DE,False,24,0,2024-10-01
3b358e2afacb9036,ca1290690bd7ba4f,113.51,payment,api,1,4,CH,False,15,0,2024-06-17
614e80fc48ee6806,e89361e718e38b84,22.64,withdrawal,mobile,15,6,DE,True,29,0,2024-01-18
f447997ce2071874,14be3a476b56c6b3,167.2,purchase,mobile,17,3,DE,False,12,0,2024-03-05
192663440f53bb50,7f6ec6efeb9e17fd,84.63,refund,api,7,5,AT,False,30,0,2024-08-06
3af19dbf58fd32f4,def76f599c8e96a7,14.44,purchase,web,13,4,DE,False,18,0,2024-02-06
e4d4d0e7928efdcb,697dbb1da7fa8b85,24.12,withdrawal,atm,0,2,AT,False,9,0,2024-01-12
c7059204ff266c10,2c0e7544e635fc12,24.69,purchase,web,15,6,DE,False,28,0,2024-08-30
d6a62b8942504d2d,0b80468f1b1e962d,42.01,withdrawal,mobile,7,3,DE,False,0,0,2024-08-15
bf17847b9d8d5066,d4a0f77033696654,330.71,purchase,mobile,12,3,CH,False,3,0,2024-07-06
946b80593b7f1405,58ed68e151539877,90.22,payment,api,13,1,DE,False,29,0,2024-10-24
6e89ebd2b8bb7276,141beb494b8b7b27,642.31,withdrawal,mobile,4,2,DE,False,1,0,2024-04-12
e400a6a9e10b598b,4a178282c5ca18d1,39.44,refund,mobile,13,1,CH,False,9,0,2024-01-04
77e2f9b95bf8fa65,c883193555c4b7ec,61.24,refund,api,12,0,DE,False,14,0,2024-03-27
5a0712078cbdc9c8,5054f7ce5a98862d,57.15,purchase,branch,23,4,US,False,6,0,2024-12-22
9ce9bb126938be68,81300e96b360deb4,228.75,payment,web,14,0,DE,True,11,0,2024-01-20
7175c843390293d8,267e625565404acc,67.67,transfer,mobile,2,2,CH,False,25,0,2024-03-18
d039467bdfa7abe4,7a95d43b030bcb1f,370.07,purchase,api,13,3,AT,False,2,0,2024-06-02
848d1a695131436e,66240ca8805f0c13,536.1,purchase,branch,23,3,AT,False,22,0,2024-07-16
7698bf6c4ddb6df2,cf6a24668294f154,171.4,purchase,web,5,0,CH,False,19,0,2024-07-28
a23a6852b163af30,567693f9de40afdd,666.12,withdrawal,web,8,4,DE,False,12,0,2024-11-25
6cd4380f89d3555a,64080c50db039307,328.84,payment,web,11,5,DE,False,25,0,2024-03-31
57020bc251668001,5f315e5c16f4d768,350.77,refund,web,20,1,DE,False,17,1,2024-12-28
aa7c69b287155166,20f1826aa7875d0d,69.53,refund,mobile,6,4,DE,False,23,0,2024-11-16
dcdf96b3da8fee21,98189c1c1e585878,79.72,transfer,branch,6,6,DE,False,29,0,2024-06-11
a2656c74256f849a,b626377d5234383c,321.54,withdrawal,web,9,6,DE,True,28,0,2024-10-24
bc19abc69875abb0,df5a7d4e1e07dca3,34.67,withdrawal,mobile,21,1,DE,False,30,0,2024-08-25
57b07dd435070b49,7e015b7901717851,27.97,refund,atm,18,5,AT,False,16,0,2024-01-05
0eaf7a57ceb695cb,305c43f9ac88e981,93.98,payment,atm,4,0,DE,True,28,0,2024-07-30
77137cc7de0f05e2,567693f9de40afdd,105.38,payment,api,17,3,AT,False,11,0,2024-09-21
f0ddc6484ef7b732,d3654c09e096b5bd,80.29,payment,branch,20,6,DE,False,6,0,2024-08-28
96010d2cd72252d3,a8e77b8a8ffb5b81,70.48,transfer,mobile,18,3,DE,False,9,0,2024-09-03
2a4af8438366671a,1f874be6a0cb1c90,254.16,refund,api,17,0,DE,False,1,0,2024-12-16
0d4d19e4ddfa0d8e,6776e8e7006dfcf2,2.57,payment,mobile,0,4,DE,False,11,0,2024-07-23
d21c11231ea35285,6ad8a65f8b886422,45.55,refund,branch,1,6,US,False,25,0,2024-01-10
bf14046ae662af4c,db0324d7bf61efbe,81.06,payment,web,12,1,DE,False,2,1,2024-04-12
dcc2e754fed86300,8b531b21e41bc3a2,32.69,transfer,branch,17,0,DE,False,13,0,2024-09-17
f848186869fd8e4c,4aa210e4e90e7212,37.04,withdrawal,web,19,3,DE,False,25,0,2024-11-02
776c9a8498f12b61,bd9181189c0df7c0,45.62,refund,web,23,2,DE,False,5,0,2024-02-02
c5df739af5c61a39,6664780cf8339f06,110.32,purchase,branch,22,4,CH,False,16,0,2024-04-07
db463afc0e8faac5,009d36e0c5c629be,38.3,payment,api,11,0,DE,False,12,0,2024-10-05
d0a830ecd241cfd5,84a767726dc564b9,110.7,refund,branch,19,6,DE,False,16,0,2024-10-18
b1581f88693aa397,ce52540e7c6e8d1c,387.1,transfer,branch,22,4,AT,False,12,0,2024-01-17
a321eb7a62e67a50,a2f1ae70dbe7c06c,345.62,refund,branch,13,2,DE,False,27,0,2024-12-18
5b1e304cabfc5579,73a33dcdb368fef2,158.71,refund,branch,23,2,US,False,16,1,2024-01-27
f0019e2c310b21fc,f7599fffc0d52239,95.42,transfer,branch,9,0,AT,False,25,0,2024-07-06
9ce27ddeca98fd19,5c84c467820b3240,25.23,withdrawal,branch,17,4,DE,False,11,0,2024-03-29
e2736839c3c9789e,4ef34e24367ad7d4,30.24,payment,branch,22,5,DE,False,11,0,2024-11-12
22adffa741e379d9,a278a47b25db6b97,387.67,refund,mobile,12,0,DE,False,17,0,2024-02-01
db105fb31c680542,dd286cf412365357,641.17,refund,api,7,5,DE,False,6,0,2024-12-20
5d446be341c1d203,118f541bfed3be3e,15.5,withdrawal,web,2,6,DE,False,6,0,2024-02-15
1ad22e8769f695bd,76d068488532d560,22.73,transfer,web,12,1,US,False,21,0,2024-02-18
bcee1ba0185aa40e,3c67301ba053ad47,115.5,refund,api,4,5,DE,False,8,0,2024-01-09
e3dfafacbbcb1997,7f53cb886f1e2ff1,231.89,transfer,atm,9,3,DE,False,4,0,2024-08-07
3bf83416c9944fa0,70e5fb5880e41b74,27.35,refund,branch,12,6,DE,True,27,0,2024-03-08
84e0d908a7ec6791,c2ae9458e7377ef2,66.9,refund,api,2,1,DE,False,0,1,2024-04-23
1d5d2b3d6d2a12e8,27e36276d98cabee,77.14,purchase,web,19,6,US,False,21,0,2024-05-26
7ce1388cbaa0ef44,39b28406376154b3,80.33,transfer,branch,3,1,DE,False,17,0,2024-10-29
0acaa1a15f8e6437,3d4dab7a8ecbf677,37.5,refund,branch,11,6,DE,False,28,0,2024-05-03
beb19646b066ea48,7a6ad03248d611d3,98.87,refund,branch,4,2,DE,False,28,0,2024-12-30
56c8f95001d9951f,e5b1e41da4f5a0ef,46.81,transfer,branch,22,5,US,False,28,0,2024-05-02
8814efc1b70bdebd,d215733731d66368,325.07,transfer,api,0,5,DE,False,7,0,2024-06-20
b3d2a61826d7bfe1,09fc2bea655a24f6,43.0,purchase,atm,1,6,DE,False,16,0,2024-06-06
a755a04b26dddf33,4837f180d0eb561f,412.02,purchase,atm,10,4,CH,False,27,0,2024-01-27
8f605a2f6fe643a8,bb0c7a4d24a69dad,16.34,refund,api,2,5,CH,False,13,0,2024-01-21
2f2ac18dd9f96943,fcfa4a64ddbcd24d,118.01,withdrawal,branch,2,1,DE,False,26,0,2024-03-12
5dcc19279890c96c,ccebfc7b59f7809a,86.56,payment,branch,17,4,FR,False,4,0,2024-06-22
596f4aac8d9c9b33,cbcd85f91c7a29d6,61.8,purchase,web,14,1,CH,False,4,0,2024-01-09
953a6fa79ba29246,6679b69f9256d07b,354.03,transfer,web,12,4,DE,False,27,0,2024-09-12
5ac8c69d1441b87c,ef5f35f62ea79582,857.24,withdrawal,mobile,22,2,DE,False,0,0,2024-07-26
829395d524a18d06,513c87b51b9ca1fc,14.78,withdrawal,mobile,12,3,DE,False,28,0,2024-12-13
a35f2e109cde3758,54134e1b407907c1,97.62,transfer,web,6,3,DE,False,28,0,2024-08-10
868245610969f419,704d95a855bc1c1f,118.98,withdrawal,web,0,0,DE,False,19,0,2024-01-24
4ea10adbc79ee832,87dc8c4342f67013,370.36,purchase,mobile,12,2,CH,False,3,0,2024-08-21
56e87106fca4fc6c,5c03a23a3401daf8,61.68,withdrawal,atm,2,2,CH,False,7,0,2024-05-13
0e71adad41e3eb29,0c98212079c46664,34.74,withdrawal,mobile,20,2,DE,False,27,0,2024-06-10
54880686e3d1bd8c,789cca4466567bf5,437.81,withdrawal,branch,10,0,DE,False,21,0,2024-07-12
fd547a88b95c3802,f7c3852fce1b8ff5,31.92,transfer,api,21,4,DE,False,21,0,2024-10-20
1d0909f0c16e01fe,e0ff36e4a2450b1a,1474.62,withdrawal,web,22,6,FR,False,24,0,2024-12-27
f20bf8a86873d65d,a2ff8127a2edf96f,16.79,refund,web,21,5,DE,False,3,0,2024-12-05
946abe8d2ab9a9f9,1df807fa2247cd59,335.28,transfer,atm,4,0,DE,False,30,0,2024-12-19
2b73ffbe121e8d96,2c3888e2386d6cb4,93.26,transfer,branch,18,5,DE,False,17,0,2024-06-10
0227644a6e5c8e55,54e8dabed420478c,34.03,payment,api,18,3,CH,False,10,0,2024-08-10
f9317dd18faa3942,2709c6d24922d50e,65.34,transfer,web,14,4,DE,False,17,0,2024-12-10
ed1054ff1d8d45ab,455d12da511ab656,142.83,transfer,branch,13,3,DE,False,24,0,2024-03-23
